year,sex,AcuteHepatitis,AlcoholUseDisorder,AlzheimersDisease,AnxietyDisorder,Asthma,BipolarDisorder,BreastCancer,COPD,COVID19,CardiovascularDiseases,CervicalCancer,ChromosomalAbnormalities,ChronicKidneyDisease,ChronicLiverDisease,ColorectalCancer,CongenitalHeartAnomalies,CongenitalMusculoskeletal,Dementia,DiarrhealDiseases,DigestiveCongenitalAnomalies,DownSyndrome,DrugUseDisorder,EsophagealCancer,Flu,HPV,Hyperlipidemia,Hypertension,InterpersonalViolence,LowerRespiratoryInfections,LungCancer,MajorDepressiveDisorder,MaternalConditions,NeonatalEncephalopathy,NeonatalJaundice,NeonatalPretermBirth,NeonatalSepsis,NeuralTubeDefects,Obesity,PTSD,ParkinsonsDisease,ProstateCancer,ProteinEnergyMalnutrition,RoadInjuries,SelfHarm,TobaccoUse,Tuberculosis,Type1Diabetes,Type2Diabetes
2007,Female,0.004098270096622881,0.004662087675227388,0.0019052387633491674,0.04174067008096563,0.05117919009704548,0.003948124871808361,0.0023612606867094883,0.009562591218957738,0.0,0.04516606465634541,0.010826210428605999,0.0006318678396802268,0.07090400890811516,0.16605434758956583,0.0002087050576980741,0.0032655113229471885,0.0027563475183024454,,0.013071369963586245,0.0008934009830907329,0.0003324741289193535,0.005563005023165852,6.28606553336174e-05,,,,0.43931626061747786,0.03768572832591941,0.0012787811437138662,2.368330035649217e-05,,0.00221807325467359,0.0005842973997481933,0.0009669159450058654,0.007495619677836639,0.0016121116482125414,0.00019687356292797032,,,0.00013379163231155277,0.0,0.004409355464169292,0.009596899912777781,0.001298158891674075,,0.2944186394231788,0.0001363085867058054,0.028908277679058847
2007,Male,0.005967092460794316,0.02630614015198867,0.0009531561551511799,0.02942512107869573,0.039616268248454774,0.003563971248827509,5.0326580431645834e-05,0.010134705000282435,0.0,0.04014572802684673,,0.0010475189295755976,0.06303377646489443,0.21041847253946122,0.0001385463424077714,0.002718914453598938,0.0027749992974044763,,0.025838578026883243,0.0005976750339537305,0.00037907285069734643,0.008428692305130141,0.0001363548608285156,,,,0.3653591833546253,0.04172049300146598,0.0015575101651055868,4.6809399892021296e-05,,0.0,0.0008063950813490807,0.0009503868928820516,0.011675577260332427,0.0019536355199136174,0.0001976312886297656,,,0.0001913683450150152,0.0004859113067575071,0.005879160632724465,0.025552229382042876,0.001684837559314316,,0.32845549459715495,0.00013178534318783106,0.03249048674430374
2008,Female,0.004057854617791668,0.004725935486945211,0.0017198395389915145,0.04170725802237404,0.05129713355370589,0.003987718921071517,0.00220011373132486,0.00960538147606331,0.0,0.04559040283154574,0.009753821573307262,0.0006308177800136188,0.07176124186591651,0.16425320098660215,0.000190851633671474,0.0032585973383690682,0.0027525695594074104,,0.01271638040311922,0.0008833679055496388,0.000331803176987813,0.0056260386412918615,5.771777973164089e-05,,,,0.44158872366525465,0.03799516565246273,0.0012458675026556555,2.197563757987918e-05,0.023666640711146426,0.0022241912574868183,0.0006107016140657192,0.0009618535402233126,0.007382123456046375,0.0016408026365453787,0.00019593139948580508,,,0.0001370356999598422,0.0,0.004257327185086601,0.009752231470109474,0.001314198203594127,,0.2915630655198276,0.00013855226524164544,0.029923322138028605
2008,Male,0.005853856870135803,0.026560190997699146,0.0008917945874312934,0.029489876631633858,0.039592834300466825,0.0035996412647765494,5.066477134591548e-05,0.010160439219778154,0.0,0.04038373577500233,,0.0010438772037264798,0.06380193519714188,0.20829322047154444,0.0001377948264282491,0.0027189771840992988,0.002774307016766589,,0.025011677985097312,0.0005869207183055016,0.00037772650670263736,0.008551541937581033,0.0001327924700975362,,,,0.3652031191825846,0.04212776250923575,0.0015184459846479994,4.5818012119198597e-05,0.018615248317822672,0.0,0.0008430916782810175,0.000946457631945145,0.01155904302269339,0.0020183558706060646,0.00019624308920952472,,,0.00019388047125795587,0.0004853901025186533,0.005714533017848949,0.025765749227265194,0.0017012037206501393,,0.32571524619410797,0.0001340131560750208,0.0332839337085138
2009,Female,0.004026823643550689,0.004785385845085457,0.001743780500838837,0.041586912715348194,0.05140396702737651,0.00402499959784145,0.0021563752029864344,0.009713644776504214,0.0,0.046218131866530135,0.009448704957625247,0.0006294962140364846,0.07293311271412427,0.16301871453716701,0.00018446202409766325,0.003252567897893084,0.002747416497024518,,0.012414550215635922,0.0008722370158170794,0.0003309115055050321,0.005686916661134107,5.51862131533151e-05,,,,0.442937397714388,0.0382742290526164,0.0012249928477575665,2.1379505348565108e-05,0.021968055242529132,0.0022304624087944908,0.0006413580586820953,0.0009568087416729109,0.007290086251270425,0.001672550096966104,0.00019485770015351155,,,0.000140496358153063,0.0,0.004123057653225568,0.009898610889737673,0.0013319378235903622,,0.2881323189439691,0.00014066438044961675,0.03071086005708265
2009,Male,0.005761994437128426,0.026801050080219387,0.0009011076794016705,0.029499872614729184,0.03955099061054058,0.0036340637759622947,4.9991267857715625e-05,0.010223064394995178,0.0,0.04070332296450437,,0.0010402891367222067,0.06469804844839427,0.20680994220100793,0.00013436656004520676,0.0027189096632717564,0.002772622747659002,,0.02418935937709548,0.0005754351467201499,0.00037642719651930434,0.008670156783550846,0.000127225677626229,,,,0.36409528613561215,0.04251475156316213,0.0014882073765747374,4.400188665664168e-05,0.017343269924320153,0.0,0.000886063892411261,0.0009423988399819627,0.011472859217071783,0.0020868369658703905,0.00019465169580139207,,,0.0001965458052184019,0.00048398081527483496,0.005562417309530593,0.025959208781148997,0.001719151293740295,,0.322474062759704,0.00013616157573361962,0.03397163310798496
2010,Female,0.003995784507132211,0.004835197990877184,0.0017816342254012413,0.0414827440016275,0.0515216950782316,0.004059148883821236,0.002096289801509637,0.00985827322216705,0.0,0.046921228761778996,0.009024079035963499,0.000625667853307855,0.07421833711910011,0.16328073088598,0.00017736845603508043,0.003241752120402628,0.0027340672260997303,,0.012184213561920239,0.0008589251190056505,0.0003288331283832502,0.0057275911604392,5.2625466153632844e-05,,,,0.44348668897815957,0.03850110111628536,0.0012010828909612453,2.026242710066556e-05,0.02285489163059658,0.0022315697978612043,0.0006715053564224557,0.000951221113737521,0.007233642573216514,0.0016994521846367169,0.0001933870685931434,,,0.00014471478707276072,0.0,0.004020158387061495,0.010026705305067945,0.0013526921536761648,,0.2837521564935386,0.00014268076118621745,0.03149572502431885
2010,Male,0.005696374702394837,0.027141873169750513,0.0009154783664788272,0.029549201140807634,0.039503034225319526,0.003673033039779269,4.701433168938667e-05,0.010328950013053053,0.0,0.041124496879449114,,0.0010319152819837727,0.06570409630751,0.2073904272815442,0.0001237280314672528,0.002709678693715248,0.0027585544271629997,,0.023375837205406976,0.0005623882891734282,0.0003740915824331845,0.008763838436951856,0.00011522593330558608,,,,0.36182701000697404,0.042992323374710414,0.0014529616540837561,3.67403853812519e-05,0.01814780867489887,0.0,0.0009284468005639863,0.0009365858364336989,0.011410371356762926,0.0021414126582449088,0.00019241578134542993,,,0.00020061718761849094,0.0004691099873715716,0.005427804635926766,0.02621591846466294,0.0017448477366941802,,0.318658431301178,0.00013837785030607712,0.03472315595759628
2011,Female,0.003958295810168665,0.004873922069716045,0.0018189399516276464,0.04149022817772182,0.05100852794692588,0.004093228220642487,0.0020488375789096264,0.0099924414580133,0.0,0.04752850993543325,0.008657424434810329,0.0006177088154475659,0.07548853192036721,0.16396655918673483,0.0001721479453569003,0.0032331218437721926,0.0027162663253686155,,0.012035152840736175,0.0008382464156127584,0.0003238683583293446,0.005758238302172556,5.075910405049773e-05,,,,0.44336068406071255,0.038673078484146875,0.001170371305239676,1.973352093157473e-05,0.02291269840543338,0.002227457270239961,0.0007108238066194474,0.0009463972725381401,0.007247877138872232,0.0017234196716454787,0.00018747290030740303,,,0.00014868537139267932,0.0,0.0039767838257064305,0.010043191363908908,0.0013752545977374164,,0.2775121849100444,0.00014464851993108916,0.03219641615113207
2011,Male,0.005639800454550176,0.02748033755406127,0.0009291297970995944,0.02965593973421729,0.038909913144309916,0.003711883819814305,4.4169217940300386e-05,0.01042842034351016,0.0,0.04149352422450414,,0.0010202994866682984,0.06664718027016725,0.20839520210062762,0.00011397191992447593,0.0026976331817232537,0.0027394455332420816,,0.022531432680725418,0.0005467845328822662,0.0003698920011258128,0.008851385697686797,0.00010435596382561215,,,,0.35898626711078024,0.043346155173523554,0.001408052989713743,3.3230412839459455e-05,0.018305951985447894,0.0,0.0009861467500621329,0.0009308012658754446,0.011438596008509438,0.0021834454073235325,0.0001862398222105993,,,0.0002062257059254478,0.0004575867759317167,0.00534373572180553,0.026293325967190067,0.001773658895853967,,0.3131518680879024,0.00014054776660434818,0.035451887957545544
2012,Female,0.003883747114359515,0.004895777759330571,0.0018655692025788748,0.04147644004935796,0.04968794056982781,0.004120251550323888,0.002049390451710479,0.010140172329825012,0.0,0.04809104628109752,0.008551874386721836,0.000604485542752287,0.0768575240648319,0.16385527589774765,0.00017115778135375854,0.003222791780396865,0.0026918269790370607,,0.011938499905723186,0.0008072147731473866,0.0003156356445490242,0.005757104679863641,4.9898293095295723e-05,,,,0.44298484387858306,0.03874328243321256,0.0011287656237609267,1.9705253800657857e-05,0.02211227928400524,0.002206527940193739,0.0007665259224141272,0.0009417151241230991,0.007291751227334075,0.0017469409079625409,0.00017555991633514173,,,0.00015343999301579864,0.0,0.003950502398066749,0.00993297728630144,0.0014002174484410218,,0.26939205349261314,0.00014668760956686584,0.03292340958523542
2012,Male,0.005539660247688543,0.02779458304831585,0.0009474671751940665,0.029736938998208614,0.03762569630272185,0.0037481413988741967,4.295739369878062e-05,0.010549013097664022,0.0,0.04189759483322,,0.0010036751846717493,0.06768287770634639,0.20863404402521274,0.000109432708941924,0.002680765856651537,0.0027123502392109805,,0.02162878506674953,0.0005268394855249344,0.00036307029655919886,0.008910063888624113,9.849260716700907e-05,,,,0.3557344725932398,0.04352612751390738,0.0013477642221767295,3.162370598020553e-05,0.017795120378526756,0.0,0.001068373985523554,0.0009240125587140675,0.011504242200047105,0.0022177067436719602,0.00017471881671020148,,,0.000214895562531455,0.0004575690650703994,0.005266645616277582,0.026176140368341535,0.0018101909340932532,,0.3057742452726657,0.0001429024514858736,0.036295332310151446
2013,Female,0.0037983658804578158,0.00491022082590799,0.0019116373822643518,0.041583088368207025,0.04803452554032593,0.004147175759567598,0.002050279374849312,0.010284295481802413,0.0,0.048585448548726665,0.008426871110751636,0.0005895021331564576,0.07822599293784795,0.16365588578499135,0.00017056375822986966,0.003212331367599128,0.002664117908390431,,0.011854402358070164,0.0007725468573180154,0.0003062032136417495,0.005751244000355467,4.9167205392131605e-05,,,,0.4420950500304676,0.03877708430252262,0.001079530676870503,1.9666276406848345e-05,0.022119553940617858,0.002181482515424244,0.0008330989019851287,0.0009369576112839797,0.007348691958745039,0.001773830428578297,0.00016154196979204234,,,0.00015815901396115602,0.0,0.003931393769199594,0.009749427311666923,0.00142564681161369,,0.26042613285245136,0.00014876476550924734,0.033630258684070886
2013,Male,0.00542659626783494,0.028090947302163768,0.0009651720262697118,0.02991351577054718,0.03608382260751357,0.003784222689833723,4.116544199137124e-05,0.010662444031958929,0.0,0.04226187695431283,,0.0009852009322388227,0.06869478864535525,0.20867957424967548,0.00010316933957089883,0.002661888284886152,0.0026813966847269413,,0.02069028714668534,0.0005062155743715115,0.0003555720261674667,0.00896771326283588,9.165536513950079e-05,,,,0.3522491391137705,0.04356650180144166,0.001276775038194058,2.950604757322856e-05,0.01793295976836899,0.0,0.0011649388571068628,0.0009166460724516754,0.01158050060245425,0.002251213752396828,0.00016147525739862665,,,0.000224259932635023,0.00045313329666443313,0.00518737239593904,0.025919909707324957,0.001848633446137779,,0.29743834361484783,0.00014526843012910282,0.03711468951468953
2014,Female,0.0037279977419519593,0.00491517169187954,0.001973093631919937,0.041726726297344384,0.04663920554814793,0.004173055218123735,0.0020451628797693872,0.01046396874450909,0.0,0.049125705995277553,0.008254371806136949,0.0005761798655832429,0.07967879895855287,0.16387640120099203,0.00016941836777464373,0.0032052315784160484,0.0026406888131573028,,0.01175119647459934,0.0007419047807067749,0.0002975867063830807,0.005735527364764942,4.831599906064487e-05,,,,0.4415956100272454,0.03876704210624551,0.0010286443147301664,1.9515165323936356e-05,0.022129435682389315,0.002152532192122078,0.0009051802419309992,0.0009318498235646388,0.007410778243792598,0.0018085043233768533,0.00014928435533460464,,,0.00016396513693539238,0.0,0.003916019021698419,0.009567635045706726,0.0014506669744149777,,0.25164311170456427,0.00015073746431348793,0.03439787097648875
2014,Male,0.005332866147885703,0.028390757258648487,0.0009874757479094354,0.03006941124500909,0.034771547979045435,0.003823624165078514,3.89494231889624e-05,0.010808015386139411,0.0,0.04269102613489666,,0.0009682193937552989,0.06978130877635488,0.20937555570383004,9.542485761335062e-05,0.0026459082311133613,0.002654250843864356,,0.019735403524533335,0.0004888533665100253,0.00034869558878921166,0.009019361334611706,8.355658708632545e-05,,,,0.34866953250436017,0.04355100259502468,0.001204141010645756,2.6936711714045548e-05,0.01808774565759125,0.0,0.001265225726263759,0.0009083946034412792,0.011659122657526033,0.0022909717455389814,0.0001499270032508822,,,0.0002338623351171368,0.00044265054366997335,0.005113301759707358,0.02570663946242328,0.0018906764280014277,,0.28920071033871403,0.00014766454822791138,0.037972250672997844
2015,Female,0.0036845537012293768,0.0049173514528988655,0.002034832815774085,0.0418258021410025,0.046073077107403035,0.004198664708504033,0.002045325698537397,0.010659722071046804,0.0,0.04966385869970352,0.008102819786665235,0.0005673168185683573,0.08103899525132426,0.16498704143803075,0.00016828872051991538,0.003199431953477668,0.002621985313584187,,0.011594563401326726,0.0007214848933675671,0.00029170671336119084,0.005725823271047827,4.743541809917877e-05,,,,0.44073760309704,0.0387456380137412,0.0009776254986591242,1.96701397477142e-05,0.02215992269773952,0.0021281091466558238,0.0009770659603209916,0.0009260776943195631,0.007447312085268781,0.001853329640232748,0.00014251513105631677,,,0.00016961509737502067,0.0,0.003878118295463186,0.009449324547496663,0.0014727420621917391,,0.243956923843889,0.0001525725515116178,0.03516184465619198
2015,Male,0.005278476147298694,0.028673437990589693,0.0010101667830884134,0.03020551173142071,0.034186287899206365,0.0038620935578900064,3.693951586090363e-05,0.010968555562991523,0.0,0.043120626373483954,,0.0009553528032733842,0.070799581535503,0.2110586291265798,8.905064830983002e-05,0.0026342572971319693,0.00263319025508489,,0.01879671074809322,0.00047838314989439245,0.00034434112791544203,0.009063850478101041,7.661753758639596e-05,,,,0.345092960784836,0.04349718188771447,0.0011335687848949766,2.6667707505774707e-05,0.01825362693075381,0.0,0.0013592277310108664,0.00089974875803561,0.011697412017139877,0.0023428829178238552,0.00014363372823720798,,,0.0002411727953173169,0.00043380929339660796,0.005025010217778017,0.025605313747041638,0.001929672152919711,,0.2817866449192026,0.0001498768539578109,0.03873639468378137
2016,Female,0.0036454420051474944,0.0048893185094958875,0.0021047114925595465,0.04215559961143629,0.046191952248449734,0.0042231321770473335,0.0020987054953937228,0.010879020938399729,3.1364302704555207e-07,0.05018442671664689,0.008206465285627395,0.0005618915921179207,0.08238078021339536,0.16603031806521235,0.00017174491790645946,0.003197444363211365,0.0026078850487391697,,0.0110373935280194,0.0007084447803170275,0.0002879933197664456,0.005711701901530845,4.765035371971775e-05,,,,0.4394979282310238,0.03865789573075246,0.0009154866269839654,1.9987819932712716e-05,0.022181310311332633,0.0021075791354915824,0.0010740333030396342,0.0009185973406066714,0.007459713469271121,0.001948792332666568,0.0001398969540449566,,,0.00017592380793772787,0.0,0.003763927089698565,0.00937700516885189,0.0014889348097259477,,0.23708775631556905,0.00015439672425786332,0.035958618987041335
2016,Male,0.005218591507744962,0.028882182092731922,0.0010375341073762473,0.03043338377112355,0.03417548580228607,0.0038988815896756424,3.600508843887165e-05,0.01115626135958381,4.1210795631741866e-07,0.04360329375452161,,0.0009461637136395796,0.0718021928227783,0.2126866767308198,8.592386756222612e-05,0.0026290224953015207,0.002616125394433465,,0.017755756609932654,0.0004732244947250147,0.0003418706577425558,0.009081697665075853,7.245991122698654e-05,,,,0.3415444905111578,0.04327115859612859,0.0010516769567299727,2.5235662314506744e-05,0.018392843623029235,0.0,0.00147008848413762,0.000888232022262755,0.011696140968832142,0.0024451568492450176,0.0001412363072973007,,,0.0002463033203867491,0.00043540078913869825,0.0048845671259750275,0.025621715982095346,0.0019680692827276306,,0.27509816295370937,0.00015208263675488607,0.03949177337745015
2017,Female,0.0035885317176367493,0.004825868194857403,0.002173782747207772,0.042463551021524,0.04635603978830734,0.004247490183212358,0.0021999363915484347,0.011114433878345818,1.066765881719286e-06,0.05063160406350324,0.008475958468589442,0.0005568944663320214,0.08372719048647152,0.16634959212195302,0.00017854867708591872,0.003199161579748391,0.0025939927480148374,,0.009984619193526927,0.0006960834517676934,0.0002845565197688888,0.005697004801129216,4.8817051260491434e-05,,,,0.4381059398744806,0.03847754340763403,0.0008388456175150142,2.0861756127705484e-05,0.022191914023234373,0.002088705438226549,0.0012050631084203293,0.0009094285728039116,0.007462943747805473,0.0021020283629752693,0.00013763229901446808,,,0.00018244867275342793,0.0,0.003574824792281885,0.009305009474527622,0.0015004763705427772,,0.23025867068525618,0.0001563757615120832,0.03679654223418919
2017,Male,0.005108440562489731,0.028992758451373127,0.001064542577781979,0.030590627410554922,0.03419439797085373,0.003935624955186908,3.673136987453465e-05,0.011341683710609871,1.4018722412553252e-06,0.044059511525613416,,0.000937735584299958,0.07273110743880186,0.2132349900252097,8.809586985421566e-05,0.002627081154026782,0.002596805771414891,,0.016594957126783435,0.00046888205601680654,0.0003397413010938685,0.00908896669739016,7.28128731582602e-05,,,,0.3380900348305817,0.04279760595289175,0.0009519755618342217,2.5754251863604802e-05,0.018517922251775263,0.0,0.0016098086290229393,0.0008735234332803863,0.011671402036985865,0.0026026888437999693,0.00013920104690153066,,,0.0002490680337259905,0.0004563279799884447,0.0046852671646421306,0.025638360488233543,0.0020062588322340463,,0.2684446119808666,0.0001544476213335265,0.04024096578338366
2018,Female,0.0035203690739380815,0.004760928590075814,0.0022490506716589666,0.042667889784194266,0.046547882921900166,0.004278418599865826,0.0023179737612791587,0.011389002696821195,1.977009501060326e-06,0.051147004475211304,0.008706717479495332,0.000551417911706472,0.08523517002885746,0.16687981679851033,0.0001856906117656025,0.0031980545174049298,0.0025761481303791037,,0.00878813958795516,0.0006839584809241756,0.0002810543855492423,0.005690967296681161,5.015249546304268e-05,,,,0.4368283208009869,0.0383060713157285,0.0007642761301445928,2.182629333853725e-05,0.022241195764563987,0.0020727028880342248,0.001339407970612376,0.0008991405659337067,0.007449638302098372,0.002264862929773059,0.0001355751437362015,,,0.00018949889660980322,0.0,0.003374614587323655,0.009283208710119667,0.0015140865971932339,,0.22404386071005425,0.00015854341767981156,0.03774197118576398
2018,Male,0.004980405030739542,0.02908582086715802,0.0010930994622581486,0.030662212520292012,0.03422549130752478,0.003974647324004496,3.8620835856506845e-05,0.011550969868073071,2.596038416562226e-06,0.04457200710462562,,0.0009293189262354113,0.07369721268278719,0.21377071111759982,9.397620205577026e-05,0.0026260036232177413,0.002575263328650561,,0.015478832260045938,0.0004650867509688043,0.00033769333223386945,0.009094393088988404,7.675823012880684e-05,,,,0.33515473394981005,0.042274780993356895,0.0008565864296561598,2.7405537911403136e-05,0.018652122320559277,0.0,0.001750354388837033,0.0008581369759935815,0.011629352564155206,0.0027709672956579045,0.0001374943184311402,,,0.0002510365700641674,0.0004917259139446633,0.004482671911910918,0.02574175260480216,0.002047686117519407,,0.2620801260082905,0.00015690251095880594,0.041059485725689
2019,Female,0.003460872143012417,0.0047121722418435675,0.0023229225282174093,0.04303233734175001,0.046735907804230654,0.0043087836487602695,0.002442139953324148,0.011656743994452413,2.7500272061133154e-06,0.051657919014414085,0.008922818066040887,0.0005463264011231456,0.08669387578518639,0.16777556769026913,0.00019294372458339082,0.0031949658511358594,0.002559324385831548,,0.007807186200992848,0.0006742851985481209,0.00027795652758753073,0.005687678330033256,5.134211954901338e-05,,,,0.435560957853842,0.03817756508331187,0.0007077845364772987,2.2852049000919063e-05,0.024073864863482484,0.002056539978250067,0.0014479958260736612,0.0008901332497893482,0.007433728471862363,0.00239329703963251,0.00013397118870107013,,,0.00019632359561112377,0.0,0.0032430097560657008,0.00932531383000085,0.0015289966913227954,,0.2186740562514447,0.00016064092839656777,0.03865582179183584
2019,Male,0.004863703424112925,0.0291703710088997,0.0011210503181707339,0.030643022737069387,0.034265156239444775,0.004012690428673464,4.0074412811018614e-05,0.011750551367497891,3.6099503477044237e-06,0.04509003161504856,,0.0009215754266102405,0.07464083603327792,0.21470624220679632,9.85414794914055e-05,0.0026244984106440273,0.0025550377015449103,,0.014575951398084812,0.0004619573826685644,0.0003358286612610057,0.009101832609550671,7.958823918017503e-05,,,,0.3323135296786536,0.04181424231609712,0.0007857663480589599,2.8764391165315682e-05,0.020294793051511443,0.0,0.001864616600045657,0.0008452822157738994,0.011584223748717183,0.0029073259594272773,0.00013618872682590218,,,0.0002532938737593411,0.0005213790780618483,0.00433581416836642,0.025927144249466894,0.0020883032073376784,,0.2561089164522423,0.0001592651839210267,0.04186196593322967
2020,Female,0.0034191606447582204,0.004707752081808031,0.00237843011717532,0.055385894730856006,0.04679644493374101,0.004338026262896414,0.0026845613317767847,0.011829990808883266,0.04550254387529108,0.05201127294670238,0.009333602392912236,0.0005414661433628361,0.08776668345922631,0.1695478103110302,0.00021136980460501647,0.0031840740789835483,0.002540713620762043,,0.007378460891366375,0.0006670660208115434,0.00027518217369292653,0.005699395323014721,5.776822667972424e-05,,,,,0.03817391665857393,0.0006833987251864898,2.5876546493365966e-05,0.03282098822127169,0.0020443504490219974,0.001499685854121853,0.0008831607318493082,0.007421088265655938,0.0024391543279252926,0.0001327164249312586,,,0.00020133248102704264,0.0,0.0032093600648011103,0.00941789123048517,0.0015448927933169538,,0.21429945322054886,0.00016240022685486686,0.03930443801225422
2020,Male,0.004783808891065599,0.029288492646646503,0.0011351850891679908,0.039430836918438676,0.034207447602215446,0.004045225512540797,4.186625346115069e-05,0.011851929552904086,0.0394684294993481,0.04542271661922472,,0.0009127426469250355,0.07527446948008491,0.21810275394961037,0.00010442169237282344,0.002616176188962082,0.0025334275767997815,,0.01402823258199962,0.00045861095615932736,0.0003334885130525794,0.009115640063077355,8.590394259582029e-05,,,,,0.041528073984986584,0.0007577081143008492,3.126529874489499e-05,0.02797873244954802,0.0,0.0019217208985159175,0.0008363493669768117,0.011515504900777502,0.002962787626411032,0.00013505917070026144,,,0.00025478021988687815,0.0005635731312545923,0.004263491469035902,0.026122161446312436,0.0021222246057116248,,0.2502321129624203,0.0001611665376907435,0.042423823088358875
2021,Female,0.0033217446182677484,0.004762616740360875,0.0024277701694542585,0.056872262006233215,0.04682922830087118,0.0043668316155042975,0.0027791040260119228,0.011946953062255775,0.09086105547096666,0.05229294435201457,0.009296066697817067,0.0005420185580430597,0.08863789386660242,0.1689141108171158,0.00021602634965961368,0.0031561814145047024,0.002530352357422666,,0.007629759063124847,0.0006698436268738333,0.0002784107264817746,0.005747180947009433,5.88853143613221e-05,,,,,0.038324301008848566,0.0007079627630299667,2.7091954209381085e-05,0.03419972430350118,0.0020266384415923862,0.001507021637141569,0.0008797660998585724,0.00744101215070087,0.002413317604893164,0.0001339111169633281,,,0.00020475477165232588,0.0,0.0031703940887445495,0.009554037848236387,0.001576181095143779,,0.21133247921421305,0.00016427721020784473,0.03987453041838948
2021,Male,0.004603109859851165,0.029391412919842822,0.0011478447581269135,0.04019025416626338,0.03420173018541572,0.004077603447954151,4.20201692353415e-05,0.011910752958284292,0.07907070955125389,0.045744807495309854,,0.0009074149524112672,0.07595153165174039,0.21477487884205143,0.00010554338357883078,0.0026040162929741525,0.0025159674092357464,,0.01378062597674937,0.000462866548670295,0.0003346349410823052,0.00915863516467944,8.692034277160212e-05,,,,,0.041417240020726144,0.0007970485719411887,3.268051547199506e-05,0.029362079607045947,0.0,0.0019380613590668002,0.0008333978049861618,0.011520560136675342,0.002965564744067451,0.00013560503428408356,,,0.0002592755743322769,0.0005515637805484306,0.004183424683700919,0.026669910242616085,0.0021591709930597657,,0.24512398002815947,0.00016321720143228882,0.043027876322617904
2022,Female,0.003233187603295502,0.004811821860545511,0.0024899691240906257,0.05856040814065838,0.04693334714329262,0.004390321751304631,0.0029704697807253068,0.012088479577548581,0.08800131389397596,0.05270441888317468,0.009807710847795746,0.0005457802358480987,0.08953077742871186,0.16787887257944387,0.00022902144865604479,0.003135813219493071,0.0025301848520964338,,0.007972957756644831,0.0006752710858493879,0.00028385837509387854,0.005779410122404839,5.971360496436641e-05,,,,,0.038481131650945556,0.0007394215054594653,2.814205969713867e-05,0.03372895711532727,0.0020041592666048325,0.0015102852594088142,0.0008782594946710781,0.007465360333803396,0.0023904996946873553,0.00013548881209446846,,,0.00020846934872405644,0.0,0.0031539088333674466,0.009587285603599298,0.0016079321339104115,,0.20835900001170138,0.00016617526938492977,0.04049212027840533
2022,Male,0.004449291603514836,0.029393905291207313,0.0011725920199507794,0.04105252772088304,0.03434510715268792,0.004101349576723477,4.492719489418547e-05,0.012025129729368759,0.0794274091464509,0.046223493309741154,,0.000908404942422282,0.0767137911536459,0.21543475963832803,0.0001121150981915061,0.002600179575473733,0.0025115208048424906,,0.013735152313018079,0.000468998616248023,0.00033844967258937146,0.009180182926586048,9.043392465583945e-05,,,,,0.04144737130817459,0.0008420939612269738,3.364196500212332e-05,0.02880621146458415,0.0,0.001951464294592909,0.0008337180317945169,0.011574759818111523,0.002971901617155865,0.00013666493383874862,,,0.0002662848200133084,0.0006376532204391413,0.004202579016454838,0.026488050311994044,0.0021947016842182704,,0.24015582087305432,0.0001652802391920043,0.04376396874853542
2023,Female,0.0031749014073661447,0.004733845287327518,0.002558744406090836,0.07069815276141672,0.04707570347892069,0.004413755141362936,0.002992324681172837,0.012362135491651436,0.06362277590145009,0.05336163210778194,0.00973146880459207,0.0005455041252084947,0.09051676980382113,0.1687348951154641,0.00022878077102543432,0.003134168607953521,0.0025260599404531418,,0.008093379150976434,0.0006732680807291127,0.000284430661966593,0.0057616147440955135,5.982549734164386e-05,,,,,0.03809560469720917,0.0007438990345019672,2.7928193754339478e-05,0.03443466910811872,0.00197772272717812,0.0015201953110172942,0.0008753851314461746,0.007450970470167514,0.002398381454558949,0.00013493859088768825,,,0.00020871075338818707,0.0,0.0031397487935229005,0.009646213386424907,0.0016258504932523561,,0.20245470430646195,0.00016809796368323185,0.041504772328214014
2023,Male,0.004450497718249468,0.029411549061031876,0.0011965667852047448,0.04970022760356265,0.03442571955823656,0.004125452520376794,4.5112753705435856e-05,0.012229282873021049,0.060444298890698536,0.04698634343376073,,0.0009088085747982353,0.07729025927195657,0.214375915804258,0.00011222521403206717,0.00260115877988726,0.0025111824468127377,,0.01408136414830849,0.00046785888714748084,0.00034002372671738034,0.00917011574576232,8.995929002971633e-05,,,,,0.041725036559991394,0.0008461463420059765,3.327106624672003e-05,0.029625780546552,0.0,0.00196789398736518,0.0008322143217492075,0.011553382993003833,0.0029833328211888188,0.0001362989850110505,,,0.00026779289830227885,0.0006403299151073183,0.004186661530705494,0.026696497033507436,0.0022334472079944376,,0.2336237563640755,0.00016737656905694114,0.04496888251967321
