Time,AgeGrp,ASFR
1950.0,15,63.09
1950.0,16,101.74
1950.0,17,143.22
1950.0,18,185.21
1950.0,19,224.95
1950.0,20,261.03
1950.0,21,286.75
1950.0,22,301.82
1950.0,23,308.64
1950.0,24,308.6
1950.0,25,304.99
1950.0,26,299.39
1950.0,27,292.53
1950.0,28,284.91
1950.0,29,277.78
1950.0,30,271.78
1950.0,31,265.23
1950.0,32,258.03
1950.0,33,248.12
1950.0,34,235.76
1950.0,35,222.91
1950.0,36,212.43
1950.0,37,200.8
1950.0,38,187.81
1950.0,39,174.66
1950.0,40,163.23
1950.0,41,144.02
1950.0,42,119.88
1950.0,43,95.41
1950.0,44,72.2
1950.0,45,49.41
1950.0,46,34.81
1950.0,47,23.95
1950.0,48,16.36
1950.0,49,10.0
1951.0,15,63.2
1951.0,16,101.83
1951.0,17,143.24
1951.0,18,185.11
1951.0,19,224.73
1951.0,20,260.74
1951.0,21,286.4
1951.0,22,301.41
1951.0,23,308.17
1951.0,24,308.06
1951.0,25,304.4
1951.0,26,298.76
1951.0,27,291.89
1951.0,28,284.28
1951.0,29,277.17
1951.0,30,271.21
1951.0,31,264.69
1951.0,32,257.53
1951.0,33,247.65
1951.0,34,235.31
1951.0,35,222.48
1951.0,36,212.02
1951.0,37,200.41
1951.0,38,187.44
1951.0,39,174.32
1951.0,40,162.91
1951.0,41,143.74
1951.0,42,119.64
1951.0,43,95.21
1951.0,44,72.03
1951.0,45,49.26
1951.0,46,34.69
1951.0,47,23.86
1951.0,48,16.29
1951.0,49,9.95
1952.0,15,63.31
1952.0,16,101.86
1952.0,17,143.1
1952.0,18,184.73
1952.0,19,224.18
1952.0,20,260.1
1952.0,21,285.69
1952.0,22,300.64
1952.0,23,307.35
1952.0,24,307.17
1952.0,25,303.45
1952.0,26,297.78
1952.0,27,290.89
1952.0,28,283.29
1952.0,29,276.21
1952.0,30,270.3
1952.0,31,263.82
1952.0,32,256.71
1952.0,33,246.87
1952.0,34,234.57
1952.0,35,221.77
1952.0,36,211.35
1952.0,37,199.77
1952.0,38,186.84
1952.0,39,173.77
1952.0,40,162.4
1952.0,41,143.29
1952.0,42,119.25
1952.0,43,94.89
1952.0,44,71.78
1952.0,45,49.05
1952.0,46,34.54
1952.0,47,23.74
1952.0,48,16.2
1952.0,49,9.89
1953.0,15,63.52
1953.0,16,102.01
1953.0,17,143.09
1953.0,18,184.49
1953.0,19,223.78
1953.0,20,259.65
1953.0,21,285.22
1953.0,22,300.15
1953.0,23,306.82
1953.0,24,306.57
1953.0,25,302.79
1953.0,26,297.06
1953.0,27,290.14
1953.0,28,282.54
1953.0,29,275.49
1953.0,30,269.62
1953.0,31,263.19
1953.0,32,256.11
1953.0,33,246.3
1953.0,34,234.03
1953.0,35,221.26
1953.0,36,210.86
1953.0,37,199.31
1953.0,38,186.4
1953.0,39,173.36
1953.0,40,162.03
1953.0,41,142.96
1953.0,42,118.97
1953.0,43,94.66
1953.0,44,71.59
1953.0,45,48.89
1953.0,46,34.41
1953.0,47,23.65
1953.0,48,16.12
1953.0,49,9.84
1954.0,15,63.81
1954.0,16,102.27
1954.0,17,143.22
1954.0,18,184.41
1954.0,19,223.58
1954.0,20,259.44
1954.0,21,285.0
1954.0,22,299.93
1954.0,23,306.56
1954.0,24,306.25
1954.0,25,302.39
1954.0,26,296.61
1954.0,27,289.65
1954.0,28,282.05
1954.0,29,275.01
1954.0,30,269.18
1954.0,31,262.79
1954.0,32,255.74
1954.0,33,245.96
1954.0,34,233.7
1954.0,35,220.95
1954.0,36,210.55
1954.0,37,199.02
1954.0,38,186.13
1954.0,39,173.11
1954.0,40,161.81
1954.0,41,142.76
1954.0,42,118.8
1954.0,43,94.51
1954.0,44,71.46
1954.0,45,48.76
1954.0,46,34.31
1954.0,47,23.57
1954.0,48,16.06
1954.0,49,9.79
1955.0,15,64.15
1955.0,16,102.62
1955.0,17,143.48
1955.0,18,184.51
1955.0,19,223.6
1955.0,20,259.47
1955.0,21,285.05
1955.0,22,299.99
1955.0,23,306.58
1955.0,24,306.2
1955.0,25,302.27
1955.0,26,296.42
1955.0,27,289.43
1955.0,28,281.81
1955.0,29,274.79
1955.0,30,269.0
1955.0,31,262.64
1955.0,32,255.61
1955.0,33,245.84
1955.0,34,233.59
1955.0,35,220.83
1955.0,36,210.44
1955.0,37,198.91
1955.0,38,186.03
1955.0,39,173.01
1955.0,40,161.73
1955.0,41,142.7
1955.0,42,118.74
1955.0,43,94.45
1955.0,44,71.4
1955.0,45,48.68
1955.0,46,34.24
1955.0,47,23.51
1955.0,48,16.01
1955.0,49,9.75
1956.0,15,64.5
1956.0,16,103.03
1956.0,17,143.88
1956.0,18,184.82
1956.0,19,223.87
1956.0,20,259.77
1956.0,21,285.37
1956.0,22,300.3
1956.0,23,306.86
1956.0,24,306.41
1956.0,25,302.41
1956.0,26,296.5
1956.0,27,289.47
1956.0,28,281.84
1956.0,29,274.82
1956.0,30,269.05
1956.0,31,262.71
1956.0,32,255.7
1956.0,33,245.93
1956.0,34,233.67
1956.0,35,220.9
1956.0,36,210.51
1956.0,37,198.97
1956.0,38,186.09
1956.0,39,173.07
1956.0,40,161.8
1956.0,41,142.76
1956.0,42,118.78
1956.0,43,94.47
1956.0,44,71.4
1956.0,45,48.63
1956.0,46,34.2
1956.0,47,23.47
1956.0,48,15.97
1956.0,49,9.72
1957.0,15,64.9
1957.0,16,103.53
1957.0,17,144.4
1957.0,18,185.3
1957.0,19,224.35
1957.0,20,260.3
1957.0,21,285.93
1957.0,22,300.87
1957.0,23,307.39
1957.0,24,306.87
1957.0,25,302.79
1957.0,26,296.82
1957.0,27,289.75
1957.0,28,282.09
1957.0,29,275.07
1957.0,30,269.32
1957.0,31,263.0
1957.0,32,256.0
1957.0,33,246.23
1957.0,34,233.95
1957.0,35,221.15
1957.0,36,210.75
1957.0,37,199.2
1957.0,38,186.3
1957.0,39,173.27
1957.0,40,162.0
1957.0,41,142.94
1957.0,42,118.93
1957.0,43,94.57
1957.0,44,71.46
1957.0,45,48.63
1957.0,46,34.19
1957.0,47,23.45
1957.0,48,15.94
1957.0,49,9.7
1958.0,15,65.41
1958.0,16,104.15
1958.0,17,145.04
1958.0,18,185.87
1958.0,19,224.92
1958.0,20,260.97
1958.0,21,286.67
1958.0,22,301.64
1958.0,23,308.14
1958.0,24,307.55
1958.0,25,303.39
1958.0,26,297.34
1958.0,27,290.21
1958.0,28,282.52
1958.0,29,275.5
1958.0,30,269.77
1958.0,31,263.46
1958.0,32,256.47
1958.0,33,246.68
1958.0,34,234.37
1958.0,35,221.55
1958.0,36,211.12
1958.0,37,199.55
1958.0,38,186.62
1958.0,39,173.58
1958.0,40,162.31
1958.0,41,143.21
1958.0,42,119.15
1958.0,43,94.74
1958.0,44,71.56
1958.0,45,48.66
1958.0,46,34.2
1958.0,47,23.44
1958.0,48,15.92
1958.0,49,9.68
1959.0,15,66.0
1959.0,16,104.86
1959.0,17,145.76
1959.0,18,186.51
1959.0,19,225.57
1959.0,20,261.74
1959.0,21,287.55
1959.0,22,302.58
1959.0,23,309.07
1959.0,24,308.4
1959.0,25,304.15
1959.0,26,298.01
1959.0,27,290.81
1959.0,28,283.09
1959.0,29,276.05
1959.0,30,270.35
1959.0,31,264.05
1959.0,32,257.07
1959.0,33,247.26
1959.0,34,234.92
1959.0,35,222.05
1959.0,36,211.6
1959.0,37,200.0
1959.0,38,187.04
1959.0,39,173.97
1959.0,40,162.7
1959.0,41,143.56
1959.0,42,119.43
1959.0,43,94.95
1959.0,44,71.7
1959.0,45,48.71
1959.0,46,34.22
1959.0,47,23.45
1959.0,48,15.91
1959.0,49,9.67
1960.0,15,66.62
1960.0,16,105.62
1960.0,17,146.54
1960.0,18,187.21
1960.0,19,226.28
1960.0,20,262.6
1960.0,21,288.52
1960.0,22,303.61
1960.0,23,310.09
1960.0,24,309.35
1960.0,25,305.0
1960.0,26,298.77
1960.0,27,291.5
1960.0,28,283.73
1960.0,29,276.69
1960.0,30,271.0
1960.0,31,264.72
1960.0,32,257.74
1960.0,33,247.91
1960.0,34,235.53
1960.0,35,222.62
1960.0,36,212.14
1960.0,37,200.51
1960.0,38,187.52
1960.0,39,174.42
1960.0,40,163.14
1960.0,41,143.94
1960.0,42,119.75
1960.0,43,95.19
1960.0,44,71.87
1960.0,45,48.77
1960.0,46,34.25
1960.0,47,23.45
1960.0,48,15.9
1960.0,49,9.65
1961.0,15,67.25
1961.0,16,106.39
1961.0,17,147.34
1961.0,18,187.96
1961.0,19,227.05
1961.0,20,263.5
1961.0,21,289.52
1961.0,22,304.67
1961.0,23,311.14
1961.0,24,310.32
1961.0,25,305.87
1961.0,26,299.55
1961.0,27,292.21
1961.0,28,284.4
1961.0,29,277.34
1961.0,30,271.68
1961.0,31,265.41
1961.0,32,258.43
1961.0,33,248.58
1961.0,34,236.16
1961.0,35,223.2
1961.0,36,212.69
1961.0,37,201.03
1961.0,38,188.0
1961.0,39,174.87
1961.0,40,163.59
1961.0,41,144.35
1961.0,42,120.08
1961.0,43,95.44
1961.0,44,72.04
1961.0,45,48.83
1961.0,46,34.28
1961.0,47,23.46
1961.0,48,15.89
1961.0,49,9.64
1962.0,15,67.82
1962.0,16,107.13
1962.0,17,148.13
1962.0,18,188.73
1962.0,19,227.85
1962.0,20,264.41
1962.0,21,290.5
1962.0,22,305.68
1962.0,23,312.12
1962.0,24,311.22
1962.0,25,306.68
1962.0,26,300.28
1962.0,27,292.88
1962.0,28,285.03
1962.0,29,277.96
1962.0,30,272.32
1962.0,31,266.06
1962.0,32,259.08
1962.0,33,249.21
1962.0,34,236.74
1962.0,35,223.74
1962.0,36,213.2
1962.0,37,201.51
1962.0,38,188.46
1962.0,39,175.3
1962.0,40,164.01
1962.0,41,144.73
1962.0,42,120.39
1962.0,43,95.67
1962.0,44,72.19
1962.0,45,48.88
1962.0,46,34.31
1962.0,47,23.46
1962.0,48,15.87
1962.0,49,9.62
1963.0,15,68.23
1963.0,16,107.66
1963.0,17,148.72
1963.0,18,189.29
1963.0,19,228.41
1963.0,20,264.99
1963.0,21,291.08
1963.0,22,306.23
1963.0,23,312.62
1963.0,24,311.64
1963.0,25,307.02
1963.0,26,300.56
1963.0,27,293.12
1963.0,28,285.25
1963.0,29,278.18
1963.0,30,272.55
1963.0,31,266.31
1963.0,32,259.34
1963.0,33,249.46
1963.0,34,236.97
1963.0,35,223.94
1963.0,36,213.39
1963.0,37,201.69
1963.0,38,188.63
1963.0,39,175.48
1963.0,40,164.2
1963.0,41,144.89
1963.0,42,120.52
1963.0,43,95.76
1963.0,44,72.24
1963.0,45,48.86
1963.0,46,34.28
1963.0,47,23.42
1963.0,48,15.83
1963.0,49,9.59
1964.0,15,68.41
1964.0,16,107.82
1964.0,17,148.78
1964.0,18,189.18
1964.0,19,228.15
1964.0,20,264.62
1964.0,21,290.62
1964.0,22,305.69
1964.0,23,311.99
1964.0,24,310.93
1964.0,25,306.25
1964.0,26,299.75
1964.0,27,292.3
1964.0,28,284.44
1964.0,29,277.4
1964.0,30,271.81
1964.0,31,265.61
1964.0,32,258.67
1964.0,33,248.82
1964.0,34,236.35
1964.0,35,223.33
1964.0,36,212.82
1964.0,37,201.15
1964.0,38,188.13
1964.0,39,175.02
1964.0,40,163.79
1964.0,41,144.54
1964.0,42,120.22
1964.0,43,95.51
1964.0,44,72.02
1964.0,45,48.67
1964.0,46,34.12
1964.0,47,23.3
1964.0,48,15.73
1964.0,49,9.52
1965.0,15,68.71
1965.0,16,108.24
1965.0,17,149.28
1965.0,18,189.68
1965.0,19,228.63
1965.0,20,265.07
1965.0,21,291.01
1965.0,22,306.01
1965.0,23,312.22
1965.0,24,311.08
1965.0,25,306.33
1965.0,26,299.79
1965.0,27,292.31
1965.0,28,284.44
1965.0,29,277.41
1965.0,30,271.84
1965.0,31,265.66
1965.0,32,258.73
1965.0,33,248.88
1965.0,34,236.39
1965.0,35,223.36
1965.0,36,212.84
1965.0,37,201.17
1965.0,38,188.15
1965.0,39,175.05
1965.0,40,163.85
1965.0,41,144.6
1965.0,42,120.26
1965.0,43,95.52
1965.0,44,72.01
1965.0,45,48.61
1965.0,46,34.06
1965.0,47,23.24
1965.0,48,15.68
1965.0,49,9.48
1966.0,15,70.34
1966.0,16,111.08
1966.0,17,152.95
1966.0,18,193.6
1966.0,19,231.97
1966.0,20,267.12
1966.0,21,291.92
1966.0,22,306.07
1966.0,23,311.77
1966.0,24,310.4
1966.0,25,305.63
1966.0,26,299.16
1966.0,27,291.81
1966.0,28,284.09
1966.0,29,277.16
1966.0,30,271.61
1966.0,31,265.44
1966.0,32,258.51
1966.0,33,248.71
1966.0,34,236.3
1966.0,35,223.32
1966.0,36,212.68
1966.0,37,200.87
1966.0,38,187.69
1966.0,39,174.37
1966.0,40,162.81
1966.0,41,143.45
1966.0,42,119.17
1966.0,43,94.59
1966.0,44,71.31
1966.0,45,48.24
1966.0,46,33.88
1966.0,47,23.17
1966.0,48,15.64
1966.0,49,9.44
1967.0,15,71.79
1967.0,16,113.42
1967.0,17,155.69
1967.0,18,196.11
1967.0,19,233.57
1967.0,20,267.27
1967.0,21,290.85
1967.0,22,304.17
1967.0,23,309.37
1967.0,24,307.8
1967.0,25,302.99
1967.0,26,296.61
1967.0,27,289.41
1967.0,28,281.86
1967.0,29,275.07
1967.0,30,269.59
1967.0,31,263.48
1967.0,32,256.62
1967.0,33,246.93
1967.0,34,234.69
1967.0,35,221.83
1967.0,36,211.14
1967.0,37,199.26
1967.0,38,186.0
1967.0,39,172.55
1967.0,40,160.71
1967.0,41,141.38
1967.0,42,117.32
1967.0,43,93.06
1967.0,44,70.15
1967.0,45,47.56
1967.0,46,33.47
1967.0,47,22.94
1967.0,48,15.5
1967.0,49,9.35
1968.0,15,73.62
1968.0,16,116.33
1968.0,17,159.18
1968.0,18,199.52
1968.0,19,236.22
1968.0,20,268.62
1968.0,21,291.1
1968.0,22,303.65
1968.0,23,308.38
1968.0,24,306.59
1968.0,25,301.73
1968.0,26,295.41
1968.0,27,288.32
1968.0,28,280.91
1968.0,29,274.23
1968.0,30,268.79
1968.0,31,262.72
1968.0,32,255.88
1968.0,33,246.27
1968.0,34,234.12
1968.0,35,221.34
1968.0,36,210.55
1968.0,37,198.56
1968.0,38,185.16
1968.0,39,171.52
1968.0,40,159.36
1968.0,41,139.97
1968.0,42,116.02
1968.0,43,91.96
1968.0,44,69.32
1968.0,45,47.1
1968.0,46,33.22
1968.0,47,22.82
1968.0,48,15.42
1968.0,49,9.29
1969.0,15,75.63
1969.0,16,119.43
1969.0,17,162.83
1969.0,18,203.02
1969.0,19,238.93
1969.0,20,270.07
1969.0,21,291.49
1969.0,22,303.31
1969.0,23,307.59
1969.0,24,305.58
1969.0,25,300.66
1969.0,26,294.38
1969.0,27,287.38
1969.0,28,280.1
1969.0,29,273.52
1969.0,30,268.13
1969.0,31,262.1
1969.0,32,255.29
1969.0,33,245.74
1969.0,34,233.69
1969.0,35,220.96
1969.0,36,210.08
1969.0,37,197.95
1969.0,38,184.41
1969.0,39,170.58
1969.0,40,158.11
1969.0,41,138.66
1969.0,42,114.8
1969.0,43,90.93
1969.0,44,68.53
1969.0,45,46.66
1969.0,46,32.99
1969.0,47,22.72
1969.0,48,15.36
1969.0,49,9.24
1970.0,15,77.62
1970.0,16,122.42
1970.0,17,166.23
1970.0,18,206.1
1970.0,19,241.12
1970.0,20,270.95
1970.0,21,291.29
1970.0,22,302.4
1970.0,23,306.23
1970.0,24,304.01
1970.0,25,299.04
1970.0,26,292.79
1970.0,27,285.89
1970.0,28,278.74
1970.0,29,272.27
1970.0,30,266.95
1970.0,31,260.98
1970.0,32,254.2
1970.0,33,244.74
1970.0,34,232.81
1970.0,35,220.16
1970.0,36,209.2
1970.0,37,196.97
1970.0,38,183.31
1970.0,39,169.32
1970.0,40,156.57
1970.0,41,137.09
1970.0,42,113.37
1970.0,43,89.73
1970.0,44,67.62
1970.0,45,46.13
1970.0,46,32.7
1970.0,47,22.56
1970.0,48,15.26
1970.0,49,9.17
1971.0,15,79.64
1971.0,16,125.48
1971.0,17,169.74
1971.0,18,209.33
1971.0,19,243.46
1971.0,20,271.96
1971.0,21,291.21
1971.0,22,301.59
1971.0,23,304.97
1971.0,24,302.54
1971.0,25,297.51
1971.0,26,291.31
1971.0,27,284.51
1971.0,28,277.49
1971.0,29,271.14
1971.0,30,265.87
1971.0,31,259.95
1971.0,32,253.21
1971.0,33,243.83
1971.0,34,232.0
1971.0,35,219.43
1971.0,36,208.39
1971.0,37,196.06
1971.0,38,182.29
1971.0,39,168.14
1971.0,40,155.1
1971.0,41,135.58
1971.0,42,112.0
1971.0,43,88.57
1971.0,44,66.75
1971.0,45,45.62
1971.0,46,32.41
1971.0,47,22.42
1971.0,48,15.16
1971.0,49,9.1
1972.0,15,81.54
1972.0,16,128.4
1972.0,17,173.11
1972.0,18,212.43
1972.0,19,245.64
1972.0,20,272.74
1972.0,21,290.84
1972.0,22,300.45
1972.0,23,303.36
1972.0,24,300.72
1972.0,25,295.65
1972.0,26,289.52
1972.0,27,282.84
1972.0,28,275.96
1972.0,29,269.73
1972.0,30,264.52
1972.0,31,258.66
1972.0,32,251.96
1972.0,33,242.66
1972.0,34,230.95
1972.0,35,218.46
1972.0,36,207.35
1972.0,37,194.94
1972.0,38,181.07
1972.0,39,166.78
1972.0,40,153.48
1972.0,41,133.96
1972.0,42,110.53
1972.0,43,87.34
1972.0,44,65.81
1972.0,45,45.06
1972.0,46,32.09
1972.0,47,22.25
1972.0,48,15.05
1972.0,49,9.01
1973.0,15,82.38
1973.0,16,130.73
1973.0,17,176.78
1973.0,18,216.95
1973.0,19,249.67
1973.0,20,274.97
1973.0,21,291.38
1973.0,22,299.7
1973.0,23,301.87
1973.0,24,299.03
1973.0,25,294.07
1973.0,26,288.21
1973.0,27,281.82
1973.0,28,275.19
1973.0,29,269.06
1973.0,30,263.8
1973.0,31,257.91
1973.0,32,251.19
1973.0,33,241.94
1973.0,34,230.31
1973.0,35,217.89
1973.0,36,206.71
1973.0,37,194.22
1973.0,38,180.26
1973.0,39,165.81
1973.0,40,152.2
1973.0,41,132.62
1973.0,42,109.29
1973.0,43,86.29
1973.0,44,65.01
1973.0,45,44.63
1973.0,46,31.83
1973.0,47,22.1
1973.0,48,14.96
1973.0,49,8.94
1974.0,15,83.12
1974.0,16,133.04
1974.0,17,180.58
1974.0,18,221.77
1974.0,19,254.04
1974.0,20,277.47
1974.0,21,292.1
1974.0,22,299.05
1974.0,23,300.45
1974.0,24,297.42
1974.0,25,292.59
1974.0,26,287.03
1974.0,27,280.94
1974.0,28,274.57
1974.0,29,268.55
1974.0,30,263.23
1974.0,31,257.29
1974.0,32,250.55
1974.0,33,241.32
1974.0,34,229.77
1974.0,35,217.42
1974.0,36,206.16
1974.0,37,193.59
1974.0,38,179.54
1974.0,39,164.93
1974.0,40,151.01
1974.0,41,131.36
1974.0,42,108.12
1974.0,43,85.3
1974.0,44,64.24
1974.0,45,44.23
1974.0,46,31.58
1974.0,47,21.96
1974.0,48,14.87
1974.0,49,8.88
1975.0,15,83.85
1975.0,16,135.42
1975.0,17,184.53
1975.0,18,226.83
1975.0,19,258.67
1975.0,20,280.18
1975.0,21,292.99
1975.0,22,298.54
1975.0,23,299.15
1975.0,24,295.92
1975.0,25,291.23
1975.0,26,285.98
1975.0,27,280.22
1975.0,28,274.11
1975.0,29,268.2
1975.0,30,262.8
1975.0,31,256.8
1975.0,32,250.04
1975.0,33,240.83
1975.0,34,229.33
1975.0,35,217.01
1975.0,36,205.69
1975.0,37,193.05
1975.0,38,178.94
1975.0,39,164.18
1975.0,40,149.99
1975.0,41,130.25
1975.0,42,107.04
1975.0,43,84.31
1975.0,44,63.37
1975.0,45,43.57
1975.0,46,31.07
1975.0,47,21.56
1975.0,48,14.55
1975.0,49,8.64
1976.0,15,83.59
1976.0,16,137.13
1976.0,17,188.48
1976.0,18,232.74
1976.0,19,264.45
1976.0,20,283.65
1976.0,21,294.16
1976.0,22,297.87
1976.0,23,297.47
1976.0,24,294.05
1976.0,25,289.63
1976.0,26,284.87
1976.0,27,279.58
1976.0,28,273.82
1976.0,29,268.02
1976.0,30,262.46
1976.0,31,256.35
1976.0,32,249.53
1976.0,33,240.32
1976.0,34,228.86
1976.0,35,216.59
1976.0,36,205.21
1976.0,37,192.52
1976.0,38,178.37
1976.0,39,163.48
1976.0,40,149.01
1976.0,41,129.16
1976.0,42,105.98
1976.0,43,83.33
1976.0,44,62.52
1976.0,45,42.95
1976.0,46,30.55
1976.0,47,21.14
1976.0,48,14.23
1976.0,49,8.41
1977.0,15,84.33
1977.0,16,139.78
1977.0,17,192.94
1977.0,18,238.45
1977.0,19,269.55
1977.0,20,286.3
1977.0,21,294.47
1977.0,22,296.34
1977.0,23,294.91
1977.0,24,291.25
1977.0,25,287.06
1977.0,26,282.77
1977.0,27,277.92
1977.0,28,272.47
1977.0,29,266.76
1977.0,30,261.08
1977.0,31,254.83
1977.0,32,247.88
1977.0,33,238.57
1977.0,34,227.04
1977.0,35,214.74
1977.0,36,203.32
1977.0,37,190.64
1977.0,38,176.54
1977.0,39,161.67
1977.0,40,147.13
1977.0,41,127.41
1977.0,42,104.47
1977.0,43,82.1
1977.0,44,61.6
1977.0,45,42.42
1977.0,46,30.21
1977.0,47,20.93
1977.0,48,14.1
1977.0,49,8.31
1978.0,15,85.35
1978.0,16,142.55
1978.0,17,197.18
1978.0,18,243.44
1978.0,19,273.62
1978.0,20,287.89
1978.0,21,293.83
1978.0,22,294.08
1978.0,23,291.77
1978.0,24,287.96
1978.0,25,284.01
1978.0,26,280.16
1978.0,27,275.71
1978.0,28,270.55
1978.0,29,264.95
1978.0,30,259.2
1978.0,31,252.92
1978.0,32,245.99
1978.0,33,236.73
1978.0,34,225.25
1978.0,35,213.04
1978.0,36,201.72
1978.0,37,189.17
1978.0,38,175.22
1978.0,39,160.45
1978.0,40,145.96
1978.0,41,126.31
1978.0,42,103.48
1978.0,43,81.22
1978.0,44,60.81
1978.0,45,41.71
1978.0,46,29.61
1978.0,47,20.43
1978.0,48,13.68
1978.0,49,8.0
1979.0,15,85.54
1979.0,16,143.93
1979.0,17,199.75
1979.0,18,246.88
1979.0,19,276.65
1979.0,20,289.23
1979.0,21,293.5
1979.0,22,292.36
1979.0,23,289.23
1979.0,24,285.16
1979.0,25,281.29
1979.0,26,277.74
1979.0,27,273.59
1979.0,28,268.67
1979.0,29,263.17
1979.0,30,257.36
1979.0,31,251.01
1979.0,32,244.0
1979.0,33,234.67
1979.0,34,223.14
1979.0,35,210.91
1979.0,36,199.55
1979.0,37,187.02
1979.0,38,173.12
1979.0,39,158.39
1979.0,40,143.9
1979.0,41,124.4
1979.0,42,101.84
1979.0,43,79.89
1979.0,44,59.8
1979.0,45,41.08
1979.0,46,29.18
1979.0,47,20.15
1979.0,48,13.49
1979.0,49,7.87
1980.0,15,84.7
1980.0,16,143.52
1980.0,17,200.15
1980.0,18,248.27
1980.0,19,278.33
1980.0,20,290.35
1980.0,21,293.83
1980.0,22,291.82
1980.0,23,288.08
1980.0,24,283.68
1980.0,25,279.72
1980.0,26,276.23
1980.0,27,272.21
1980.0,28,267.46
1980.0,29,262.04
1980.0,30,256.23
1980.0,31,249.83
1980.0,32,242.75
1980.0,33,233.34
1980.0,34,221.74
1980.0,35,209.45
1980.0,36,198.01
1980.0,37,185.43
1980.0,38,171.53
1980.0,39,156.8
1980.0,40,142.28
1980.0,41,122.89
1980.0,42,100.53
1980.0,43,78.81
1980.0,44,58.95
1980.0,45,40.53
1980.0,46,28.78
1980.0,47,19.86
1980.0,48,13.3
1980.0,49,7.75
1981.0,15,84.17
1981.0,16,143.24
1981.0,17,200.26
1981.0,18,248.83
1981.0,19,278.88
1981.0,20,290.38
1981.0,21,293.25
1981.0,22,290.65
1981.0,23,286.47
1981.0,24,281.84
1981.0,25,277.78
1981.0,26,274.3
1981.0,27,270.36
1981.0,28,265.73
1981.0,29,260.41
1981.0,30,254.66
1981.0,31,248.34
1981.0,32,241.34
1981.0,33,232.0
1981.0,34,220.44
1981.0,35,208.19
1981.0,36,196.8
1981.0,37,184.3
1981.0,38,170.49
1981.0,39,155.83
1981.0,40,141.4
1981.0,41,122.06
1981.0,42,99.76
1981.0,43,78.08
1981.0,44,58.25
1981.0,45,39.8
1981.0,46,28.12
1981.0,47,19.29
1981.0,48,12.82
1981.0,49,7.43
1982.0,15,80.29
1982.0,16,137.03
1982.0,17,193.02
1982.0,18,242.16
1982.0,19,274.19
1982.0,20,288.65
1982.0,21,293.61
1982.0,22,291.93
1982.0,23,287.87
1982.0,24,282.74
1982.0,25,277.98
1982.0,26,273.81
1982.0,27,269.45
1982.0,28,264.71
1982.0,29,259.47
1982.0,30,253.94
1982.0,31,247.76
1982.0,32,240.79
1982.0,33,231.42
1982.0,34,219.8
1982.0,35,207.41
1982.0,36,195.86
1982.0,37,183.21
1982.0,38,169.28
1982.0,39,154.56
1982.0,40,140.14
1982.0,41,120.89
1982.0,42,98.74
1982.0,43,77.23
1982.0,44,57.58
1982.0,45,39.3
1982.0,46,27.71
1982.0,47,18.98
1982.0,48,12.64
1982.0,49,7.34
1983.0,15,77.36
1983.0,16,132.51
1983.0,17,187.9
1983.0,18,237.67
1983.0,19,271.16
1983.0,20,287.59
1983.0,21,293.79
1983.0,22,292.44
1983.0,23,288.23
1983.0,24,282.6
1983.0,25,277.28
1983.0,26,272.61
1983.0,27,267.97
1983.0,28,263.19
1983.0,29,258.02
1983.0,30,252.64
1983.0,31,246.47
1983.0,32,239.39
1983.0,33,229.9
1983.0,34,218.12
1983.0,35,205.54
1983.0,36,193.77
1983.0,37,180.92
1983.0,38,166.85
1983.0,39,152.08
1983.0,40,137.63
1983.0,41,118.58
1983.0,42,96.77
1983.0,43,75.68
1983.0,44,56.47
1983.0,45,38.7
1983.0,46,27.34
1983.0,47,18.79
1983.0,48,12.57
1983.0,49,7.35
1984.0,15,74.9
1984.0,16,128.78
1984.0,17,183.62
1984.0,18,233.68
1984.0,19,268.04
1984.0,20,285.65
1984.0,21,292.57
1984.0,22,291.37
1984.0,23,286.99
1984.0,24,281.0
1984.0,25,275.27
1984.0,26,270.26
1984.0,27,265.46
1984.0,28,260.7
1984.0,29,255.63
1984.0,30,250.39
1984.0,31,244.31
1984.0,32,237.27
1984.0,33,227.78
1984.0,34,215.99
1984.0,35,203.37
1984.0,36,191.54
1984.0,37,178.67
1984.0,38,164.63
1984.0,39,149.92
1984.0,40,135.58
1984.0,41,116.7
1984.0,42,95.14
1984.0,43,74.31
1984.0,44,55.34
1984.0,45,37.79
1984.0,46,26.6
1984.0,47,18.21
1984.0,48,12.15
1984.0,49,7.09
1985.0,15,71.61
1985.0,16,122.88
1985.0,17,175.57
1985.0,18,224.33
1985.0,19,258.95
1985.0,20,278.27
1985.0,21,287.12
1985.0,22,287.72
1985.0,23,284.76
1985.0,24,279.74
1985.0,25,274.61
1985.0,26,269.9
1985.0,27,265.26
1985.0,28,260.56
1985.0,29,255.49
1985.0,30,250.2
1985.0,31,243.95
1985.0,32,236.64
1985.0,33,226.95
1985.0,34,215.02
1985.0,35,202.22
1985.0,36,190.15
1985.0,37,177.07
1985.0,38,162.86
1985.0,39,148.06
1985.0,40,133.65
1985.0,41,114.89
1985.0,42,93.56
1985.0,43,73.02
1985.0,44,54.37
1985.0,45,37.16
1985.0,46,26.15
1985.0,47,17.92
1985.0,48,11.99
1985.0,49,7.02
1986.0,15,67.56
1986.0,16,115.5
1986.0,17,165.22
1986.0,18,211.9
1986.0,19,246.23
1986.0,20,267.02
1986.0,21,277.66
1986.0,22,280.03
1986.0,23,278.49
1986.0,24,274.47
1986.0,25,269.96
1986.0,26,265.57
1986.0,27,261.11
1986.0,28,256.5
1986.0,29,251.49
1986.0,30,246.17
1986.0,31,239.77
1986.0,32,232.21
1986.0,33,222.37
1986.0,34,210.42
1986.0,35,197.57
1986.0,36,185.33
1986.0,37,172.15
1986.0,38,157.93
1986.0,39,143.21
1986.0,40,128.89
1986.0,41,110.58
1986.0,42,89.94
1986.0,43,70.17
1986.0,44,52.3
1986.0,45,35.93
1986.0,46,25.37
1986.0,47,17.47
1986.0,48,11.76
1986.0,49,6.95
1987.0,15,65.45
1987.0,16,112.03
1987.0,17,160.14
1987.0,18,205.05
1987.0,19,237.85
1987.0,20,257.51
1987.0,21,267.98
1987.0,22,271.08
1987.0,23,270.45
1987.0,24,267.3
1987.0,25,263.26
1987.0,26,258.81
1987.0,27,254.04
1987.0,28,248.95
1987.0,29,243.37
1987.0,30,237.43
1987.0,31,230.77
1987.0,32,223.31
1987.0,33,214.05
1987.0,34,203.07
1987.0,35,191.2
1987.0,36,179.49
1987.0,37,166.73
1987.0,38,152.85
1987.0,39,138.25
1987.0,40,123.64
1987.0,41,105.63
1987.0,42,85.62
1987.0,43,66.59
1987.0,44,49.49
1987.0,45,34.07
1987.0,46,24.06
1987.0,47,16.57
1987.0,48,11.15
1987.0,49,6.57
1988.0,15,63.43
1988.0,16,108.81
1988.0,17,155.3
1988.0,18,198.29
1988.0,19,229.2
1988.0,20,247.26
1988.0,21,257.22
1988.0,22,260.91
1988.0,23,261.22
1988.0,24,259.1
1988.0,25,255.75
1988.0,26,251.51
1988.0,27,246.64
1988.0,28,241.22
1988.0,29,235.19
1988.0,30,228.69
1988.0,31,221.81
1988.0,32,214.49
1988.0,33,205.83
1988.0,34,195.81
1988.0,35,184.91
1988.0,36,173.74
1988.0,37,161.43
1988.0,38,147.9
1988.0,39,133.44
1988.0,40,118.58
1988.0,41,100.85
1988.0,42,81.46
1988.0,43,63.11
1988.0,44,46.73
1988.0,45,32.17
1988.0,46,22.69
1988.0,47,15.6
1988.0,48,10.47
1988.0,49,6.13
1989.0,15,61.22
1989.0,16,105.63
1989.0,17,150.97
1989.0,18,192.61
1989.0,19,221.94
1989.0,20,238.31
1989.0,21,247.49
1989.0,22,251.31
1989.0,23,252.18
1989.0,24,250.8
1989.0,25,247.96
1989.0,26,243.84
1989.0,27,238.86
1989.0,28,233.13
1989.0,29,226.68
1989.0,30,219.62
1989.0,31,212.51
1989.0,32,205.28
1989.0,33,197.16
1989.0,34,188.04
1989.0,35,178.07
1989.0,36,167.39
1989.0,37,155.48
1989.0,38,142.29
1989.0,39,127.96
1989.0,40,112.8
1989.0,41,95.45
1989.0,42,76.78
1989.0,43,59.29
1989.0,44,43.79
1989.0,45,30.34
1989.0,46,21.45
1989.0,47,14.8
1989.0,48,9.94
1989.0,49,5.82
1990.0,15,59.63
1990.0,16,103.22
1990.0,17,147.28
1990.0,18,187.14
1990.0,19,214.42
1990.0,20,228.68
1990.0,21,236.69
1990.0,22,240.41
1990.0,23,241.84
1990.0,24,241.51
1990.0,25,239.82
1990.0,26,236.76
1990.0,27,232.57
1990.0,28,227.31
1990.0,29,221.05
1990.0,30,213.94
1990.0,31,206.73
1990.0,32,199.4
1990.0,33,191.25
1990.0,34,182.18
1990.0,35,172.31
1990.0,36,161.78
1990.0,37,150.13
1990.0,38,137.3
1990.0,39,123.36
1990.0,40,108.65
1990.0,41,91.79
1990.0,42,73.68
1990.0,43,56.7
1990.0,44,41.66
1990.0,45,28.53
1990.0,46,20.0
1990.0,47,13.64
1990.0,48,9.04
1990.0,49,5.23
1991.0,15,58.21
1991.0,16,101.36
1991.0,17,144.52
1991.0,18,182.96
1991.0,19,208.27
1991.0,20,220.23
1991.0,21,226.91
1991.0,22,230.42
1991.0,23,232.43
1991.0,24,233.28
1991.0,25,232.87
1991.0,26,230.98
1991.0,27,227.62
1991.0,28,222.82
1991.0,29,216.67
1991.0,30,209.35
1991.0,31,201.89
1991.0,32,194.3
1991.0,33,186.01
1991.0,34,176.92
1991.0,35,167.09
1991.0,36,156.6
1991.0,37,145.09
1991.0,38,132.51
1991.0,39,118.83
1991.0,40,104.37
1991.0,41,87.95
1991.0,42,70.42
1991.0,43,54.04
1991.0,44,39.55
1991.0,45,26.95
1991.0,46,18.82
1991.0,47,12.77
1991.0,48,8.39
1991.0,49,4.81
1992.0,15,57.52
1992.0,16,100.75
1992.0,17,143.19
1992.0,18,179.92
1992.0,19,202.48
1992.0,20,211.01
1992.0,21,215.46
1992.0,22,218.21
1992.0,23,220.57
1992.0,24,222.68
1992.0,25,223.93
1992.0,26,223.81
1992.0,27,221.95
1992.0,28,218.25
1992.0,29,212.8
1992.0,30,205.8
1992.0,31,198.46
1992.0,32,190.85
1992.0,33,182.5
1992.0,34,173.35
1992.0,35,163.45
1992.0,36,152.93
1992.0,37,141.51
1992.0,38,129.12
1992.0,39,115.67
1992.0,40,101.49
1992.0,41,85.37
1992.0,42,68.19
1992.0,43,52.14
1992.0,44,37.95
1992.0,45,25.54
1992.0,46,17.67
1992.0,47,11.83
1992.0,48,7.64
1992.0,49,4.29
1993.0,15,54.9
1993.0,16,96.52
1993.0,17,137.88
1993.0,18,174.2
1993.0,19,196.88
1993.0,20,205.83
1993.0,21,210.19
1993.0,22,212.24
1993.0,23,213.73
1993.0,24,214.97
1993.0,25,215.64
1993.0,26,215.36
1993.0,27,213.75
1993.0,28,210.65
1993.0,29,205.95
1993.0,30,199.76
1993.0,31,193.02
1993.0,32,185.78
1993.0,33,177.61
1993.0,34,168.46
1993.0,35,158.5
1993.0,36,148.0
1993.0,37,136.68
1993.0,38,124.49
1993.0,39,111.35
1993.0,40,97.64
1993.0,41,82.0
1993.0,42,65.36
1993.0,43,49.81
1993.0,44,36.09
1993.0,45,23.99
1993.0,46,16.45
1993.0,47,10.88
1993.0,48,6.92
1993.0,49,3.84
1994.0,15,52.14
1994.0,16,92.4
1994.0,17,132.69
1994.0,18,168.35
1994.0,19,190.64
1994.0,20,199.45
1994.0,21,203.95
1994.0,22,206.36
1994.0,23,208.17
1994.0,24,209.59
1994.0,25,210.22
1994.0,26,209.66
1994.0,27,207.78
1994.0,28,204.51
1994.0,29,199.66
1994.0,30,193.33
1994.0,31,186.67
1994.0,32,179.74
1994.0,33,172.16
1994.0,34,163.83
1994.0,35,154.63
1994.0,36,144.47
1994.0,37,133.37
1994.0,38,121.31
1994.0,39,108.11
1994.0,40,94.0
1994.0,41,78.45
1994.0,42,62.19
1994.0,43,47.12
1994.0,44,33.91
1994.0,45,22.5
1994.0,46,15.35
1994.0,47,10.08
1994.0,48,6.36
1994.0,49,3.49
1995.0,15,49.9
1995.0,16,89.16
1995.0,17,128.63
1995.0,18,163.66
1995.0,19,185.33
1995.0,20,193.5
1995.0,21,197.71
1995.0,22,200.18
1995.0,23,202.34
1995.0,24,204.36
1995.0,25,205.56
1995.0,26,205.48
1995.0,27,203.89
1995.0,28,200.7
1995.0,29,195.75
1995.0,30,189.16
1995.0,31,182.2
1995.0,32,174.97
1995.0,33,167.2
1995.0,34,158.77
1995.0,35,149.53
1995.0,36,139.39
1995.0,37,128.42
1995.0,38,116.58
1995.0,39,103.68
1995.0,40,89.9
1995.0,41,74.83
1995.0,42,59.17
1995.0,43,44.71
1995.0,44,32.07
1995.0,45,21.2
1995.0,46,14.4
1995.0,47,9.41
1995.0,48,5.9
1995.0,49,3.21
1996.0,15,47.53
1996.0,16,85.28
1996.0,17,123.56
1996.0,18,157.89
1996.0,19,179.37
1996.0,20,187.78
1996.0,21,192.16
1996.0,22,194.63
1996.0,23,196.76
1996.0,24,198.74
1996.0,25,199.97
1996.0,26,199.98
1996.0,27,198.57
1996.0,28,195.62
1996.0,29,190.9
1996.0,30,184.5
1996.0,31,177.62
1996.0,32,170.36
1996.0,33,162.52
1996.0,34,154.04
1996.0,35,144.75
1996.0,36,134.58
1996.0,37,123.65
1996.0,38,111.95
1996.0,39,99.28
1996.0,40,85.79
1996.0,41,71.21
1996.0,42,56.15
1996.0,43,42.31
1996.0,44,30.28
1996.0,45,19.98
1996.0,46,13.54
1996.0,47,8.83
1996.0,48,5.52
1996.0,49,3.0
1997.0,15,44.91
1997.0,16,80.72
1997.0,17,117.68
1997.0,18,151.56
1997.0,19,173.5
1997.0,20,182.98
1997.0,21,187.65
1997.0,22,189.51
1997.0,23,190.77
1997.0,24,191.84
1997.0,25,192.58
1997.0,26,192.68
1997.0,27,191.85
1997.0,28,189.88
1997.0,29,186.27
1997.0,30,181.0
1997.0,31,174.75
1997.0,32,167.62
1997.0,33,159.57
1997.0,34,150.6
1997.0,35,140.73
1997.0,36,130.1
1997.0,37,118.87
1997.0,38,107.05
1997.0,39,94.49
1997.0,40,81.41
1997.0,41,67.34
1997.0,42,52.93
1997.0,43,39.78
1997.0,44,28.43
1997.0,45,18.73
1997.0,46,12.69
1997.0,47,8.28
1997.0,48,5.17
1997.0,49,2.81
1998.0,15,43.52
1998.0,16,78.69
1998.0,17,115.39
1998.0,18,149.43
1998.0,19,171.63
1998.0,20,181.3
1998.0,21,185.54
1998.0,22,186.39
1998.0,23,186.62
1998.0,24,186.85
1998.0,25,187.12
1998.0,26,187.21
1998.0,27,186.62
1998.0,28,185.06
1998.0,29,181.9
1998.0,30,177.13
1998.0,31,171.1
1998.0,32,163.94
1998.0,33,155.57
1998.0,34,146.08
1998.0,35,135.75
1998.0,36,125.05
1998.0,37,113.94
1998.0,38,102.42
1998.0,39,90.41
1998.0,40,78.24
1998.0,41,64.83
1998.0,42,50.99
1998.0,43,38.3
1998.0,44,27.3
1998.0,45,17.7
1998.0,46,11.87
1998.0,47,7.63
1998.0,48,4.69
1998.0,49,2.51
1999.0,15,43.39
1999.0,16,79.4
1999.0,17,117.03
1999.0,18,151.85
1999.0,19,174.15
1999.0,20,183.21
1999.0,21,186.71
1999.0,22,186.79
1999.0,23,186.38
1999.0,24,186.11
1999.0,25,185.94
1999.0,26,185.59
1999.0,27,184.57
1999.0,28,182.62
1999.0,29,179.09
1999.0,30,173.99
1999.0,31,167.82
1999.0,32,160.71
1999.0,33,152.47
1999.0,34,143.19
1999.0,35,133.13
1999.0,36,122.74
1999.0,37,111.95
1999.0,38,100.74
1999.0,39,88.98
1999.0,40,77.03
1999.0,41,63.79
1999.0,42,50.09
1999.0,43,37.48
1999.0,44,26.5
1999.0,45,16.82
1999.0,46,11.11
1999.0,47,6.97
1999.0,48,4.15
1999.0,49,2.14
2000.0,15,42.83
2000.0,16,79.24
2000.0,17,117.08
2000.0,18,151.77
2000.0,19,173.39
2000.0,20,181.3
2000.0,21,184.17
2000.0,22,184.22
2000.0,23,183.98
2000.0,24,183.95
2000.0,25,183.82
2000.0,26,183.22
2000.0,27,181.95
2000.0,28,179.76
2000.0,29,175.98
2000.0,30,170.55
2000.0,31,164.36
2000.0,32,157.5
2000.0,33,149.94
2000.0,34,141.65
2000.0,35,132.46
2000.0,36,122.24
2000.0,37,111.4
2000.0,38,99.96
2000.0,39,87.65
2000.0,40,74.54
2000.0,41,60.98
2000.0,42,47.41
2000.0,43,35.17
2000.0,44,24.72
2000.0,45,15.99
2000.0,46,10.65
2000.0,47,6.76
2000.0,48,4.05
2000.0,49,2.1
2001.0,15,41.34
2001.0,16,77.12
2001.0,17,114.48
2001.0,18,148.83
2001.0,19,170.25
2001.0,20,178.12
2001.0,21,181.27
2001.0,22,181.81
2001.0,23,181.86
2001.0,24,181.76
2001.0,25,181.18
2001.0,26,179.75
2001.0,27,177.72
2001.0,28,174.96
2001.0,29,170.78
2001.0,30,165.03
2001.0,31,158.99
2001.0,32,152.66
2001.0,33,146.1
2001.0,34,139.11
2001.0,35,131.12
2001.0,36,121.39
2001.0,37,110.77
2001.0,38,99.3
2001.0,39,86.61
2001.0,40,72.52
2001.0,41,58.67
2001.0,42,45.18
2001.0,43,33.19
2001.0,44,23.12
2001.0,45,15.1
2001.0,46,10.05
2001.0,47,6.38
2001.0,48,3.8
2001.0,49,1.95
2002.0,15,39.27
2002.0,16,73.99
2002.0,17,110.78
2002.0,18,145.19
2002.0,19,167.15
2002.0,20,175.86
2002.0,21,179.57
2002.0,22,180.26
2002.0,23,180.03
2002.0,24,179.26
2002.0,25,177.81
2002.0,26,175.45
2002.0,27,172.83
2002.0,28,169.87
2002.0,29,165.74
2002.0,30,160.19
2002.0,31,154.53
2002.0,32,148.74
2002.0,33,142.97
2002.0,34,136.94
2002.0,35,129.75
2002.0,36,120.19
2002.0,37,109.53
2002.0,38,97.86
2002.0,39,84.73
2002.0,40,69.72
2002.0,41,55.71
2002.0,42,42.44
2002.0,43,30.88
2002.0,44,21.36
2002.0,45,14.24
2002.0,46,9.55
2002.0,47,6.14
2002.0,48,3.7
2002.0,49,1.92
2003.0,15,37.09
2003.0,16,70.6
2003.0,17,107.34
2003.0,18,143.03
2003.0,19,167.03
2003.0,20,178.05
2003.0,21,182.44
2003.0,22,182.06
2003.0,23,180.12
2003.0,24,177.45
2003.0,25,174.55
2003.0,26,171.45
2003.0,27,168.7
2003.0,28,166.14
2003.0,29,162.7
2003.0,30,158.09
2003.0,31,152.97
2003.0,32,147.32
2003.0,33,141.17
2003.0,34,134.36
2003.0,35,126.41
2003.0,36,116.67
2003.0,37,106.05
2003.0,38,94.62
2003.0,39,82.08
2003.0,40,68.24
2003.0,41,54.85
2003.0,42,41.95
2003.0,43,30.6
2003.0,44,21.15
2003.0,45,13.74
2003.0,46,9.05
2003.0,47,5.68
2003.0,48,3.35
2003.0,49,1.7
2004.0,15,35.25
2004.0,16,67.71
2004.0,17,104.51
2004.0,18,141.49
2004.0,19,167.47
2004.0,20,180.67
2004.0,21,185.66
2004.0,22,184.22
2004.0,23,180.65
2004.0,24,176.19
2004.0,25,172.01
2004.0,26,168.39
2004.0,27,165.79
2004.0,28,163.99
2004.0,29,161.54
2004.0,30,158.04
2004.0,31,153.51
2004.0,32,147.91
2004.0,33,141.34
2004.0,34,133.73
2004.0,35,124.88
2004.0,36,114.52
2004.0,37,103.43
2004.0,38,91.73
2004.0,39,79.22
2004.0,40,65.78
2004.0,41,52.73
2004.0,42,40.2
2004.0,43,29.24
2004.0,44,20.18
2004.0,45,13.02
2004.0,46,8.55
2004.0,47,5.34
2004.0,48,3.15
2004.0,49,1.6
2005.0,15,33.33
2005.0,16,64.59
2005.0,17,101.07
2005.0,18,138.79
2005.0,19,166.27
2005.0,20,181.33
2005.0,21,186.99
2005.0,22,184.88
2005.0,23,180.1
2005.0,24,174.22
2005.0,25,168.9
2005.0,26,164.66
2005.0,27,161.9
2005.0,28,160.36
2005.0,29,158.41
2005.0,30,155.65
2005.0,31,151.61
2005.0,32,146.23
2005.0,33,139.48
2005.0,34,131.4
2005.0,35,122.11
2005.0,36,111.75
2005.0,37,100.82
2005.0,38,89.42
2005.0,39,77.45
2005.0,40,64.99
2005.0,41,52.43
2005.0,42,40.15
2005.0,43,29.28
2005.0,44,20.18
2005.0,45,12.66
2005.0,46,8.15
2005.0,47,4.95
2005.0,48,2.83
2005.0,49,1.39
2006.0,15,30.98
2006.0,16,60.6
2006.0,17,95.89
2006.0,18,133.13
2006.0,19,161.08
2006.0,20,177.43
2006.0,21,184.12
2006.0,22,182.6
2006.0,23,178.09
2006.0,24,172.2
2006.0,25,166.74
2006.0,26,162.3
2006.0,27,159.3
2006.0,28,157.48
2006.0,29,155.35
2006.0,30,152.6
2006.0,31,148.58
2006.0,32,143.29
2006.0,33,136.51
2006.0,34,128.3
2006.0,35,119.0
2006.0,36,109.11
2006.0,37,98.76
2006.0,38,88.0
2006.0,39,76.81
2006.0,40,65.5
2006.0,41,53.44
2006.0,42,41.29
2006.0,43,30.31
2006.0,44,20.91
2006.0,45,12.73
2006.0,46,8.01
2006.0,47,4.71
2006.0,48,2.61
2006.0,49,1.24
2007.0,15,29.28
2007.0,16,57.73
2007.0,17,92.5
2007.0,18,130.06
2007.0,19,159.11
2007.0,20,177.06
2007.0,21,184.62
2007.0,22,183.08
2007.0,23,178.19
2007.0,24,171.73
2007.0,25,165.77
2007.0,26,161.02
2007.0,27,157.79
2007.0,28,155.81
2007.0,29,153.61
2007.0,30,150.92
2007.0,31,146.79
2007.0,32,141.23
2007.0,33,133.95
2007.0,34,125.09
2007.0,35,115.27
2007.0,36,105.4
2007.0,37,95.26
2007.0,38,84.89
2007.0,39,74.36
2007.0,40,64.16
2007.0,41,52.75
2007.0,42,41.0
2007.0,43,30.25
2007.0,44,20.93
2007.0,45,12.51
2007.0,46,7.78
2007.0,47,4.51
2007.0,48,2.47
2007.0,49,1.17
2008.0,15,27.57
2008.0,16,54.87
2008.0,17,89.29
2008.0,18,127.51
2008.0,19,158.11
2008.0,20,178.21
2008.0,21,187.11
2008.0,22,185.91
2008.0,23,180.65
2008.0,24,173.26
2008.0,25,166.2
2008.0,26,160.38
2008.0,27,156.35
2008.0,28,153.9
2008.0,29,151.53
2008.0,30,148.95
2008.0,31,145.06
2008.0,32,139.82
2008.0,33,132.82
2008.0,34,124.19
2008.0,35,114.59
2008.0,36,105.02
2008.0,37,95.16
2008.0,38,85.02
2008.0,39,74.72
2008.0,40,64.83
2008.0,41,53.49
2008.0,42,41.68
2008.0,43,30.77
2008.0,44,21.22
2008.0,45,12.43
2008.0,46,7.59
2008.0,47,4.28
2008.0,48,2.27
2008.0,49,1.04
2009.0,15,25.78
2009.0,16,51.74
2009.0,17,85.42
2009.0,18,123.69
2009.0,19,155.16
2009.0,20,176.71
2009.0,21,186.47
2009.0,22,185.38
2009.0,23,179.82
2009.0,24,171.86
2009.0,25,164.23
2009.0,26,157.98
2009.0,27,153.72
2009.0,28,151.26
2009.0,29,149.01
2009.0,30,146.69
2009.0,31,142.93
2009.0,32,137.71
2009.0,33,130.62
2009.0,34,121.82
2009.0,35,112.06
2009.0,36,102.47
2009.0,37,92.64
2009.0,38,82.62
2009.0,39,72.54
2009.0,40,63.03
2009.0,41,52.04
2009.0,42,40.56
2009.0,43,29.96
2009.0,44,20.68
2009.0,45,12.09
2009.0,46,7.37
2009.0,47,4.16
2009.0,48,2.22
2009.0,49,1.03
2010.0,15,24.23
2010.0,16,48.92
2010.0,17,81.4
2010.0,18,118.69
2010.0,19,149.61
2010.0,20,170.99
2010.0,21,180.63
2010.0,22,179.41
2010.0,23,173.87
2010.0,24,166.14
2010.0,25,158.94
2010.0,26,153.29
2010.0,27,149.62
2010.0,28,147.68
2010.0,29,145.85
2010.0,30,143.78
2010.0,31,139.96
2010.0,32,134.39
2010.0,33,126.86
2010.0,34,117.6
2010.0,35,107.41
2010.0,36,97.45
2010.0,37,87.39
2010.0,38,77.31
2010.0,39,67.38
2010.0,40,58.14
2010.0,41,47.75
2010.0,42,37.1
2010.0,43,27.41
2010.0,44,19.07
2010.0,45,11.54
2010.0,46,7.24
2010.0,47,4.28
2010.0,48,2.47
2010.0,49,1.25
2011.0,15,23.18
2011.0,16,47.2
2011.0,17,79.17
2011.0,18,116.2
2011.0,19,147.11
2011.0,20,168.69
2011.0,21,178.49
2011.0,22,177.34
2011.0,23,171.86
2011.0,24,164.18
2011.0,25,157.05
2011.0,26,151.49
2011.0,27,147.94
2011.0,28,146.16
2011.0,29,144.45
2011.0,30,142.45
2011.0,31,138.58
2011.0,32,132.87
2011.0,33,125.22
2011.0,34,115.86
2011.0,35,105.56
2011.0,36,95.4
2011.0,37,85.18
2011.0,38,74.98
2011.0,39,64.98
2011.0,40,55.63
2011.0,41,45.42
2011.0,42,35.12
2011.0,43,25.87
2011.0,44,18.0
2011.0,45,11.05
2011.0,46,6.99
2011.0,47,4.2
2011.0,48,2.48
2011.0,49,1.29
2012.0,15,22.23
2012.0,16,45.63
2012.0,17,77.14
2012.0,18,113.95
2012.0,19,144.89
2012.0,20,166.7
2012.0,21,176.67
2012.0,22,175.6
2012.0,23,170.16
2012.0,24,162.53
2012.0,25,155.45
2012.0,26,149.98
2012.0,27,146.56
2012.0,28,144.92
2012.0,29,143.32
2012.0,30,141.38
2012.0,31,137.47
2012.0,32,131.61
2012.0,33,123.82
2012.0,34,114.35
2012.0,35,103.92
2012.0,36,93.55
2012.0,37,83.16
2012.0,38,72.84
2012.0,39,62.76
2012.0,40,53.31
2012.0,41,43.27
2012.0,42,33.3
2012.0,43,24.45
2012.0,44,17.02
2012.0,45,10.62
2012.0,46,6.79
2012.0,47,4.16
2012.0,48,2.51
2012.0,49,1.34
2013.0,15,21.95
2013.0,16,45.42
2013.0,17,77.09
2013.0,18,114.09
2013.0,19,145.08
2013.0,20,166.77
2013.0,21,176.45
2013.0,22,174.99
2013.0,23,169.23
2013.0,24,161.38
2013.0,25,154.21
2013.0,26,148.76
2013.0,27,145.4
2013.0,28,143.85
2013.0,29,142.32
2013.0,30,140.43
2013.0,31,136.49
2013.0,32,130.54
2013.0,33,122.61
2013.0,34,112.97
2013.0,35,102.4
2013.0,36,91.96
2013.0,37,81.55
2013.0,38,71.27
2013.0,39,61.28
2013.0,40,52.0
2013.0,41,42.14
2013.0,42,32.37
2013.0,43,23.72
2013.0,44,16.48
2013.0,45,10.23
2013.0,46,6.53
2013.0,47,3.98
2013.0,48,2.39
2013.0,49,1.27
2014.0,15,21.36
2014.0,16,44.45
2014.0,17,75.78
2014.0,18,112.51
2014.0,19,143.31
2014.0,20,164.87
2014.0,21,174.41
2014.0,22,172.79
2014.0,23,166.92
2014.0,24,159.03
2014.0,25,151.88
2014.0,26,146.51
2014.0,27,143.25
2014.0,28,141.8
2014.0,29,140.37
2014.0,30,138.53
2014.0,31,134.59
2014.0,32,128.56
2014.0,33,120.57
2014.0,34,110.89
2014.0,35,100.28
2014.0,36,89.78
2014.0,37,79.34
2014.0,38,69.07
2014.0,39,59.14
2014.0,40,49.91
2014.0,41,40.28
2014.0,42,30.85
2014.0,43,22.59
2014.0,44,15.74
2014.0,45,9.95
2014.0,46,6.44
2014.0,47,4.01
2014.0,48,2.48
2014.0,49,1.35
2015.0,15,20.78
2015.0,16,43.51
2015.0,17,74.42
2015.0,18,110.71
2015.0,19,141.13
2015.0,20,162.36
2015.0,21,171.71
2015.0,22,170.0
2015.0,23,164.12
2015.0,24,156.29
2015.0,25,149.24
2015.0,26,143.97
2015.0,27,140.8
2015.0,28,139.43
2015.0,29,138.06
2015.0,30,136.26
2015.0,31,132.35
2015.0,32,126.36
2015.0,33,118.42
2015.0,34,108.8
2015.0,35,98.28
2015.0,36,87.86
2015.0,37,77.51
2015.0,38,67.36
2015.0,39,57.56
2015.0,40,48.46
2015.0,41,39.03
2015.0,42,29.83
2015.0,43,21.8
2015.0,44,15.18
2015.0,45,9.6
2015.0,46,6.21
2015.0,47,3.88
2015.0,48,2.4
2015.0,49,1.31
2016.0,15,20.31
2016.0,16,42.69
2016.0,17,73.2
2016.0,18,109.07
2016.0,19,139.12
2016.0,20,160.07
2016.0,21,169.24
2016.0,22,167.46
2016.0,23,161.58
2016.0,24,153.81
2016.0,25,146.84
2016.0,26,141.66
2016.0,27,138.58
2016.0,28,137.29
2016.0,29,135.98
2016.0,30,134.23
2016.0,31,130.36
2016.0,32,124.39
2016.0,33,116.48
2016.0,34,106.92
2016.0,35,96.46
2016.0,36,86.11
2016.0,37,75.84
2016.0,38,65.79
2016.0,39,56.12
2016.0,40,47.14
2016.0,41,37.88
2016.0,42,28.89
2016.0,43,21.06
2016.0,44,14.63
2016.0,45,9.23
2016.0,46,5.96
2016.0,47,3.71
2016.0,48,2.29
2016.0,49,1.24
2017.0,15,19.89
2017.0,16,41.95
2017.0,17,72.08
2017.0,18,107.54
2017.0,19,137.23
2017.0,20,157.91
2017.0,21,166.91
2017.0,22,165.07
2017.0,23,159.2
2017.0,24,151.48
2017.0,25,144.6
2017.0,26,139.51
2017.0,27,136.52
2017.0,28,135.3
2017.0,29,134.05
2017.0,30,132.35
2017.0,31,128.5
2017.0,32,122.56
2017.0,33,114.7
2017.0,34,105.18
2017.0,35,94.78
2017.0,36,84.48
2017.0,37,74.29
2017.0,38,64.34
2017.0,39,54.77
2017.0,40,45.9
2017.0,41,36.8
2017.0,42,28.0
2017.0,43,20.36
2017.0,44,14.1
2017.0,45,8.87
2017.0,46,5.7
2017.0,47,3.53
2017.0,48,2.16
2017.0,49,1.17
2018.0,15,19.54
2018.0,16,41.3
2018.0,17,71.07
2018.0,18,106.13
2018.0,19,135.48
2018.0,20,155.9
2018.0,21,164.75
2018.0,22,162.86
2018.0,23,157.0
2018.0,24,149.34
2018.0,25,142.52
2018.0,26,137.53
2018.0,27,134.62
2018.0,28,133.47
2018.0,29,132.28
2018.0,30,130.63
2018.0,31,126.82
2018.0,32,120.91
2018.0,33,113.07
2018.0,34,103.6
2018.0,35,93.25
2018.0,36,83.0
2018.0,37,72.88
2018.0,38,63.01
2018.0,39,53.53
2018.0,40,44.77
2018.0,41,35.81
2018.0,42,27.17
2018.0,43,19.69
2018.0,44,13.58
2018.0,45,8.47
2018.0,46,5.42
2018.0,47,3.32
2018.0,48,2.01
2018.0,49,1.07
2019.0,15,19.22
2019.0,16,40.69
2019.0,17,70.08
2019.0,18,104.71
2019.0,19,133.69
2019.0,20,153.84
2019.0,21,162.53
2019.0,22,160.59
2019.0,23,154.75
2019.0,24,147.16
2019.0,25,140.43
2019.0,26,135.52
2019.0,27,132.69
2019.0,28,131.63
2019.0,29,130.5
2019.0,30,128.9
2019.0,31,125.13
2019.0,32,119.25
2019.0,33,111.46
2019.0,34,102.05
2019.0,35,91.75
2019.0,36,81.55
2019.0,37,71.5
2019.0,38,61.72
2019.0,39,52.34
2019.0,40,43.67
2019.0,41,34.84
2019.0,42,26.36
2019.0,43,19.04
2019.0,44,13.07
2019.0,45,8.09
2019.0,46,5.13
2019.0,47,3.12
2019.0,48,1.86
2019.0,49,0.98
2020.0,15,18.99
2020.0,16,40.21
2020.0,17,69.24
2020.0,18,103.45
2020.0,19,132.07
2020.0,20,151.95
2020.0,21,160.53
2020.0,22,158.62
2020.0,23,152.84
2020.0,24,145.33
2020.0,25,138.68
2020.0,26,133.82
2020.0,27,131.02
2020.0,28,129.97
2020.0,29,128.86
2020.0,30,127.28
2020.0,31,123.57
2020.0,32,117.77
2020.0,33,110.08
2020.0,34,100.77
2020.0,35,90.59
2020.0,36,80.53
2020.0,37,70.61
2020.0,38,60.96
2020.0,39,51.71
2020.0,40,43.19
2020.0,41,34.45
2020.0,42,26.05
2020.0,43,18.77
2020.0,44,12.81
2020.0,45,7.78
2020.0,46,4.87
2020.0,47,2.89
2020.0,48,1.67
2020.0,49,0.85
2021.0,15,18.74
2021.0,16,39.63
2021.0,17,68.23
2021.0,18,101.93
2021.0,19,130.13
2021.0,20,149.72
2021.0,21,158.14
2021.0,22,156.2
2021.0,23,150.46
2021.0,24,143.03
2021.0,25,136.47
2021.0,26,131.7
2021.0,27,128.99
2021.0,28,128.01
2021.0,29,126.97
2021.0,30,125.45
2021.0,31,121.78
2021.0,32,116.03
2021.0,33,108.4
2021.0,34,99.17
2021.0,35,89.08
2021.0,36,79.08
2021.0,37,69.24
2021.0,38,59.67
2021.0,39,50.51
2021.0,40,42.07
2021.0,41,33.47
2021.0,42,25.24
2021.0,43,18.14
2021.0,44,12.36
2021.0,45,7.5
2021.0,46,4.69
2021.0,47,2.78
2021.0,48,1.61
2021.0,49,0.82
2022.0,15,18.56
2022.0,16,39.18
2022.0,17,67.43
2022.0,18,100.7
2022.0,19,128.54
2022.0,20,147.86
2022.0,21,156.13
2022.0,22,154.16
2022.0,23,148.45
2022.0,24,141.08
2022.0,25,134.6
2022.0,26,129.91
2022.0,27,127.28
2022.0,28,126.37
2022.0,29,125.4
2022.0,30,123.93
2022.0,31,120.31
2022.0,32,114.59
2022.0,33,107.02
2022.0,34,97.87
2022.0,35,87.84
2022.0,36,77.89
2022.0,37,68.1
2022.0,38,58.59
2022.0,39,49.49
2022.0,40,41.08
2022.0,41,32.59
2022.0,42,24.51
2022.0,43,17.57
2022.0,44,11.95
2022.0,45,7.27
2022.0,46,4.55
2022.0,47,2.7
2022.0,48,1.56
2022.0,49,0.79
2023.0,15,18.31
2023.0,16,38.62
2023.0,17,66.42
2023.0,18,99.16
2023.0,19,126.53
2023.0,20,145.49
2023.0,21,153.57
2023.0,22,151.58
2023.0,23,145.92
2023.0,24,138.65
2023.0,25,132.27
2023.0,26,127.68
2023.0,27,125.13
2023.0,28,124.3
2023.0,29,123.39
2023.0,30,121.98
2023.0,31,118.42
2023.0,32,112.77
2023.0,33,105.29
2023.0,34,96.26
2023.0,35,86.35
2023.0,36,76.48
2023.0,37,66.78
2023.0,38,57.36
2023.0,39,48.34
2023.0,40,40.0
2023.0,41,31.64
2023.0,42,23.73
2023.0,43,16.96
2023.0,44,11.51
2023.0,45,7.01
2023.0,46,4.39
2023.0,47,2.61
2023.0,48,1.51
2023.0,49,0.76
