year,sex,AlcoholUseDisorder,Asthma,BreastCancer,COPD,CardiovascularDiseases,CervicalCancer,ChronicKidneyDisease,ChronicLiverDisease,ColorectalCancer,InterpersonalViolence,LungCancer,MajorDepressiveDisorder,ProstateCancer,RoadInjuries,Type1Diabetes,Type2Diabetes
1990,Both,0.013573519,0.080163094,0.000393114,0.007891941,0.03552543,0.000329744,0.042605546,0.178853327,0.000129628,0.037884215,6.3e-05,0.020559057,0.000167163,0.011831937,0.001923678,0.011053902
1990,Female,0.004250825,0.079313002,0.000723069,0.007766158,0.036567202,0.000626311,0.0459246,0.172187689,0.000115716,0.036313668,2.86e-05,0.024093801,0.0,0.008700146,0.001903698,0.01219443
1990,Male,0.023939324,0.08110837,2.62e-05,0.008031823,0.034367186,,0.038915212,0.186264921,0.000145098,0.039630477,0.000101315,0.016628748,0.000353029,0.015314209,0.001945902,0.009785792
1991,Both,0.013629883,0.078291835,0.000400158,0.007873838,0.035585484,0.000337355,0.042729123,0.178934102,0.000132031,0.037696258,6.36e-05,0.020770488,0.000171709,0.011870181,0.001929315,0.011443331
1991,Female,0.004263283,0.077449636,0.000735986,0.007741817,0.036628649,0.000640788,0.046018235,0.172016382,0.000117985,0.036183325,2.94e-05,0.02436654,0.0,0.008519029,0.001908529,0.012572664
1991,Male,0.024043748,0.079228286,2.68e-05,0.008020649,0.034425777,,0.039072359,0.186625536,0.000147649,0.039378342,0.00010166,0.016772352,0.000362616,0.015596083,0.001952432,0.010187762
1992,Both,0.013721924,0.076532376,0.000405266,0.007869774,0.035684882,0.00034077,0.04292666,0.179140355,0.000133366,0.03752071,6.37e-05,0.020985911,0.000175695,0.011966317,0.001936179,0.011883632
1992,Female,0.004280976,0.075655149,0.000745328,0.007729139,0.036726677,0.000647241,0.046191367,0.171956166,0.000119159,0.036071482,2.99e-05,0.024633564,0.0,0.008377193,0.001914737,0.013010176
1992,Male,0.02421968,0.077507927,2.71e-05,0.008026183,0.034526569,,0.039296613,0.187129066,0.000149166,0.039132165,0.000101287,0.016929984,0.000371056,0.015957265,0.001960027,0.010631019
1993,Both,0.013847883,0.074911982,0.000409081,0.007881459,0.035827533,0.000341026,0.043200403,0.179507535,0.000134634,0.037360553,6.4e-05,0.021206991,0.000178841,0.012119407,0.001944228,0.012375326
1993,Female,0.004303364,0.073968899,0.000752129,0.007729692,0.036865304,0.000647644,0.046446172,0.172054339,0.000119801,0.035976529,3.04e-05,0.024897332,0.0,0.008276051,0.001922263,0.013506474
1993,Male,0.024463682,0.07596111,2.75e-05,0.008050294,0.034673388,,0.039590442,0.187797654,0.000151133,0.038899938,0.000101494,0.017102524,0.000377752,0.016394201,0.001968664,0.011117252
1994,Both,0.014001908,0.073462306,0.00041437,0.007905959,0.036004055,0.000345095,0.04353696,0.180043751,0.00013796,0.037214438,6.6e-05,0.021431293,0.00018003,0.012324722,0.001953345,0.012912807
1994,Female,0.004329464,0.072436445,0.000761212,0.007741054,0.037035253,0.000655239,0.046770354,0.172341383,0.000121365,0.035896853,3.12e-05,0.02515737,0.0,0.008215794,0.001931047,0.014054853
1994,Male,0.024764623,0.074604084,2.84e-05,0.008089488,0.034856738,,0.039939219,0.188614694,0.000156428,0.038680577,0.000104798,0.017285335,0.00038035,0.01689686,0.001978161,0.011642067
1995,Both,0.014177785,0.072220722,0.000423544,0.007940337,0.036203686,0.000358712,0.043921198,0.180755243,0.000142953,0.037080346,6.77e-05,0.021656838,0.000178915,0.01257721,0.001963381,0.013489674
1995,Female,0.004358195,0.071107571,0.000777432,0.007760191,0.037223993,0.000680896,0.047148237,0.17284346,0.000124692,0.035829874,3.16e-05,0.025413041,0.0,0.008196237,0.00194096,0.014647097
1995,Male,0.025110958,0.07346051,2.95e-05,0.008140946,0.035067801,,0.04032832,0.189564579,0.000163286,0.038472681,0.000107838,0.017474818,0.000378117,0.017455056,0.00198835,0.012201035
1996,Both,0.014441894,0.07120159,0.000431023,0.007988394,0.036450692,0.000367971,0.044407346,0.181299424,0.000149151,0.036922026,7.2e-05,0.021898262,0.00017967,0.01291592,0.001976287,0.014149888
1996,Female,0.004399899,0.069893585,0.000789549,0.007784769,0.037444973,0.000698009,0.0476258,0.173181046,0.000126607,0.035779122,3.27e-05,0.025671314,0.0,0.008235152,0.001953629,0.015327019
1996,Male,0.025638243,0.072660299,3.13e-05,0.008215464,0.035342244,,0.04081903,0.19035147,0.000174288,0.038196371,0.000115918,0.017691618,0.000379991,0.018134815,0.002001558,0.012837472
1997,Both,0.014819888,0.070382032,0.000442991,0.008054171,0.036766989,0.000384812,0.045030706,0.181556733,0.000154863,0.036740377,7.56e-05,0.022169549,0.000182622,0.013360028,0.001992868,0.01491766
1997,Female,0.004458726,0.068727153,0.000810061,0.007818132,0.037720742,0.000729117,0.048234645,0.173192517,0.000129612,0.035750467,3.39e-05,0.025945045,0.0,0.008338222,0.001969583,0.016122674
1997,Male,0.02640016,0.072231922,3.27e-05,0.008318036,0.035701177,,0.04144991,0.190905703,0.000183086,0.037846843,0.000122075,0.01794997,0.00038673,0.018972778,0.002018904,0.013570885
1998,Both,0.01524127,0.069736163,0.000461408,0.008134446,0.03712923,0.000414188,0.045736603,0.181811543,0.000163244,0.036588094,8.09e-05,0.022463557,0.00018869,0.013872621,0.002010869,0.015750847
1998,Female,0.004524229,0.06768113,0.000841919,0.007861798,0.038037562,0.000783696,0.048918589,0.173175054,0.000134529,0.035743322,3.58e-05,0.026235626,0.0,0.008483873,0.00198663,0.016990617
1998,Male,0.02725442,0.072039983,3.49e-05,0.008440145,0.036111273,,0.042169953,0.191493338,0.000195434,0.037535141,0.000131547,0.018235466,0.000400196,0.019913166,0.002038055,0.014361159
1999,Both,0.015626397,0.069232114,0.00048902,0.008219295,0.037493953,0.000463022,0.046443971,0.182295549,0.000172506,0.036522081,8.66e-05,0.0227698,0.000195754,0.014407303,0.002027951,0.016591069
1999,Female,0.004585567,0.06682127,0.00089127,0.007912304,0.038361748,0.000874916,0.04959786,0.173389884,0.000143095,0.035765102,3.89e-05,0.026541497,0.0,0.008647594,0.002002603,0.017872803
1999,Male,0.028037972,0.071942482,3.68e-05,0.008564504,0.036518738,,0.042898734,0.192307901,0.000205572,0.037373176,0.000140334,0.018530025,0.000415807,0.020882199,0.002056467,0.01515022
2000,Both,0.01589023,0.068826935,0.000523883,0.008298315,0.037813586,0.00053276,0.047065046,0.183198155,0.000184958,0.036601368,9.3e-05,0.023072192,0.000204173,0.014913332,0.002041509,0.017372556
2000,Female,0.004630997,0.066202076,0.000954067,0.007965539,0.038654996,0.001005691,0.050184434,0.174055184,0.000155611,0.035820118,4.22e-05,0.026853254,0.0,0.00880263,0.002015088,0.018703651
2000,Male,0.028574205,0.071784092,3.93e-05,0.008673325,0.0368661,,0.043551179,0.193499226,0.000218022,0.037481618,0.000150305,0.018812882,0.000434174,0.021797406,0.002071301,0.015873025
2001,Both,0.016037662,0.068469166,0.000550739,0.008369131,0.038088886,0.000584572,0.047618415,0.183696935,0.000195417,0.036835136,0.000100453,0.023401037,0.000212792,0.015436627,0.002050127,0.018092793
2001,Female,0.004663734,0.065671706,0.001001894,0.008020282,0.038923292,0.001102723,0.050702261,0.17444803,0.000164188,0.035897783,4.55e-05,0.027188422,0.0,0.008960249,0.002022439,0.019492567
2001,Male,0.028870176,0.071625586,4.17e-05,0.008762842,0.037147897,,0.044139402,0.194132923,0.000230655,0.037892846,0.000162499,0.019128229,0.000452861,0.022743617,0.002081393,0.016513561
2002,Both,0.016144688,0.068135229,0.000582843,0.008434652,0.038351641,0.000655533,0.048167077,0.183229628,0.000207827,0.037156793,0.000107097,0.02377336,0.000219807,0.016008918,0.002055232,0.018799931
2002,Female,0.004694649,0.065082715,0.001060081,0.0080761,0.039194063,0.001235897,0.051219037,0.174018466,0.000176316,0.035982793,4.91e-05,0.02754972,0.0,0.009136525,0.00202594,0.020296629
2002,Male,0.02907831,0.071583503,4.38e-05,0.008839791,0.037400505,,0.044720047,0.19363521,0.000243423,0.038483074,0.000172664,0.019508026,0.000468084,0.023771816,0.002088346,0.017109406
2003,Both,0.016225982,0.067822247,0.000604164,0.008494377,0.038604453,0.000698415,0.048691459,0.182324034,0.000217577,0.037508904,0.000112674,0.024148692,0.000225506,0.016552701,0.002058388,0.019503141
2003,Female,0.004723984,0.064492133,0.001098227,0.008130644,0.039468033,0.001316358,0.051720203,0.173216781,0.00018354,0.036072634,5.13e-05,0.027906589,0.0,0.009310493,0.002027554,0.021118356
2003,Male,0.029226558,0.07158647,4.57e-05,0.008905632,0.037628802,,0.045268559,0.192618755,0.000256049,0.039132488,0.000182097,0.019901578,0.000480381,0.024738501,0.002093268,0.017677643
2004,Both,0.016300669,0.067524727,0.000624833,0.008547082,0.038849236,0.00074179,0.049175534,0.181510154,0.000225389,0.037837213,0.000117167,0.024489057,0.000229197,0.016988471,0.002061436,0.020211317
2004,Female,0.004753115,0.063955902,0.001136439,0.008182249,0.039748651,0.001398131,0.052198693,0.172500409,0.000190717,0.036170354,5.36e-05,0.028231732,0.0,0.00946169,0.002029559,0.021962684
2004,Male,0.029352561,0.071558655,4.66e-05,0.008959575,0.037833088,,0.04575908,0.191694529,0.000264576,0.03972143,0.000188978,0.020259237,0.000488239,0.02549578,0.002097498,0.018232023
2005,Both,0.016391508,0.067228663,0.000643022,0.00859308,0.039090891,0.000776276,0.049607644,0.181303692,0.000230769,0.038086888,0.000118533,0.024755501,0.000230607,0.01723903,0.002066221,0.020935744
2005,Female,0.00478325,0.063521802,0.001171083,0.008227755,0.040033038,0.00146379,0.05264232,0.172297433,0.000196965,0.036277315,5.51e-05,0.028497374,0.0,0.009568592,0.002034172,0.022830259
2005,Male,0.029499474,0.071414504,4.67e-05,0.009005731,0.038027437,,0.046181537,0.191474392,0.000268938,0.040130494,0.00019018,0.02053065,0.000490992,0.02590041,0.002102446,0.018796775
2006,Both,0.016496992,0.066701624,0.000652267,0.008628356,0.039328632,0.000774727,0.050016468,0.180857244,0.000232554,0.038273628,0.000119002,0.024962366,0.000232655,0.017380912,0.002072351,0.021693236
2006,Female,0.004823219,0.063044107,0.001189518,0.008254556,0.040327282,0.00146218,0.053074402,0.171737478,0.00019809,0.036397185,5.59e-05,0.028722126,0.0,0.009664087,0.002041064,0.023729046
2006,Male,0.029653706,0.070823907,4.68e-05,0.009049745,0.038203539,,0.046570638,0.191136245,0.000271392,0.040388666,0.000190166,0.020725405,0.000494851,0.026078012,0.002107644,0.019399086
2007,Both,0.016604012,0.065820438,0.000668289,0.008653759,0.039562347,0.000780259,0.050441958,0.179459205,0.000236668,0.038450123,0.000120687,0.025157085,0.000237573,0.017532372,0.002078599,0.022491775
2007,Female,0.004877097,0.062387153,0.001220435,0.008266194,0.040650693,0.001474317,0.053545964,0.170189056,0.000200594,0.036529278,5.68e-05,0.02895083,0.0,0.009785384,0.002048724,0.02468369
2007,Male,0.02978825,0.069680564,4.75e-05,0.00908957,0.038339178,,0.046952713,0.18988195,0.00027722,0.040609895,0.000192506,0.020892251,0.000504659,0.026242096,0.002112214,0.020027712
2008,Both,0.016714443,0.064748139,0.000679251,0.008680889,0.039812046,0.000768029,0.050899563,0.177813295,0.000238472,0.038616861,0.000121309,0.025350552,0.000242754,0.017680601,0.002085732,0.02333864
2008,Female,0.004938656,0.061624115,0.00124194,0.008283678,0.041021289,0.00145303,0.054087373,0.168415982,0.000199743,0.036669894,5.69e-05,0.029189751,0.0,0.009917241,0.002057761,0.025717901
2008,Male,0.029918437,0.06825125,4.83e-05,0.009126338,0.038456592,,0.047325594,0.188350786,0.000281892,0.040800192,0.000193561,0.021046035,0.000514941,0.02638554,0.002117119,0.020671038
2009,Both,0.016837366,0.063646876,0.000696499,0.00872182,0.040095698,0.0007687,0.051403059,0.176604245,0.0002415,0.038776666,0.000121804,0.025551996,0.000249021,0.017817696,0.002094379,0.024239804
2009,Female,0.005000307,0.060827523,0.001275515,0.008325831,0.041445163,0.001456249,0.054710716,0.167125932,0.000201327,0.036810038,5.75e-05,0.029441492,0.0,0.010041503,0.00206842,0.026848061
2009,Male,0.030072382,0.066799392,4.91e-05,0.009164623,0.038587348,,0.047705227,0.187202268,0.000286408,0.04097581,0.000193664,0.021203418,0.000527444,0.026512272,0.002123425,0.021323727
2010,Both,0.016985379,0.062682476,0.000710904,0.008790752,0.040436153,0.000757535,0.051971806,0.17649396,0.000242403,0.038935418,0.000118965,0.025768115,0.000256013,0.017939981,0.002105178,0.025204621
2010,Female,0.005053997,0.060072106,0.001304352,0.008411601,0.041924699,0.001437261,0.055423882,0.16698552,0.000201182,0.036940079,5.65e-05,0.0297013,0.0,0.010138973,0.002080839,0.028087785
2010,Male,0.030283427,0.065592042,4.95e-05,0.009213373,0.038777642,,0.048124799,0.187091763,0.000288336,0.041159612,0.000188609,0.021384642,0.000541345,0.026634562,0.002132325,0.021991433
2011,Both,0.017113958,0.061764664,0.000725793,0.008892106,0.040871085,0.000743239,0.052648724,0.176735473,0.000242727,0.039047762,0.000117272,0.026085713,0.00026468,0.017941303,0.002123111,0.02635896
2011,Female,0.00505586,0.05924926,0.001334452,0.008539376,0.042481146,0.001412447,0.056246502,0.167284217,0.000200518,0.037038599,5.64e-05,0.030062464,0.0,0.010133789,0.002099296,0.029617819
2011,Male,0.03050672,0.064558698,4.98e-05,0.009283933,0.039083328,,0.048653235,0.187233361,0.000289599,0.041279605,0.000184921,0.021669053,0.000558654,0.026613025,0.002149584,0.022739628
2012,Both,0.01719846,0.060773625,0.000748557,0.009015334,0.041389861,0.000747365,0.053426788,0.176458018,0.000246288,0.039089116,0.00011705,0.026527555,0.000275354,0.017772295,0.002149923,0.0277166
2012,Female,0.004992679,0.058296008,0.001379287,0.008691798,0.043114317,0.001422766,0.057163554,0.167144198,0.00020305,0.037099068,5.7e-05,0.030555066,0.0,0.010001185,0.002125231,0.031459268
2012,Male,0.03070537,0.063515571,5.06e-05,0.00937343,0.039482097,,0.049292246,0.186765494,0.000294129,0.041291594,0.000183509,0.022071025,0.000580059,0.02637183,0.002177274,0.023575212
2013,Both,0.017280005,0.059835325,0.000773472,0.009156219,0.041957949,0.000755691,0.054264115,0.176125825,0.000250386,0.039101346,0.000116661,0.027010252,0.000286833,0.017519723,0.002181474,0.029120402
2013,Female,0.004904813,0.057361008,0.001428467,0.008864206,0.043792828,0.001441323,0.058133966,0.166969723,0.000206474,0.037140258,5.78e-05,0.031085688,0.0,0.009802029,0.002154692,0.033367145
2013,Male,0.030920387,0.062562835,5.15e-05,0.009478174,0.03993602,,0.049999249,0.18621913,0.000298782,0.041263224,0.000181559,0.022518527,0.000602988,0.026026482,0.002211028,0.024439737
2014,Both,0.017403805,0.059062348,0.000797337,0.009311868,0.042540266,0.000760231,0.055123748,0.176197136,0.000253648,0.039128283,0.000115441,0.027454097,0.00029816,0.01727793,0.002213419,0.030407303
2014,Female,0.004835172,0.056583415,0.001476307,0.009053252,0.044487421,0.001452962,0.059123797,0.16715631,0.000209546,0.03717974,5.84e-05,0.031570431,0.0,0.009602034,0.002183518,0.03508384
2014,Male,0.031198018,0.061783261,5.22e-05,0.009595807,0.040403828,,0.050734345,0.186120977,0.000302046,0.041267142,0.0001781,0.022936826,0.00062539,0.025702367,0.002246276,0.025274989
2015,Both,0.0176149,0.058577184,0.00081785,0.009480715,0.043108843,0.000755998,0.055973141,0.177109606,0.000256723,0.039217118,0.000115902,0.027778876,0.000309265,0.017146125,0.002241469,0.031409211
2015,Female,0.004829457,0.0561128,0.001518065,0.00925778,0.045179665,0.001448028,0.060109542,0.168091667,0.000211765,0.037239522,5.97e-05,0.031926802,0.0,0.009472601,0.002207665,0.036342293
2015,Male,0.031583067,0.061269845,5.29e-05,0.009724401,0.040847112,,0.051454878,0.186963493,0.00030584,0.041377985,0.000177277,0.023247781,0.000647136,0.025529575,0.002278451,0.026020004
2016,Both,0.017986573,0.058321643,0.00084119,0.0096731,0.04365514,0.000753174,0.056803724,0.178109317,0.000261372,0.039348337,0.000115815,0.027992569,0.000321229,0.017100509,0.002267965,0.032201216
2016,Female,0.004878756,0.055882388,0.001564986,0.009498658,0.045863643,0.001445717,0.061065854,0.169156852,0.000214932,0.037312725,6.03e-05,0.032165379,0.0,0.009396008,0.002228281,0.037202077
2016,Male,0.032242892,0.060974996,5.4e-05,0.009862939,0.041253718,,0.052168921,0.187847676,0.000311883,0.041562686,0.000176192,0.023454671,0.000670603,0.025480148,0.00231117,0.02676244
2017,Both,0.018490041,0.058154684,0.000867416,0.00989074,0.044202675,0.000755357,0.057645812,0.17862505,0.000266685,0.039491227,0.000115982,0.028181341,0.000333915,0.017071894,0.002296531,0.032976306
2017,Female,0.004937449,0.05572791,0.001617376,0.009779069,0.046560275,0.001452799,0.062014484,0.169852988,0.000218914,0.037388804,6.11e-05,0.032373753,0.0,0.009324913,0.002249155,0.037964196
2017,Male,0.033168903,0.060783569,5.51e-05,0.010011799,0.041649687,,0.052914854,0.188127393,0.000318428,0.041768807,0.000175457,0.023641073,0.00069558,0.025462774,0.002347883,0.027574197
2018,Both,0.019007433,0.058078916,0.000893657,0.010117763,0.044770181,0.000757254,0.058517318,0.179310722,0.000271818,0.039674616,0.000115923,0.028374124,0.000346978,0.017093867,0.002324238,0.033726787
2018,Female,0.004997155,0.055654776,0.001669935,0.010064285,0.047264762,0.001459174,0.06298247,0.170678312,0.000223112,0.037482865,6.19e-05,0.032579509,0.0,0.009289222,0.002269831,0.038690152
2018,Male,0.034122907,0.060694787,5.61e-05,0.010175571,0.042079323,,0.053700686,0.188625258,0.000324369,0.042039788,0.000174237,0.023837582,0.000721331,0.025514337,0.00238297,0.028372201
2019,Both,0.019411947,0.058099339,0.000917905,0.010336669,0.045372993,0.0007551,0.059438168,0.180799147,0.000276017,0.039927814,0.000115442,0.028602295,0.00036025,0.017203259,0.002347887,0.034446598
2019,Female,0.005049083,0.055669193,0.00171901,0.010317273,0.047972683,0.001457693,0.06400647,0.172102473,0.000226606,0.037608846,6.25e-05,0.032812474,0.0,0.009321188,0.002289796,0.039450842
2019,Male,0.034848778,0.060711743,5.69e-05,0.010357638,0.042579408,,0.054529002,0.190147172,0.000329128,0.042420812,0.000172384,0.024077936,0.000747444,0.025674956,0.002410347,0.029068485
2020,Both,0.019043899,0.058870678,0.000935896,0.01048852,0.045837388,0.00075306,0.060534575,0.184457997,0.000277195,0.040259932,0.00011428,0.035427598,0.000368021,0.01735861,0.002359976,0.035291554
2020,Female,0.005042207,0.056178536,0.001756793,0.010466212,0.048446407,0.001456339,0.065472515,0.174534961,0.000228784,0.037780418,6.3e-05,0.040464759,0.0,0.009415001,0.002305342,0.040468222
2020,Male,0.034037623,0.061753912,5.68e-05,0.010512475,0.043044102,,0.055247662,0.195086048,0.000329043,0.042915732,0.000169255,0.030033997,0.000762104,0.025865034,0.002418525,0.029748468
2021,Both,0.019441429,0.059103298,0.000950826,0.010577984,0.045834255,0.000760262,0.060244068,0.181503139,0.000274826,0.040375942,0.000112149,0.042504853,0.000364179,0.017624257,0.002391659,0.035921581
2021,Female,0.00511328,0.056732224,0.001789301,0.010676369,0.048631664,0.001472663,0.064903889,0.17326872,0.000229804,0.037906969,6.33e-05,0.048724992,0.0,0.009519888,0.00232719,0.04148689
2021,Male,0.034732919,0.061634265,5.6e-05,0.010473031,0.042849159,,0.055271578,0.190292515,0.000322882,0.043011569,0.000164336,0.035867032,0.00075284,0.026273596,0.002460495,0.029982756
