Age,Year,HIV_male,HIV_female,Alcohol use disorders_male,Alcohol use disorders_female,Depression_male,Depression_female
0,1990,0.00323067,0.003235086,0.005157959,0.003987889,0,0
2,1990,0.00323067,0.003235087,0.00529588,0.003998152,5.80288E-05,7.80161E-05
5,1990,0.000489561,0.000490103,0.00532596,0.004031032,0.020341985,0.08619154
10,1990,1.13738E-05,1.13714E-05,0.019133878,0.018405841,0.127382572,0.414483593
15,1990,0.012189825,0.011110379,0.243769673,0.179818491,0.273591015,0.583853411
20,1990,0.083767995,0.047846742,0.700532084,0.458470656,0.296866577,0.613779672
25,1990,0.223956988,0.093433459,0.775222582,0.445752245,0.321950228,0.621416353
30,1990,0.323636295,0.112105308,0.745137643,0.370408328,0.334779908,0.629376735
35,1990,0.354474167,0.097581296,0.7203336,0.315254306,0.344668098,0.622709578
40,1990,0.274048113,0.055975657,0.681154106,0.261563316,0.348315776,0.614196631
45,1990,0.170039886,0.029725056,0.608224644,0.209382658,0.33772584,0.594240613
50,1990,0.099368168,0.017368497,0.52536907,0.164609379,0.316606462,0.557940712
55,1990,0.063458201,0.01117561,0.445201819,0.145242605,0.292357647,0.518188498
60,1990,0.036471769,0.007386913,0.360422458,0.130615018,0.269996002,0.482147638
65,1990,0.019775263,0.00515963,0.271904193,0.114809491,0.260590859,0.456485903
70,1990,0.009518787,0.003503181,0.191412005,0.099952198,0.254758919,0.432853257
75,1990,0.008808184,0.003684697,0.15222003,0.091981113,0.254884009,0.418526007
80,1990,0.001375484,0.00055726,0.133768559,0.089658949,0.257486448,0.405836438
85,1990,0.001375484,0.00055726,0.147103745,0.099798762,0.261637422,0.401646735
90,1990,0.001375484,0.00055726,0.179655755,0.11869897,0.26609551,0.400596694
95,1990,0.001375484,0.00055726,0.236686669,0.148560129,0.272143017,0.402549628
0,1991,0.003508092,0.003512114,0.005067829,0.003921983,0,0
2,1991,0.003508171,0.003512135,0.005239283,0.003947632,5.80703E-05,7.80236E-05
5,1991,0.0007196,0.00072013,0.005272381,0.003975307,0.021023417,0.089226393
10,1991,0.000032587,3.26069E-05,0.021254332,0.023281938,0.130020302,0.420846066
15,1991,0.009150837,0.009140865,0.251320553,0.204485043,0.278316692,0.590900273
20,1991,0.071933543,0.04393841,0.690087331,0.472741165,0.300901911,0.619955811
25,1991,0.207260366,0.091565156,0.738634333,0.439847896,0.326001856,0.62750255
30,1991,0.316643146,0.115228863,0.693462429,0.354604502,0.338477616,0.635180309
35,1991,0.36578258,0.107193634,0.670266082,0.305970573,0.347996257,0.627898706
40,1991,0.297125238,0.065466795,0.6350145,0.258602276,0.351325868,0.618770738
45,1991,0.189200428,0.034575466,0.563986187,0.204260108,0.340510143,0.598620127
50,1991,0.109743744,0.019565133,0.48388591,0.156331821,0.31922039,0.561911027
55,1991,0.070017817,0.012582185,0.409001954,0.135305993,0.294707186,0.521615932
60,1991,0.041325587,0.008180646,0.332115514,0.120243807,0.272031041,0.485292313
65,1991,0.022975587,0.005717695,0.253856151,0.106512409,0.262396606,0.458947417
70,1991,0.01098795,0.003773967,0.183205725,0.094315426,0.256263754,0.43481837
75,1991,0.00886626,0.003787514,0.148992134,0.088329104,0.256402457,0.420419142
80,1991,0.002145623,0.000850005,0.133497332,0.087547611,0.259063674,0.407615032
85,1991,0.002145623,0.000850017,0.147213857,0.098245856,0.263309373,0.403599596
90,1991,0.002145628,0.000850066,0.178948502,0.117654512,0.267710409,0.402469384
95,1991,0.002145633,0.00085003,0.232873329,0.14758439,0.273688466,0.404319224
0,1992,0.003688356,0.003692975,0.004982363,0.003855581,0,0
2,1992,0.00368847,0.003693002,0.005183715,0.003897376,5.79448E-05,7.78672E-05
5,1992,0.000982568,0.00098334,0.005220919,0.003919901,0.020810276,0.08830701
10,1992,7.27956E-05,7.28579E-05,0.023199708,0.027693961,0.128988773,0.417054093
15,1992,0.007225132,0.008036997,0.258155051,0.226042976,0.277615712,0.586569113
20,1992,0.062363678,0.040542565,0.679667044,0.482604024,0.300086432,0.615725296
25,1992,0.186900117,0.087654604,0.704776001,0.433054066,0.325323423,0.623996126
30,1992,0.30482844,0.116277102,0.645983123,0.339720748,0.337628227,0.631620066
35,1992,0.367996348,0.114397662,0.624216713,0.297070366,0.346930225,0.624362286
40,1992,0.316490416,0.075262288,0.592562642,0.255563443,0.350068883,0.61507209
45,1992,0.207715109,0.03974482,0.523488668,0.199880297,0.339130796,0.594911615
50,1992,0.119729293,0.02183519,0.445966577,0.1500317,0.317762188,0.558144109
55,1992,0.075754313,0.013967753,0.375797489,0.127401626,0.293086493,0.517575165
60,1992,0.046087617,0.009005687,0.3066427,0.111612289,0.270238985,0.48122423
65,1992,0.026040137,0.006234602,0.237768836,0.099507335,0.260371846,0.454572935
70,1992,0.012834855,0.00409995,0.175968038,0.089525503,0.254097869,0.430351941
75,1992,0.008768078,0.003752754,0.146226436,0.085272068,0.25429115,0.416052233
80,1992,0.002929028,0.0011484,0.133347273,0.085907273,0.257022901,0.403435248
85,1992,0.002929025,0.001148429,0.147458328,0.097254424,0.261370362,0.399613392
90,1992,0.002929035,0.001148548,0.178612487,0.117022378,0.26567509,0.398463382
95,1992,0.002929047,0.00114846,0.230540329,0.147017596,0.271544302,0.400157147
0,1993,0.003598214,0.003602897,0.004904241,0.003790153,0,0
2,1993,0.003598322,0.003602922,0.005131018,0.003847999,5.79878E-05,7.78765E-05
5,1993,0.001256008,0.001256747,0.005173754,0.003866461,0.021050408,0.089355653
10,1993,0.000140471,0.000140708,0.024906273,0.03128199,0.130445374,0.421530945
15,1993,0.00621352,0.007565116,0.263736224,0.243125198,0.281320092,0.591269388
20,1993,0.054174633,0.037498068,0.669331871,0.488764902,0.303157764,0.619602233
25,1993,0.165744463,0.082767707,0.674389121,0.425491629,0.328356514,0.627908589
30,1993,0.290481409,0.116262926,0.604202212,0.325911108,0.340266456,0.635144283
35,1993,0.364188369,0.119747721,0.583549457,0.288605014,0.349286956,0.627605961
40,1993,0.332962865,0.085283809,0.55503874,0.252475609,0.35209662,0.617944543
45,1993,0.225514961,0.045410162,0.488391746,0.196464476,0.341002147,0.597541903
50,1993,0.129883212,0.024365214,0.413925126,0.14562968,0.319546628,0.560634802
55,1993,0.081075219,0.015410355,0.34836114,0.121630541,0.294599202,0.51941813
60,1993,0.050796675,0.00993212,0.285989344,0.105045051,0.271431321,0.482746422
65,1993,0.029013753,0.006756788,0.224819666,0.094111252,0.26132946,0.455545246
70,1993,0.015004696,0.004484617,0.170188773,0.085815518,0.254781658,0.430882118
75,1993,0.008770505,0.003711634,0.144069027,0.082934393,0.254992754,0.416512616
80,1993,0.003604216,0.001410177,0.133299507,0.084737007,0.257812074,0.403819459
85,1993,0.003604211,0.00141022,0.147808307,0.0967008,0.262293167,0.400212917
90,1993,0.003604221,0.001410391,0.178563943,0.116700776,0.266579586,0.399068988
95,1993,0.003604239,0.001410264,0.229326934,0.14675919,0.272208764,0.400392777
0,1994,0.003233619,0.003237636,0.004836031,0.003727153,0,0
2,1994,0.003233681,0.003237645,0.005083032,0.003800118,5.79279E-05,7.77845E-05
5,1994,0.001518919,0.001520378,0.005133065,0.003816637,0.021446932,0.091100503
10,1994,0.000242704,0.000243356,0.026310294,0.033686102,0.132478007,0.4274122
15,1994,0.005374139,0.006856461,0.26752713,0.254364616,0.285433911,0.596816921
20,1994,0.045058713,0.03342981,0.659142458,0.491929469,0.306690961,0.624238445
25,1994,0.143000912,0.076221184,0.648215232,0.417281458,0.331775907,0.63246378
30,1994,0.272051209,0.114155872,0.569622183,0.313329625,0.343143968,0.639133284
35,1994,0.3539255,0.122582828,0.54962828,0.280625845,0.351849995,0.631408683
40,1994,0.344758421,0.094332722,0.523683005,0.24936757,0.354381121,0.621448501
45,1994,0.241117537,0.051201443,0.460355075,0.194233892,0.3431652,0.600851643
50,1994,0.139444512,0.02692771,0.390075612,0.143046427,0.321694158,0.563842596
55,1994,0.085481364,0.01670808,0.329465621,0.118093777,0.296377462,0.521713068
60,1994,0.054873779,0.010819678,0.272140771,0.100866677,0.272884245,0.484748448
65,1994,0.031679036,0.007220412,0.216186061,0.090641147,0.262548703,0.456938851
70,1994,0.017138636,0.004844392,0.16635776,0.08341856,0.255686762,0.431712747
75,1994,0.00895423,0.003684518,0.142665996,0.081440465,0.255902991,0.417236534
80,1994,0.004115394,0.001616008,0.133335161,0.08403588,0.258826915,0.404438751
85,1994,0.004115391,0.001616046,0.148234943,0.096461316,0.26350014,0.401154906
90,1994,0.004115396,0.001616195,0.178719102,0.116587912,0.267822511,0.400120627
95,1994,0.004115413,0.001616085,0.228872411,0.146708611,0.273055855,0.40079476
0,1995,0.002853775,0.002856197,0.004780415,0.003668017,0,0
2,1995,0.002853774,0.002856198,0.005041599,0.003754349,5.79561E-05,7.77788E-05
5,1995,0.001747671,0.001749618,0.005101035,0.003772078,0.022024023,0.093637912
10,1995,0.00038498,0.000386106,0.027348037,0.034546377,0.134720212,0.432960819
15,1995,0.004435862,0.005873951,0.268990827,0.258394139,0.289347251,0.601715558
20,1995,0.035229443,0.028370159,0.649159453,0.492803395,0.309851859,0.628180353
25,1995,0.120625903,0.068625138,0.626995871,0.408544428,0.334997564,0.636449452
30,1995,0.249761668,0.110007676,0.543745522,0.302130339,0.345834453,0.642633464
35,1995,0.338678436,0.123110591,0.523817145,0.273184189,0.35425843,0.634822229
40,1995,0.35026999,0.101696896,0.499735648,0.246268118,0.356423384,0.624581478
45,1995,0.253914349,0.057148605,0.441038312,0.193409797,0.345074816,0.603804193
50,1995,0.148566433,0.02957504,0.376732093,0.142202605,0.32356924,0.566652299
55,1995,0.089284041,0.017881366,0.321883645,0.116892373,0.297937551,0.523632462
60,1995,0.058123249,0.011653896,0.267082309,0.099401755,0.274087927,0.486332556
65,1995,0.034136876,0.00763838,0.21304544,0.089414004,0.263531274,0.457940144
70,1995,0.019105588,0.005177651,0.164964829,0.082567717,0.256341012,0.43212521
75,1995,0.009469167,0.003704837,0.142163435,0.080914674,0.256597575,0.417542963
80,1995,0.004430062,0.001756793,0.13343536,0.083802962,0.259640743,0.404637042
85,1995,0.004430062,0.001756793,0.148709387,0.096412303,0.264546086,0.401773196
90,1995,0.004430062,0.001756793,0.178994197,0.116581993,0.268880728,0.400796123
95,1995,0.004430062,0.001756793,0.228816027,0.146765302,0.273692361,0.400815641
0,1996,0.002501018,0.002502583,0.004726065,0.003603337,0,0
2,1996,0.002501001,0.002502536,0.004995136,0.003697544,5.7898E-05,7.91074E-05
5,1996,0.001925212,0.001927422,0.00506927,0.003721793,0.021966168,0.093523376
10,1996,0.000565533,0.00056691,0.028166601,0.034410569,0.135228088,0.435768274
15,1996,0.003816122,0.005185365,0.268895726,0.25612279,0.291257284,0.604011671
20,1996,0.028119197,0.024568731,0.637630454,0.486108855,0.310317311,0.628196456
25,1996,0.103497917,0.062460092,0.608125459,0.396759803,0.334796022,0.636212754
30,1996,0.226916159,0.105210917,0.522858647,0.29114177,0.344837444,0.641608791
35,1996,0.322355851,0.122679141,0.502567491,0.265638666,0.352825755,0.63392269
40,1996,0.351011487,0.107896408,0.480106669,0.242787908,0.35472323,0.623633476
45,1996,0.266024593,0.064007292,0.427045942,0.194023449,0.343520439,0.602951314
50,1996,0.159356479,0.032857779,0.369867319,0.144690806,0.32253495,0.566156002
55,1996,0.094169121,0.019305689,0.321070816,0.119365894,0.297130646,0.522481398
60,1996,0.061481966,0.012659251,0.268183862,0.101240836,0.273415843,0.485087441
65,1996,0.037048121,0.008174298,0.214062055,0.090681185,0.262855918,0.456362596
70,1996,0.021250862,0.005577623,0.165575833,0.083365411,0.255383535,0.429988009
75,1996,0.010517966,0.003863641,0.142572521,0.081526117,0.255508458,0.415108188
80,1996,0.004638275,0.00185836,0.13389867,0.084412394,0.258468365,0.401919534
85,1996,0.004638294,0.001858332,0.149739992,0.097339756,0.263453833,0.399124971
90,1996,0.004638263,0.001858186,0.18076963,0.118034171,0.268029958,0.398594511
95,1996,0.004638257,0.001858332,0.232413143,0.149035627,0.272941699,0.398873729
0,1997,0.00215113,0.002153723,0.004666571,0.003528928,0,0
2,1997,0.002151134,0.002153659,0.00493855,0.003624649,5.78107E-05,8.23727E-05
5,1997,0.002043596,0.00204694,0.005032558,0.003659982,0.022071719,0.094331332
10,1997,0.000768529,0.000770548,0.028913567,0.034116123,0.136650267,0.442926109
15,1997,0.003556785,0.004805407,0.268494058,0.250737689,0.294647318,0.61161018
20,1997,0.02424724,0.02266868,0.624396864,0.470194997,0.310961572,0.631512353
25,1997,0.09136592,0.058186206,0.589873498,0.381613533,0.333816372,0.637882776
30,1997,0.205393265,0.100609335,0.503455672,0.280002295,0.342428363,0.64187568
35,1997,0.307369042,0.122281488,0.48269664,0.257867764,0.34961027,0.634065132
40,1997,0.349440106,0.113577601,0.461902152,0.238831244,0.351136879,0.623561918
45,1997,0.279847385,0.072213683,0.414505386,0.195557748,0.340367776,0.603025401
50,1997,0.173442947,0.037159745,0.364081827,0.150696159,0.320450365,0.566766026
55,1997,0.101459403,0.021277938,0.320557465,0.125278585,0.29589835,0.522675968
60,1997,0.06589528,0.014031903,0.270813001,0.105626552,0.272903839,0.485354866
65,1997,0.040871288,0.008961282,0.216488594,0.093703058,0.262611889,0.456317722
70,1997,0.023865659,0.006113619,0.167047837,0.08526777,0.25491751,0.429224168
75,1997,0.012217691,0.004223384,0.143552927,0.082984577,0.254838997,0.41380958
80,1997,0.004888173,0.001962551,0.134820695,0.085867798,0.257671936,0.400128692
85,1997,0.004888233,0.001962536,0.151490782,0.099572127,0.262799002,0.397531398
90,1997,0.004888137,0.001962384,0.184559202,0.121539076,0.267756811,0.397591812
95,1997,0.004888155,0.001962602,0.240958432,0.154416156,0.272910443,0.398307664
0,1998,0.001890512,0.001897222,0.004611848,0.00345399,0,0
2,1998,0.001890539,0.001897176,0.004883416,0.003548412,5.76259E-05,8.62115E-05
5,1998,0.002043418,0.002048618,0.004997853,0.003596085,0.022343983,0.095948752
10,1998,0.000975242,0.000978663,0.029525926,0.033737658,0.138260627,0.450166023
15,1998,0.003525692,0.004659576,0.267974611,0.244288886,0.297660034,0.619213145
20,1998,0.021987929,0.02151374,0.611910038,0.451207951,0.310550248,0.633701409
25,1998,0.081241813,0.054513702,0.57429414,0.366536513,0.33151675,0.637967475
30,1998,0.184784373,0.095772392,0.487350635,0.270080749,0.338439177,0.640418534
35,1998,0.292708956,0.121667266,0.466117378,0.25070261,0.344775904,0.632529173
40,1998,0.345322231,0.118328266,0.446656434,0.2348674,0.345877803,0.621954414
45,1998,0.29460954,0.081192373,0.404360708,0.197411403,0.335721852,0.601727762
50,1998,0.18959902,0.042333547,0.359631345,0.158028133,0.317072767,0.566274377
55,1998,0.110800169,0.023724802,0.320228404,0.132368498,0.293705055,0.521802454
60,1998,0.071115607,0.015661586,0.273951552,0.110861612,0.271674715,0.484625356
65,1998,0.045327141,0.009950526,0.219385132,0.097310118,0.261755447,0.45539995
70,1998,0.026821605,0.006739461,0.168807485,0.087538437,0.253885118,0.42760922
75,1998,0.014447353,0.00472507,0.144723486,0.084725467,0.253526662,0.411592466
80,1998,0.005243627,0.002084734,0.135878126,0.087612469,0.256138014,0.397357431
85,1998,0.005243726,0.002084745,0.153416409,0.102299441,0.261353229,0.394798337
90,1998,0.005243572,0.00208467,0.188979247,0.125860133,0.266642253,0.395384916
95,1998,0.005243616,0.002084887,0.25115012,0.160991638,0.272305931,0.396924802
0,1999,0.001747529,0.001758795,0.004571635,0.003387617,0,0
2,1999,0.001747555,0.001758775,0.004841313,0.003481581,5.75354E-05,8.95128E-05
5,1999,0.00192084,0.001927909,0.004972109,0.003539541,0.022890803,0.098707665
10,1999,0.001176477,0.001182557,0.029940668,0.033349791,0.140501888,0.457825253
15,1999,0.003537872,0.004565878,0.267526175,0.238826432,0.301091173,0.627076694
20,1999,0.020051394,0.020070135,0.602621329,0.435293847,0.310440853,0.635800838
25,1999,0.070879022,0.050255724,0.56344154,0.354959643,0.329766199,0.637835447
30,1999,0.164079615,0.089994,0.476357576,0.262745963,0.335042995,0.638974702
35,1999,0.276751452,0.120196136,0.454742492,0.244974331,0.340582548,0.631065347
40,1999,0.338293412,0.121695966,0.435903852,0.231365648,0.341381688,0.620576936
45,1999,0.308736388,0.090125637,0.397555973,0.198983123,0.33180233,0.600716529
50,1999,0.206346509,0.048148483,0.356771603,0.164496198,0.314256218,0.566213467
55,1999,0.12155969,0.026520979,0.319968443,0.138373687,0.291909242,0.521071725
60,1999,0.076659676,0.017356091,0.276581342,0.115248723,0.270693189,0.484023784
65,1999,0.049986786,0.011058303,0.221811742,0.10033286,0.261100392,0.454566211
70,1999,0.029927106,0.007388963,0.170281424,0.089441057,0.253032855,0.426120901
75,1999,0.016926831,0.005279075,0.145703028,0.086184201,0.252341198,0.409487696
80,1999,0.005756253,0.002237376,0.136747652,0.0890897,0.254597155,0.394611607
85,1999,0.00575635,0.002237402,0.154971525,0.104711724,0.259766231,0.391924483
90,1999,0.0057562,0.002237412,0.192646095,0.129760769,0.265298005,0.392836873
95,1999,0.005756249,0.002237553,0.259686433,0.166846826,0.271702434,0.395578356
0,2000,0.001662285,0.001677002,0.004555768,0.003338961,0,0
2,2000,0.001662285,0.001677003,0.004823817,0.003436906,5.73082E-05,9.07583E-05
5,2000,0.001753521,0.001761768,0.004962279,0.003499788,0.021795975,0.093966055
10,2000,0.001358288,0.001366867,0.030094784,0.03302714,0.136567481,0.448493476
15,2000,0.003582239,0.004502227,0.267337537,0.236400377,0.296003232,0.616452883
20,2000,0.018408611,0.018504084,0.598982091,0.428598816,0.303973658,0.622565645
25,2000,0.060608061,0.045512454,0.559369851,0.350313817,0.322333759,0.623721815
30,2000,0.144812834,0.083830075,0.47229053,0.259366771,0.326984039,0.624255255
35,2000,0.259659467,0.117915594,0.450484769,0.241514055,0.332280976,0.617670753
40,2000,0.329934058,0.124044957,0.431178743,0.228795261,0.33309222,0.60794517
45,2000,0.321262986,0.098659208,0.395035244,0.199671617,0.324002599,0.588617556
50,2000,0.224151139,0.054897076,0.35575833,0.167909825,0.307181739,0.555410905
55,2000,0.134465732,0.029894696,0.319662393,0.141032204,0.285472149,0.510304043
60,2000,0.083234958,0.019188218,0.277684197,0.117090591,0.264783811,0.473548884
65,2000,0.054935901,0.012327467,0.222828498,0.101601777,0.255349045,0.444450653
70,2000,0.033432661,0.0080978,0.1708963,0.090239276,0.247302107,0.416128519
75,2000,0.019606168,0.005897332,0.146110386,0.086796191,0.24635585,0.399275609
80,2000,0.006498173,0.002435266,0.137105961,0.089742783,0.248406148,0.384410045
85,2000,0.006498173,0.002435266,0.155610783,0.105999,0.253442543,0.381535616
90,2000,0.006498173,0.002435266,0.194176081,0.132004409,0.259084721,0.382607686
95,2000,0.006498173,0.002435266,0.263265598,0.17006647,0.266056023,0.386306049
0,2001,0.001602277,0.001619762,0.004591622,0.003301763,0,0
2,2001,0.00160227,0.001619772,0.004856878,0.003407809,5.7919E-05,9.12553E-05
5,2001,0.001574202,0.001583736,0.004991405,0.003470071,0.024943907,0.107715726
10,2001,0.001505634,0.001516027,0.030055421,0.032770531,0.150689176,0.485950404
15,2001,0.003607731,0.004404346,0.26761244,0.236388217,0.319273755,0.65849459
20,2001,0.017075084,0.016913955,0.602114172,0.430356558,0.322513197,0.656238596
25,2001,0.052321049,0.041357623,0.562762966,0.350945826,0.340655616,0.654373611
30,2001,0.129130719,0.078292032,0.474251379,0.258518928,0.343309726,0.65351692
35,2001,0.24114974,0.114597865,0.45109956,0.239594233,0.34772662,0.646241042
40,2001,0.319959394,0.125328922,0.430136917,0.227064606,0.347572584,0.635642988
45,2001,0.329857444,0.106232585,0.395354418,0.199587932,0.337925214,0.615196261
50,2001,0.242635032,0.06266752,0.35646809,0.168839657,0.320783897,0.581250503
55,2001,0.149628171,0.033932144,0.319082326,0.14114382,0.298442299,0.533144066
60,2001,0.091072457,0.021183614,0.275892507,0.116658562,0.277187247,0.495325651
65,2001,0.060204741,0.01376485,0.221022867,0.101096619,0.267683037,0.465028487
70,2001,0.037427324,0.008891674,0.169377079,0.089788533,0.258963984,0.435109636
75,2001,0.022474954,0.006568224,0.144716493,0.086514103,0.2579141,0.417999503
80,2001,0.007518431,0.002688817,0.135796315,0.089720983,0.259669163,0.402131626
85,2001,0.00751827,0.002688764,0.154264018,0.106415661,0.264347045,0.398549128
90,2001,0.007518484,0.002688718,0.192686098,0.132883469,0.269736337,0.398988827
95,2001,0.007518438,0.002688601,0.26136891,0.171102203,0.276941013,0.402876951
0,2002,0.001522674,0.001541199,0.004677592,0.003265512,0,0
2,2002,0.001522677,0.001541243,0.004937612,0.003380126,5.77191E-05,9.07449E-05
5,2002,0.001412923,0.001424412,0.005060186,0.003439314,0.023307183,0.100177879
10,2002,0.00161257,0.00162444,0.02992782,0.032517534,0.144251574,0.466644501
15,2002,0.00365359,0.004342374,0.268255221,0.236672053,0.30943464,0.635800269
20,2002,0.016109997,0.015493275,0.609579192,0.434670829,0.312923449,0.631587363
25,2002,0.046586693,0.038216801,0.570979191,0.352626092,0.331141489,0.630875468
30,2002,0.116461625,0.073542498,0.479295578,0.257869821,0.333778577,0.630772352
35,2002,0.221722471,0.110319671,0.452803025,0.237959553,0.338239549,0.626019329
40,2002,0.308646073,0.125738716,0.429391933,0.225656689,0.338145989,0.616651397
45,2002,0.33377309,0.112600888,0.39627511,0.19931302,0.328573981,0.596635359
50,2002,0.261092967,0.071269929,0.358310447,0.169442918,0.311684639,0.56395199
55,2002,0.166492975,0.038594039,0.318237684,0.141088796,0.289531758,0.515975363
60,2002,0.100189116,0.023383738,0.271620174,0.115623501,0.268525965,0.478609149
65,2002,0.065759765,0.015348818,0.216719272,0.099889013,0.259205857,0.44930746
70,2002,0.041833175,0.009778921,0.165762673,0.088712904,0.250893045,0.420616571
75,2002,0.025479392,0.007261393,0.141400966,0.085840812,0.250114813,0.404715107
80,2002,0.008797345,0.00299503,0.132680667,0.089584235,0.251828832,0.389498223
85,2002,0.008797082,0.002994942,0.151053084,0.10675528,0.256052734,0.385441589
90,2002,0.008797418,0.002994933,0.189132578,0.133561783,0.261104436,0.385291159
95,2002,0.008797343,0.002994779,0.25684604,0.171807203,0.268237703,0.38899912
0,2003,0.001422346,0.001440221,0.004780436,0.003233456,0,0
2,2003,0.001422355,0.001440291,0.005034351,0.003355224,5.85267E-05,9.10538E-05
5,2003,0.001319545,0.001333717,0.005142071,0.003410473,0.023997813,0.102937027
10,2003,0.001636897,0.001649514,0.029706116,0.032247883,0.149774787,0.482704974
15,2003,0.003771014,0.00438136,0.269005554,0.237058853,0.322244372,0.655780329
20,2003,0.015578943,0.014458673,0.618488163,0.439992848,0.323163322,0.644986618
25,2003,0.0424762,0.035523785,0.581084303,0.354920966,0.341273763,0.643591965
30,2003,0.104871369,0.068927819,0.48616753,0.257425734,0.342821755,0.643237205
35,2003,0.201991167,0.105257234,0.455199157,0.2366495,0.346540155,0.639599157
40,2003,0.296164045,0.125385556,0.428914746,0.224402743,0.345686233,0.630043625
45,2003,0.333515061,0.117657217,0.397549958,0.198950454,0.335544732,0.608939064
50,2003,0.2791865,0.080343367,0.360840637,0.16990895,0.318345231,0.576135025
55,2003,0.184470099,0.043907005,0.317369336,0.140975917,0.295717012,0.526055702
60,2003,0.110702055,0.025892882,0.266521288,0.114387398,0.2742646,0.487740639
65,2003,0.07164111,0.017026488,0.21158322,0.098447277,0.264961386,0.45824789
70,2003,0.046544815,0.01077526,0.161450648,0.087428983,0.256468148,0.429087313
75,2003,0.02860233,0.007986098,0.137445658,0.08503705,0.255951753,0.413863942
80,2003,0.010301573,0.003346215,0.128963747,0.089391833,0.257655558,0.398650362
85,2003,0.01030129,0.003346118,0.147220656,0.107016653,0.2612971,0.393623099
90,2003,0.010301636,0.003346188,0.184891163,0.134109901,0.265834456,0.392533515
95,2003,0.010301549,0.003346066,0.251447776,0.17236853,0.272790033,0.395761653
0,2004,0.001340523,0.001357716,0.004866703,0.003208707,0,0
2,2004,0.001340529,0.00135778,0.005115423,0.003334472,5.85827E-05,9.06211E-05
5,2004,0.001280608,0.001297556,0.005210504,0.003386505,0.024192907,0.103568364
10,2004,0.001568343,0.00158107,0.029384441,0.031941311,0.152992455,0.491502053
15,2004,0.003983202,0.004530844,0.269603114,0.237355583,0.331708113,0.668939098
20,2004,0.015518407,0.013869683,0.625952095,0.444773829,0.330958825,0.653369161
25,2004,0.039657304,0.033083296,0.590144075,0.357396796,0.349250271,0.652033317
30,2004,0.093661916,0.064156024,0.493611633,0.257192947,0.35003367,0.651864398
35,2004,0.182457599,0.099609591,0.457891953,0.235703558,0.352955408,0.64966725
40,2004,0.28237749,0.124300951,0.42867631,0.223133999,0.351340736,0.640052471
45,2004,0.329965608,0.121448263,0.398931601,0.198603805,0.340521723,0.617540249
50,2004,0.296290984,0.089483414,0.363613894,0.170427096,0.3229621,0.584595621
55,2004,0.203011744,0.049967599,0.316718146,0.140913973,0.299895649,0.532673165
60,2004,0.122725071,0.02884315,0.26224994,0.113352243,0.27799979,0.493465083
65,2004,0.077897713,0.018769054,0.207280217,0.097239727,0.268841323,0.464026601
70,2004,0.051460919,0.011894917,0.157838572,0.086353366,0.260433839,0.43470575
75,2004,0.031914916,0.008741651,0.13413242,0.084363549,0.260438872,0.420701471
80,2004,0.011979547,0.003738714,0.125850285,0.089203073,0.262446975,0.406038257
85,2004,0.011979349,0.003738647,0.144009411,0.10719858,0.2653682,0.399829496
90,2004,0.011979581,0.003738762,0.181337493,0.134598374,0.26921104,0.397638751
95,2004,0.01197951,0.003738698,0.246924906,0.172973244,0.275731637,0.400085282
0,2005,0.001268498,0.001284955,0.004902692,0.0031941,0,0
2,2005,0.001268498,0.001284955,0.005149159,0.003319238,5.87887E-05,9.03871E-05
5,2005,0.001254573,0.001274037,0.005238933,0.003370368,0.024264566,0.103578444
10,2005,0.001458305,0.00147094,0.028956929,0.031577554,0.153121669,0.487538277
15,2005,0.004251225,0.004724551,0.269787576,0.237369209,0.332552685,0.665434255
20,2005,0.015680961,0.013567022,0.629082,0.44746499,0.331458525,0.648955661
25,2005,0.037782319,0.030889669,0.595224284,0.359619932,0.350544261,0.648976544
30,2005,0.082828031,0.05904392,0.50037229,0.257177744,0.350873239,0.649519274
35,2005,0.164248617,0.093633912,0.460485408,0.23516121,0.353406792,0.649155471
40,2005,0.267211776,0.12241244,0.428647581,0.221681689,0.351193683,0.639777447
45,2005,0.324065155,0.124168266,0.400172677,0.198376644,0.339883805,0.616065945
50,2005,0.310895725,0.098079241,0.366185453,0.171186698,0.322081334,0.583221049
55,2005,0.221693452,0.056819537,0.316524983,0.141011751,0.298737636,0.530170564
60,2005,0.136422367,0.032332919,0.260460219,0.112920026,0.276665817,0.490609015
65,2005,0.0848328,0.020597839,0.20547577,0.096734679,0.267811858,0.461568289
70,2005,0.056484806,0.013127562,0.156324012,0.085902648,0.25969316,0.432462451
75,2005,0.035529919,0.009499107,0.132743107,0.084081039,0.260347629,0.419916431
80,2005,0.013812798,0.004174857,0.124545011,0.089077254,0.262774922,0.406014359
85,2005,0.013812798,0.004174857,0.142662025,0.107299857,0.264992148,0.39878663
90,2005,0.013812798,0.004174857,0.17984721,0.135097753,0.268178945,0.395686893
95,2005,0.013812798,0.004174857,0.245028219,0.173808409,0.27422923,0.397476334
0,2006,0.001192316,0.001207823,0.004879835,0.003185481,0,0
2,2006,0.001192324,0.001207757,0.005123477,0.003304443,5.88768E-05,8.89415E-05
5,2006,0.00122873,0.001250266,0.005218228,0.003358312,0.024420326,0.103522333
10,2006,0.001336322,0.00134904,0.027988245,0.031006618,0.155045188,0.491173137
15,2006,0.004573127,0.004965078,0.266310322,0.236374674,0.339025664,0.672541108
20,2006,0.016069315,0.013452956,0.626268783,0.448584032,0.337564027,0.655980914
25,2006,0.036683835,0.029086679,0.597235409,0.362261793,0.357341162,0.65712099
30,2006,0.074345861,0.054763424,0.506803048,0.25814179,0.357151465,0.657741597
35,2006,0.149542641,0.088333049,0.463415989,0.234826854,0.358875976,0.658661786
40,2006,0.250615608,0.119587266,0.428942065,0.219484036,0.355935141,0.648886642
45,2006,0.315959144,0.125755644,0.401490473,0.19816245,0.344130337,0.623758901
50,2006,0.320857064,0.105599291,0.368997964,0.172607375,0.326164234,0.591053749
55,2006,0.240387944,0.064575882,0.318470438,0.14221923,0.30261943,0.536790286
60,2006,0.151903497,0.036444746,0.262603416,0.11401337,0.280341103,0.496816045
65,2006,0.092823613,0.022570716,0.207071056,0.097685337,0.271729807,0.4679246
70,2006,0.061661417,0.014486272,0.157301906,0.086578766,0.263515801,0.438150566
75,2006,0.039538466,0.010287751,0.133440097,0.08431004,0.264149956,0.425773459
80,2006,0.015854372,0.00465014,0.125079496,0.088949708,0.26693381,0.412372082
85,2006,0.015854548,0.004650171,0.143285809,0.107316296,0.268964975,0.404729315
90,2006,0.015854402,0.004649977,0.181176608,0.135798288,0.271894632,0.401289938
95,2006,0.015854387,0.004650053,0.248400627,0.175583132,0.277750289,0.402806435
0,2007,0.001053287,0.001067676,0.004825472,0.003177436,0,0
2,2007,0.0010533,0.001067602,0.005062342,0.003286223,5.89133E-05,8.58332E-05
5,2007,0.001173248,0.001195615,0.005168943,0.003345624,0.024615534,0.103432078
10,2007,0.001228921,0.001242842,0.026320514,0.030172402,0.15656258,0.491508316
15,2007,0.004921743,0.005207247,0.257711869,0.234039869,0.343966435,0.675386997
20,2007,0.016689438,0.013492141,0.618960406,0.449593033,0.342966219,0.660074805
25,2007,0.036207964,0.027616993,0.598973925,0.365750846,0.363820342,0.663704662
30,2007,0.068738834,0.051666949,0.51386158,0.260524951,0.363155095,0.664664626
35,2007,0.137575885,0.083769375,0.467167776,0.234514218,0.363941505,0.666582409
40,2007,0.233111393,0.11581014,0.429611819,0.216549861,0.3600746,0.656198638
45,2007,0.306321585,0.126405475,0.403177194,0.197847151,0.347766843,0.629594398
50,2007,0.325916116,0.111886977,0.372532298,0.174746997,0.329697853,0.59722801
55,2007,0.258829679,0.073022912,0.323199121,0.14493095,0.306168493,0.542102807
60,2007,0.168832828,0.041140399,0.268019414,0.116756999,0.283977293,0.502163296
65,2007,0.101994619,0.024747571,0.211174911,0.100060935,0.275690359,0.473778217
70,2007,0.067066443,0.015967981,0.159883129,0.088270432,0.267457978,0.443605047
75,2007,0.0438367,0.011119937,0.135306261,0.084911368,0.268107441,0.431775346
80,2007,0.018072056,0.005152689,0.126517663,0.088756488,0.271258498,0.4190968
85,2007,0.018072263,0.005152698,0.144923915,0.107275106,0.273051594,0.411142968
90,2007,0.018072143,0.0051525,0.184427767,0.13670731,0.275685505,0.407237632
95,2007,0.018072004,0.005152529,0.25644289,0.178350631,0.281311992,0.408281646
0,2008,0.000882673,0.000896266,0.004759763,0.003170825,0,0
2,2008,0.000882686,0.000896212,0.004988151,0.003267772,5.88872E-05,8.21208E-05
5,2008,0.00109593,0.001117612,0.005109049,0.003333821,0.024573817,0.102257788
10,2008,0.001170911,0.001187072,0.024364062,0.02919548,0.157076418,0.488525836
15,2008,0.005246455,0.005363092,0.246415599,0.230761188,0.346850815,0.674991155
20,2008,0.017512174,0.01360271,0.608853468,0.450359773,0.347026759,0.661515666
25,2008,0.036144866,0.026446461,0.600334597,0.369289004,0.369065284,0.667998812
30,2008,0.064740038,0.048938297,0.521198481,0.26385081,0.368038294,0.669340837
35,2008,0.126343353,0.079278266,0.471416181,0.234276785,0.368010072,0.672294494
40,2008,0.215094225,0.111153236,0.43053563,0.213566288,0.363315713,0.661391504
45,2008,0.295365332,0.126284517,0.405097856,0.197522995,0.350532289,0.63352349
50,2008,0.326737585,0.116773297,0.376401019,0.177252284,0.332569336,0.601742402
55,2008,0.276863819,0.081882558,0.329397932,0.148422537,0.309185949,0.546295904
60,2008,0.186584299,0.046439144,0.275195196,0.120356057,0.287222548,0.506633527
65,2008,0.112511684,0.027227368,0.216764336,0.10315384,0.2792542,0.478926578
70,2008,0.072753897,0.017536741,0.163539146,0.090474404,0.271067512,0.448616772
75,2008,0.048317073,0.011987905,0.13800419,0.085756202,0.271473809,0.436899014
80,2008,0.020430627,0.005673531,0.128612766,0.088557961,0.274652992,0.424587083
85,2008,0.020430758,0.005673504,0.147222782,0.107222176,0.276457596,0.416740503
90,2008,0.020430745,0.0056734,0.188495004,0.137620995,0.279093963,0.412714932
95,2008,0.020430481,0.005673332,0.266042571,0.181314127,0.284631932,0.413407751
0,2009,0.000770976,0.000783633,0.004703042,0.003166657,0,0
2,2009,0.000770985,0.000783606,0.004923303,0.003252287,5.88928E-05,7.89648E-05
5,2009,0.001033681,0.001054477,0.00505652,0.003324419,0.024740225,0.102044117
10,2009,0.001148536,0.001167169,0.022529213,0.028196426,0.158599602,0.488373965
15,2009,0.005525851,0.005418107,0.234844895,0.226935023,0.350860883,0.678096432
20,2009,0.018649856,0.013744251,0.597644564,0.450752031,0.351918931,0.665285787
25,2009,0.036485594,0.025666748,0.601212193,0.372078182,0.374971703,0.674272352
30,2009,0.06199136,0.046380742,0.528464344,0.267642949,0.373677721,0.675768256
35,2009,0.115184013,0.074625412,0.475836617,0.234168036,0.372972305,0.679977041
40,2009,0.196937133,0.105781613,0.43159228,0.211220446,0.367518408,0.668525604
45,2009,0.28314157,0.125377119,0.407117475,0.197282227,0.354339756,0.639500509
50,2009,0.324271296,0.120433241,0.38021669,0.179769956,0.336547249,0.608413974
55,2009,0.293825573,0.090632859,0.335753768,0.151969619,0.313224259,0.552462491
60,2009,0.204619169,0.05234573,0.282617745,0.124015687,0.291451072,0.51314217
65,2009,0.124438474,0.030125704,0.222816329,0.106256417,0.283725691,0.485895166
70,2009,0.0787544,0.019162638,0.167741423,0.092687444,0.275506328,0.455303358
75,2009,0.052874281,0.012920444,0.141196476,0.086715719,0.275310708,0.443070535
80,2009,0.022917609,0.006200656,0.131118058,0.088414496,0.278321222,0.430475238
85,2009,0.022917628,0.006200616,0.149828848,0.107203399,0.280353421,0.42305017
90,2009,0.022917694,0.006200608,0.19227264,0.138335516,0.283253167,0.419353004
95,2009,0.022917437,0.006200494,0.274087231,0.183676842,0.288804091,0.419900037
0,2010,0.000707437,0.000718827,0.004675593,0.003165956,0,0
2,2010,0.000707437,0.000718827,0.004890198,0.00324296,5.88866E-05,7.73973E-05
5,2010,0.000980095,0.000999896,0.005029327,0.003318933,0.024950834,0.102210778
10,2010,0.001133302,0.001154358,0.021226294,0.027295813,0.160071877,0.488903907
15,2010,0.005703631,0.005461379,0.225423138,0.222957769,0.354119015,0.681733045
20,2010,0.020196304,0.013975621,0.587030293,0.450637588,0.355526048,0.667860939
25,2010,0.037313512,0.025277759,0.601501482,0.373320296,0.379443507,0.678590656
30,2010,0.06021719,0.04410242,0.535309762,0.271424951,0.378119319,0.6803395
35,2010,0.104393599,0.069768282,0.480104494,0.234241454,0.377090771,0.686393821
40,2010,0.179786447,0.100013832,0.432660555,0.21019946,0.371100694,0.674789332
45,2010,0.269213279,0.123578372,0.409101069,0.197217094,0.357569784,0.644761621
50,2010,0.319028582,0.1228044,0.383591875,0.181946733,0.339850561,0.614259604
55,2010,0.307870894,0.098666713,0.34095353,0.154847824,0.316405582,0.557744956
60,2010,0.222340752,0.058847989,0.288774042,0.126941035,0.294666484,0.51844515
65,2010,0.137768107,0.033491381,0.228307892,0.108661032,0.28702512,0.491382359
70,2010,0.085290662,0.020864191,0.171961424,0.094406313,0.27873603,0.460319928
75,2010,0.057425485,0.013926666,0.144545712,0.087661096,0.278026528,0.447319049
80,2010,0.025540829,0.006723711,0.133786792,0.088386461,0.280815433,0.434350016
85,2010,0.025540829,0.006723711,0.152388551,0.107264663,0.28314176,0.427313974
90,2010,0.025540829,0.006723711,0.194654991,0.138647049,0.286285662,0.423940772
95,2010,0.025540829,0.006723711,0.277464432,0.184641998,0.291871389,0.424564964
0,2011,0.000697599,0.000707052,0.004734536,0.00318985,0,0
2,2011,0.000697595,0.000707071,0.004944057,0.003265642,5.8947E-05,7.71047E-05
5,2011,0.000920769,0.000939164,0.005079799,0.00334274,0.02512189,0.102405671
10,2011,0.001116948,0.001139964,0.020411472,0.026541733,0.160116694,0.487227449
15,2011,0.005775539,0.005536944,0.218302046,0.218346656,0.354883986,0.682422737
20,2011,0.021963568,0.014383517,0.576986948,0.447381166,0.357375028,0.668863342
25,2011,0.038788315,0.025190102,0.601097374,0.373413927,0.38198024,0.680777212
30,2011,0.059262054,0.042238597,0.542843757,0.275958066,0.381121456,0.683065154
35,2011,0.096044499,0.065808583,0.48501931,0.23547714,0.380161096,0.691441979
40,2011,0.165539891,0.09482727,0.434474205,0.210155706,0.3741246,0.680665496
45,2011,0.25365761,0.120792845,0.411620075,0.197488757,0.360417491,0.650149606
50,2011,0.311390193,0.12401145,0.387098749,0.183733465,0.342798638,0.620137218
55,2011,0.31720338,0.105519347,0.345212919,0.156948349,0.319287614,0.563031659
60,2011,0.239627922,0.066044453,0.293711205,0.129004984,0.297275855,0.523242132
65,2011,0.152430899,0.037332751,0.233511777,0.110294715,0.2893011,0.495454836
70,2011,0.092694199,0.022678102,0.177080548,0.095648214,0.280934317,0.46376194
75,2011,0.062069294,0.01503914,0.149264893,0.088853838,0.279989721,0.450438294
80,2011,0.028345665,0.007250885,0.137807259,0.089188401,0.28266449,0.436997157
85,2011,0.028345809,0.007251094,0.155355315,0.107784315,0.285054542,0.429941816
90,2011,0.028345719,0.007250944,0.195792946,0.138568248,0.288120763,0.426497562
95,2011,0.028345902,0.007251031,0.276213407,0.183739711,0.293453545,0.426688729
0,2012,0.000721948,0.0007293,0.004884063,0.003244879,0,0
2,2012,0.00072194,0.000729321,0.005086404,0.003327251,5.8972E-05,7.6884E-05
5,2012,0.000849875,0.000866915,0.005212611,0.003404181,0.025225509,0.102272746
10,2012,0.001071084,0.001094609,0.019757971,0.025858619,0.160168924,0.485937816
15,2012,0.005765661,0.005524492,0.21181168,0.212579664,0.355993346,0.683838747
20,2012,0.023513635,0.014779054,0.566220923,0.439608279,0.359477903,0.670493818
25,2012,0.040744939,0.025288837,0.600023131,0.373300996,0.384532632,0.683189045
30,2012,0.058942965,0.040685521,0.551403706,0.281741525,0.384377713,0.686107142
35,2012,0.090490425,0.062968227,0.490899752,0.238293716,0.383636803,0.696987033
40,2012,0.153883737,0.090398888,0.437344162,0.210254354,0.377751052,0.687844637
45,2012,0.237194225,0.11717484,0.414859186,0.198119305,0.363884587,0.657077543
50,2012,0.302305807,0.124418234,0.391097934,0.185393122,0.346205034,0.626955579
55,2012,0.32163781,0.111084763,0.349474444,0.158792828,0.322509909,0.569042027
60,2012,0.256592743,0.073816014,0.298490632,0.13077967,0.300135683,0.528269773
65,2012,0.168081492,0.04163063,0.239140289,0.111680415,0.291714148,0.499725886
70,2012,0.101145756,0.024657722,0.183628382,0.096785932,0.283275863,0.467514369
75,2012,0.066871155,0.016292133,0.155865553,0.090425949,0.282077153,0.453770737
80,2012,0.031326058,0.00778413,0.143639066,0.091034506,0.284616193,0.439797564
85,2012,0.031326493,0.007784583,0.159051639,0.108862134,0.287100146,0.432777537
90,2012,0.031326233,0.007784314,0.196668759,0.138319511,0.290098975,0.429238841
95,2012,0.031326426,0.007784386,0.273192249,0.181575945,0.295129795,0.429062993
0,2013,0.000745591,0.000751638,0.005064493,0.003309578,0,0
2,2013,0.000745578,0.000751654,0.005259083,0.003402582,5.89487E-05,7.67056E-05
5,2013,0.000772199,0.000788019,0.005374251,0.003479216,0.025192416,0.101591866
10,2013,0.001001832,0.001024619,0.019251696,0.025181553,0.159695154,0.483454385
15,2013,0.005707664,0.005534528,0.205642934,0.205994308,0.354998353,0.681185674
20,2013,0.024537964,0.015203709,0.554523969,0.42907789,0.360136221,0.670175709
25,2013,0.042803786,0.025448778,0.59836604,0.372998423,0.385538552,0.683617542
30,2013,0.059097499,0.039583468,0.559482735,0.287905875,0.386259274,0.687286408
35,2013,0.086602202,0.060544632,0.496700018,0.241902447,0.385882529,0.700390592
40,2013,0.143153784,0.086267455,0.440514989,0.210451722,0.380364523,0.693158141
45,2013,0.220562799,0.112868165,0.418103296,0.198992378,0.366462451,0.662502867
50,2013,0.292235125,0.124227641,0.39488467,0.187040604,0.34877113,0.63240578
55,2013,0.322058284,0.115368362,0.353515209,0.16060254,0.324995964,0.573866745
60,2013,0.273164646,0.081937611,0.303120722,0.132519109,0.302441088,0.532275191
65,2013,0.18430215,0.046436746,0.244829747,0.113004381,0.293348669,0.502797394
70,2013,0.11081838,0.026901037,0.190548677,0.097849595,0.284721759,0.469857128
75,2013,0.071922728,0.017661294,0.16295809,0.092054361,0.283463084,0.4559829
80,2013,0.034418105,0.008338918,0.149942446,0.09323461,0.28604564,0.441878327
85,2013,0.034418811,0.008339492,0.162927572,0.110126161,0.288421066,0.434648975
90,2013,0.034418388,0.008339189,0.1974238,0.138008622,0.291248776,0.430856453
95,2013,0.034418536,0.008339235,0.269516808,0.178967696,0.295887494,0.430110895
0,2014,0.000768041,0.000773047,0.005216374,0.00336274,0,0
2,2014,0.00076803,0.000773054,0.005403939,0.00346643,5.8938E-05,7.66006E-05
5,2014,0.000706786,0.000721435,0.005511209,0.003543807,0.025192212,0.101049258
10,2014,0.000945295,0.000967159,0.018878557,0.024445618,0.159230721,0.480904949
15,2014,0.005586049,0.005615411,0.199486703,0.198928104,0.352483924,0.675555556
20,2014,0.024764997,0.015499528,0.541687836,0.417548965,0.359869677,0.668915176
25,2014,0.044910919,0.025533993,0.596213388,0.372523127,0.385525019,0.683135566
30,2014,0.059708638,0.03882342,0.565573972,0.293581664,0.387140657,0.687454382
35,2014,0.083825881,0.058274608,0.501374307,0.245514595,0.387023296,0.702216483
40,2014,0.132692333,0.082130551,0.443231248,0.210704129,0.38195062,0.696539242
45,2014,0.203856889,0.108027872,0.420637302,0.199991612,0.368160253,0.666121907
50,2014,0.2809792,0.123495916,0.397754196,0.188790809,0.350500073,0.636293966
55,2014,0.319526288,0.118573517,0.357112316,0.162598765,0.326840582,0.577710438
60,2014,0.289115325,0.090068405,0.307609877,0.134477322,0.304403859,0.53573665
65,2014,0.200924137,0.051852452,0.250216469,0.11445286,0.294525437,0.505067904
70,2014,0.12184181,0.029518481,0.196785184,0.098869331,0.285527741,0.471363884
75,2014,0.077325855,0.01911858,0.169152901,0.093416006,0.284400659,0.457603777
80,2014,0.037578759,0.008937831,0.155377633,0.095098546,0.287145485,0.443663373
85,2014,0.037579434,0.008938288,0.166433163,0.111204438,0.289275716,0.436038545
90,2014,0.037579035,0.008938057,0.198199441,0.13774337,0.291855243,0.431819135
95,2014,0.037579132,0.008938091,0.266302935,0.176731958,0.295940642,0.43026991
0,2015,0.000791542,0.000794683,0.005280274,0.003383149,0,0
2,2015,0.000791542,0.000794683,0.005462819,0.003493592,5.89382E-05,7.6557E-05
5,2015,0.000664613,0.000677976,0.005569973,0.003573917,0.025125294,0.100237297
10,2015,0.000896113,0.000916911,0.01862446,0.023585899,0.158332316,0.476852943
15,2015,0.005418124,0.005766672,0.193033883,0.191718564,0.348898647,0.668035819
20,2015,0.024205612,0.015440552,0.527504273,0.406780468,0.358539,0.665884455
25,2015,0.046867693,0.025562295,0.593652465,0.371892027,0.384195103,0.680874097
30,2015,0.060860901,0.038286037,0.568170543,0.29789944,0.386538106,0.685859151
35,2015,0.081944368,0.056151072,0.503876818,0.248341423,0.386442023,0.701148332
40,2015,0.122556406,0.077984697,0.4447375,0.210967895,0.381676245,0.696048236
45,2015,0.187914024,0.102896394,0.421746099,0.201000645,0.368094979,0.66609243
50,2015,0.268374768,0.122092971,0.399001752,0.190758637,0.35061317,0.636724248
55,2015,0.314739278,0.120775703,0.360042871,0.165002783,0.327311073,0.578905818
60,2015,0.302707868,0.097653193,0.311966498,0.136908326,0.305125056,0.537107977
65,2015,0.217561989,0.057947604,0.254936777,0.1162121,0.294592246,0.505584312
70,2015,0.134338836,0.032614561,0.201281654,0.099875268,0.285247105,0.471259517
75,2015,0.083356371,0.02067761,0.173060386,0.094187817,0.284297874,0.457691036
80,2015,0.040773415,0.009579122,0.158604857,0.09593615,0.287136585,0.443904269
85,2015,0.040773415,0.009579122,0.169018462,0.111725005,0.289065067,0.43603687
90,2015,0.040773415,0.009579122,0.199137054,0.13763154,0.2914119,0.431484417
95,2015,0.040773415,0.009579122,0.264666478,0.175685726,0.294983092,0.429200743
0,2016,0.000801059,0.00080325,0.005251287,0.003368548,0,0
2,2016,0.000801084,0.000803249,0.005436269,0.003486049,5.92243E-05,7.68947E-05
5,2016,0.000660172,0.000671787,0.005548796,0.00357199,0.025447592,0.101152039
10,2016,0.000840641,0.00086002,0.018447016,0.022578369,0.159320083,0.477180215
15,2016,0.005337073,0.005976027,0.186379751,0.184513179,0.348177435,0.665826759
20,2016,0.023506175,0.015454299,0.507746532,0.396988862,0.359447445,0.667651498
25,2016,0.048540635,0.025780103,0.586452225,0.36969666,0.384904444,0.683271439
30,2016,0.062579378,0.037995985,0.567778557,0.300506964,0.387557765,0.688544858
35,2016,0.080925451,0.05433031,0.504480398,0.250062845,0.387506373,0.704001504
40,2016,0.114676615,0.074608267,0.445047682,0.211272558,0.382678118,0.698291729
45,2016,0.174680543,0.098236062,0.421499337,0.20195904,0.368795363,0.667745003
50,2016,0.254359276,0.119882788,0.398847573,0.193258629,0.351221302,0.638549647
55,2016,0.308048476,0.12212256,0.362176002,0.168833202,0.328193645,0.581186241
60,2016,0.31209752,0.104314578,0.316278669,0.141077873,0.306510777,0.540294611
65,2016,0.234249712,0.064878979,0.259490047,0.119019995,0.295942742,0.508634593
70,2016,0.148263366,0.036245606,0.204583086,0.101043142,0.286287196,0.473507431
75,2016,0.090369364,0.022373345,0.17529876,0.094546028,0.285213556,0.459513812
80,2016,0.044072863,0.010274684,0.160214673,0.09599179,0.287958214,0.445392012
85,2016,0.044072406,0.010274287,0.171000171,0.111826625,0.289727468,0.437395851
90,2016,0.044072585,0.010274444,0.200678289,0.137746476,0.292060934,0.433041223
95,2016,0.0440719,0.010274419,0.26439191,0.17566147,0.295543609,0.430741723
0,2017,0.000804828,0.000806126,0.005178087,0.003337507,0,0
2,2017,0.000804869,0.000806139,0.005375022,0.003466811,5.95155E-05,7.73949E-05
5,2017,0.000683603,0.000693259,0.005493314,0.003559851,0.025789802,0.102156603
10,2017,0.000777963,0.00079597,0.018294253,0.021454748,0.16037846,0.477716002
15,2017,0.005299968,0.006081648,0.179727546,0.177021766,0.347640373,0.664194801
20,2017,0.023055701,0.015656145,0.482141622,0.386906005,0.360430912,0.670264279
25,2017,0.049815273,0.026161042,0.573237463,0.365478296,0.385730577,0.686293625
30,2017,0.064714634,0.037901687,0.566378568,0.302217034,0.388581891,0.691350484
35,2017,0.080564074,0.052869167,0.504480779,0.251278973,0.388487919,0.706833079
40,2017,0.109432041,0.072163185,0.444927417,0.211750362,0.383375116,0.700143178
45,2017,0.163771952,0.094294008,0.420698743,0.203031473,0.369078393,0.66883765
50,2017,0.239516176,0.116852359,0.398207141,0.196284958,0.351410209,0.639880818
55,2017,0.300147409,0.12277091,0.363826787,0.174092803,0.328687925,0.583161823
60,2017,0.317116626,0.109879306,0.320596005,0.147041523,0.307633727,0.543260219
65,2017,0.251058853,0.072514777,0.264207562,0.122857315,0.296991147,0.511403724
70,2017,0.163431424,0.040362824,0.207720911,0.10236887,0.287007277,0.475342175
75,2017,0.098495339,0.024258725,0.177309128,0.094864559,0.285724906,0.460637324
80,2017,0.047495239,0.011031298,0.161626577,0.095968137,0.288276972,0.445859317
85,2017,0.047494921,0.011030904,0.172917001,0.111887745,0.289807808,0.43772603
90,2017,0.047494837,0.011030894,0.202812131,0.138013082,0.292183239,0.433736337
95,2017,0.047493911,0.011030958,0.264378878,0.175847066,0.295652202,0.431779419
0,2018,0.000820894,0.000821537,0.005081607,0.003300092,0,0
2,2018,0.000820933,0.000821564,0.005296199,0.003442219,5.97314E-05,7.78685E-05
5,2018,0.000709562,0.000717691,0.005421087,0.003542528,0.025270719,0.099598705
10,2018,0.000713622,0.000730063,0.018137709,0.020233745,0.15825704,0.471163743
15,2018,0.005191808,0.006036954,0.172930105,0.168925331,0.343481011,0.655848015
20,2018,0.022543209,0.015864979,0.456411924,0.376063947,0.35808977,0.666528695
25,2018,0.05037922,0.0264387,0.558379221,0.360678454,0.383008108,0.683116799
30,2018,0.067069531,0.037829715,0.56467537,0.303907755,0.386263525,0.688062516
35,2018,0.080737144,0.05171364,0.504366482,0.25258137,0.386407387,0.703661056
40,2018,0.105667277,0.070062121,0.444748795,0.212511681,0.381171481,0.696506915
45,2018,0.153656893,0.090578843,0.419727324,0.20443926,0.366406364,0.664335294
50,2018,0.224065812,0.113071782,0.397418555,0.199471974,0.348568279,0.635305262
55,2018,0.291070736,0.12287124,0.365441246,0.179479121,0.326106854,0.579701695
60,2018,0.318282572,0.114288715,0.3248692,0.153238002,0.305708842,0.540722761
65,2018,0.267872449,0.080610343,0.2684735,0.126774624,0.29531791,0.509452122
70,2018,0.179397476,0.045036326,0.210368532,0.103612853,0.285389341,0.47325541
75,2018,0.107929584,0.026404801,0.178936214,0.095116863,0.283743134,0.457573878
80,2018,0.051040198,0.011836624,0.162744215,0.09586248,0.286005737,0.44218747
85,2018,0.051040286,0.011836455,0.174552014,0.111895935,0.287382818,0.434006288
90,2018,0.051039852,0.011836177,0.205000946,0.138316485,0.289834363,0.430499249
95,2018,0.051039111,0.011836368,0.264416003,0.176092618,0.293521835,0.429335229
0,2019,0.000840945,0.000840468,0.004982914,0.003266456,0,0
2,2019,0.00084097,0.000840496,0.005216923,0.003418612,5.98453E-05,7.82035E-05
5,2019,0.000731742,0.000739001,0.005349679,0.003525048,0.024273594,0.095121125
10,2019,0.00066033,0.000675797,0.017948917,0.018934066,0.154707815,0.461827874
15,2019,0.005011161,0.005854612,0.165840265,0.159904882,0.338297521,0.645283037
20,2019,0.021848969,0.016004391,0.436279823,0.36399474,0.354593917,0.660247502
25,2019,0.05001897,0.026479276,0.546248543,0.356738655,0.379101878,0.677583706
30,2019,0.069502474,0.037747631,0.56337376,0.306457229,0.382855851,0.682603499
35,2019,0.081329854,0.050858248,0.504626028,0.254561598,0.383417198,0.698457114
40,2019,0.102908766,0.067996851,0.444883907,0.213666888,0.378375432,0.691586369
45,2019,0.143821046,0.086886013,0.418968089,0.206403714,0.363083771,0.658371959
50,2019,0.208364017,0.108704096,0.396819919,0.202454025,0.344811026,0.628744607
55,2019,0.280795389,0.122414198,0.367465401,0.183689692,0.322582919,0.574265575
60,2019,0.316553412,0.117604876,0.329048948,0.158106035,0.302649479,0.535934765
65,2019,0.284201521,0.088737657,0.271672039,0.129822486,0.292859127,0.50592359
70,2019,0.195839097,0.050336796,0.21219935,0.104535493,0.283311677,0.47028247
75,2019,0.118711437,0.028920992,0.180024745,0.095276395,0.281242106,0.453531626
80,2019,0.05467019,0.012673559,0.163471235,0.095672107,0.283148212,0.437560199
85,2019,0.054670537,0.012673615,0.175688274,0.111838762,0.284462629,0.429416474
90,2019,0.054670006,0.012673236,0.206707103,0.13854181,0.286984385,0.426394933
95,2019,0.054669714,0.012673461,0.264291905,0.176248232,0.291069193,0.426096828
0,2020,0.000849145,0.000847798,0.00490231,0.00324605,0,0
2,2020,0.000849145,0.000847798,0.005154313,0.00340233,6.29856E-05,8.10188E-05
5,2020,0.000751402,0.000756834,0.005296651,0.003512441,0.038981419,0.154191874
10,2020,0.000629552,0.000643698,0.017699416,0.017574418,0.212387331,0.598832985
15,2020,0.004675628,0.005478369,0.158310864,0.149641424,0.417018136,0.781641208
20,2020,0.020735098,0.015897432,0.427467701,0.350230436,0.426793689,0.787137138
25,2020,0.048769615,0.026215064,0.541216474,0.355100417,0.450049728,0.799715671
30,2020,0.071498268,0.037608259,0.563178535,0.310743563,0.450277003,0.801241292
35,2020,0.082225201,0.050093707,0.505747939,0.25781122,0.449857164,0.818550338
40,2020,0.100858304,0.066038056,0.445704846,0.215326357,0.442625315,0.808211853
45,2020,0.134345131,0.08320885,0.418804044,0.209146147,0.423894657,0.768127231
50,2020,0.193215968,0.103995077,0.396749333,0.204865462,0.403846324,0.73691009
55,2020,0.269074208,0.121262293,0.370345272,0.185422051,0.379669914,0.675028112
60,2020,0.312504238,0.119882048,0.333085942,0.160084348,0.359271433,0.636804051
65,2020,0.298444071,0.096367568,0.273187356,0.131051466,0.349768725,0.604088045
70,2020,0.212498578,0.056387664,0.212886767,0.104897188,0.338135943,0.561884072
75,2020,0.130941106,0.03190536,0.180419448,0.09531661,0.335122011,0.542342563
80,2020,0.058578171,0.013566059,0.163711282,0.095394307,0.336297754,0.521111057
85,2020,0.058578171,0.013566059,0.176108841,0.111703797,0.336720401,0.511958408
90,2020,0.058578171,0.013566059,0.207392971,0.138574183,0.339117483,0.508833176
95,2020,0.058578171,0.013566059,0.263795203,0.176164014,0.343366152,0.509156852
0,2021,0.000842082,0.000840768,0.004798437,0.003239724,0,0
2,2021,0.000842094,0.000840758,0.005075242,0.00338155,6.54543E-05,8.27695E-05
5,2021,0.000753432,0.000757787,0.005230797,0.003485806,0.035463568,0.139372264
10,2021,0.000634233,0.000646787,0.016755288,0.015670464,0.195386376,0.553908388
15,2021,0.004229285,0.004962971,0.148030369,0.132608526,0.390203633,0.73177278
20,2021,0.019168772,0.01542952,0.427983506,0.326870677,0.404298982,0.745983542
25,2021,0.046845765,0.025721419,0.600765018,0.367390352,0.42801782,0.761225971
30,2021,0.07271598,0.037366283,0.65815131,0.347332789,0.429484622,0.764460182
35,2021,0.083342541,0.049362965,0.586873078,0.290810586,0.429941063,0.782203505
40,2021,0.099263738,0.064118484,0.50348293,0.238472241,0.424103332,0.773708589
45,2021,0.126732605,0.08015184,0.453169534,0.221053422,0.406461801,0.735754603
50,2021,0.180407381,0.099575884,0.408190557,0.206748387,0.386539861,0.704797574
55,2021,0.255846554,0.119209314,0.376236455,0.183421112,0.362456877,0.644345465
60,2021,0.306400771,0.121241628,0.336188867,0.156415998,0.342219822,0.606181434
65,2021,0.308461834,0.103072007,0.272886973,0.128248471,0.332859786,0.574759755
70,2021,0.229249658,0.063258231,0.208574264,0.103168563,0.322296685,0.535378929
75,2021,0.144666546,0.035413776,0.173253101,0.093065044,0.319671775,0.51690334
80,2021,0.0629887,0.014534446,0.154024996,0.091816885,0.320857306,0.496862172
85,2021,0.06298862,0.014534346,0.163729921,0.106348512,0.321218174,0.487798207
90,2021,0.06298897,0.014534342,0.193028056,0.131266817,0.323576238,0.484647852
95,2021,0.062988594,0.014534008,0.251618175,0.167824533,0.328036995,0.4853477