age,sex,2020,2021,2022,2023,2024
0,Female,338918.1111111111,325912.9888888889,317956.1333333333,313685.55555555556,312795.44444444444
0,Male,354893.05555555556,341262.1,332419.2,327219.85555555555,325966.6777777778
1,Female,338918.1111111111,325912.9888888889,317956.1333333333,313685.55555555556,312795.44444444444
1,Male,354893.05555555556,341262.1,332419.2,327219.85555555555,325966.6777777778
2,Female,338918.1111111111,325912.9888888889,317956.1333333333,313685.55555555556,312795.44444444444
2,Male,354893.05555555556,341262.1,332419.2,327219.85555555555,325966.6777777778
3,Female,338918.1111111111,325912.9888888889,317956.1333333333,313685.55555555556,312795.44444444444
3,Male,354893.05555555556,341262.1,332419.2,327219.85555555555,325966.6777777778
4,Female,338918.1111111111,325912.9888888889,317956.1333333333,313685.55555555556,312795.44444444444
4,Male,354893.05555555556,341262.1,332419.2,327219.85555555555,325966.6777777778
5,Female,341641.64444444445,334935.9888888889,328852.06666666665,325552.6888888889,324711.9111111111
5,Male,358689.94444444444,351357.6111111111,344957.06666666665,341362.9666666667,340282.6555555556
6,Female,341641.64444444445,334935.9888888889,328852.06666666665,325552.6888888889,324711.9111111111
6,Male,358689.94444444444,351357.6111111111,344957.06666666665,341362.9666666667,340282.6555555556
7,Female,341641.64444444445,334935.9888888889,328852.06666666665,325552.6888888889,324711.9111111111
7,Male,358689.94444444444,351357.6111111111,344957.06666666665,341362.9666666667,340282.6555555556
8,Female,341641.64444444445,334935.9888888889,328852.06666666665,325552.6888888889,324711.9111111111
8,Male,358689.94444444444,351357.6111111111,344957.06666666665,341362.9666666667,340282.6555555556
9,Female,341641.64444444445,334935.9888888889,328852.06666666665,325552.6888888889,324711.9111111111
9,Male,358689.94444444444,351357.6111111111,344957.06666666665,341362.9666666667,340282.6555555556
10,Female,343475.0444444445,336735.9888888889,330701.86666666664,327090.8888888889,326780.1111111111
10,Male,361048.14444444445,354138.6111111111,347723.26666666666,343739.56666666665,343054.85555555555
11,Female,343475.0444444445,336735.9888888889,330701.86666666664,327090.8888888889,326780.1111111111
11,Male,361048.14444444445,354138.6111111111,347723.26666666666,343739.56666666665,343054.85555555555
12,Female,343475.0444444445,336735.9888888889,330701.86666666664,327090.8888888889,326780.1111111111
12,Male,361048.14444444445,354138.6111111111,347723.26666666666,343739.56666666665,343054.85555555555
13,Female,343475.0444444445,336735.9888888889,330701.86666666664,327090.8888888889,326780.1111111111
13,Male,361048.14444444445,354138.6111111111,347723.26666666666,343739.56666666665,343054.85555555555
14,Female,346179.4611111111,340145.7388888889,335289.5333333333,331785.05555555556,331465.69444444444
14,Male,363615.2555555556,357733.0,352607.35,349179.7055555555,348852.3277777778
15,Female,483635.4277777778,477337.7388888889,472341.7,471069.7555555556,471547.69444444444
15,Male,499351.15555555554,492966.1666666667,488023.98333333334,487356.4388888889,488537.4944444444
16,Female,583238.6630718955,575943.1977124183,570516.4764705882,569641.2026143791,570947.0709150326
16,Male,592398.6143790849,585094.3196078432,579711.312745098,579568.5094771242,581616.9650326797
17,Female,583238.6630718955,575943.1977124183,570516.4764705882,569641.2026143791,570947.0709150326
17,Male,592398.6143790849,585094.3196078432,579711.312745098,579568.5094771242,581616.9650326797
18,Female,712800.4145875834,705216.1349578539,700214.0654282426,702465.8391524259,706421.7232681126
18,Male,700311.7298785702,693593.1646292662,688633.3093668433,691633.4321414389,696567.9521411948
19,Female,712800.4145875834,705216.1349578539,700214.0654282426,702465.8391524259,706421.7232681126
19,Male,700311.7298785702,693593.1646292662,688633.3093668433,691633.4321414389,696567.9521411948
20,Female,721727.0145875833,711340.1349578539,707152.0654282426,710610.4391524259,716467.9232681127
20,Male,702843.1298785703,694910.1646292662,690362.1093668434,694170.032141439,700872.9521411948
21,Female,721727.0145875833,711340.1349578539,707152.0654282426,710610.4391524259,716467.9232681127
21,Male,702843.1298785703,694910.1646292662,690362.1093668434,694170.032141439,700872.9521411948
22,Female,721727.0145875833,711340.1349578539,707152.0654282426,710610.4391524259,716467.9232681127
22,Male,702843.1298785703,694910.1646292662,690362.1093668434,694170.032141439,700872.9521411948
23,Female,721727.0145875833,711340.1349578539,707152.0654282426,710610.4391524259,716467.9232681127
23,Male,702843.1298785703,694910.1646292662,690362.1093668434,694170.032141439,700872.9521411948
24,Female,721727.0145875833,711340.1349578539,707152.0654282426,710610.4391524259,716467.9232681127
24,Male,702843.1298785703,694910.1646292662,690362.1093668434,694170.032141439,700872.9521411948
25,Female,751521.0860161547,733579.7349578539,726802.3868568139,728421.5105809973,734413.844696684
25,Male,730601.5870214273,713971.9503435519,706950.2736525576,708639.1392842961,714147.2664269091
26,Female,751521.0860161547,733579.7349578539,726802.3868568139,728421.5105809973,734413.844696684
26,Male,730601.5870214273,713971.9503435519,706950.2736525576,708639.1392842961,714147.2664269091
27,Female,751521.0860161547,733579.7349578539,726802.3868568139,728421.5105809973,734413.844696684
27,Male,730601.5870214273,713971.9503435519,706950.2736525576,708639.1392842961,714147.2664269091
28,Female,751521.0860161547,733579.7349578539,726802.3868568139,728421.5105809973,734413.844696684
28,Male,730601.5870214273,713971.9503435519,706950.2736525576,708639.1392842961,714147.2664269091
29,Female,751521.0860161547,733579.7349578539,726802.3868568139,728421.5105809973,734413.844696684
29,Male,730601.5870214273,713971.9503435519,706950.2736525576,708639.1392842961,714147.2664269091
30,Female,750847.8860161548,737297.1349578539,731509.786856814,733082.5105809973,739049.0446966841
30,Male,733328.9870214274,720672.350343552,715115.4736525577,717866.9392842961,723782.0664269091
31,Female,750847.8860161548,737297.1349578539,731509.786856814,733082.5105809973,739049.0446966841
31,Male,733328.9870214274,720672.350343552,715115.4736525577,717866.9392842961,723782.0664269091
32,Female,750847.8860161548,737297.1349578539,731509.786856814,733082.5105809973,739049.0446966841
32,Male,733328.9870214274,720672.350343552,715115.4736525577,717866.9392842961,723782.0664269091
33,Female,750847.8860161548,737297.1349578539,731509.786856814,733082.5105809973,739049.0446966841
33,Male,733328.9870214274,720672.350343552,715115.4736525577,717866.9392842961,723782.0664269091
34,Female,750847.8860161548,737297.1349578539,731509.786856814,733082.5105809973,739049.0446966841
34,Male,733328.9870214274,720672.350343552,715115.4736525577,717866.9392842961,723782.0664269091
35,Female,738878.0860161547,726728.1349578539,721363.586856814,723616.1105809973,730676.4446966841
35,Male,720570.9870214274,709562.350343552,704569.0736525577,708183.5392842961,716137.2664269091
36,Female,738878.0860161547,726728.1349578539,721363.586856814,723616.1105809973,730676.4446966841
36,Male,720570.9870214274,709562.350343552,704569.0736525577,708183.5392842961,716137.2664269091
37,Female,738878.0860161547,726728.1349578539,721363.586856814,723616.1105809973,730676.4446966841
37,Male,720570.9870214274,709562.350343552,704569.0736525577,708183.5392842961,716137.2664269091
38,Female,738878.0860161547,726728.1349578539,721363.586856814,723616.1105809973,730676.4446966841
38,Male,720570.9870214274,709562.350343552,704569.0736525577,708183.5392842961,716137.2664269091
39,Female,738878.0860161547,726728.1349578539,721363.586856814,723616.1105809973,730676.4446966841
39,Male,720570.9870214274,709562.350343552,704569.0736525577,708183.5392842961,716137.2664269091
40,Female,728634.4860161548,718034.7349578539,713563.186856814,716236.7105809973,721945.4446966841
40,Male,708135.1870214273,698731.1503435519,694694.4736525577,698651.9392842961,705061.6664269092
41,Female,728634.4860161548,718034.7349578539,713563.186856814,716236.7105809973,721945.4446966841
41,Male,708135.1870214273,698731.1503435519,694694.4736525577,698651.9392842961,705061.6664269092
42,Female,728634.4860161548,718034.7349578539,713563.186856814,716236.7105809973,721945.4446966841
42,Male,708135.1870214273,698731.1503435519,694694.4736525577,698651.9392842961,705061.6664269092
43,Female,728634.4860161548,718034.7349578539,713563.186856814,716236.7105809973,721945.4446966841
43,Male,708135.1870214273,698731.1503435519,694694.4736525577,698651.9392842961,705061.6664269092
44,Female,728634.4860161548,718034.7349578539,713563.186856814,716236.7105809973,721945.4446966841
44,Male,708135.1870214273,698731.1503435519,694694.4736525577,698651.9392842961,705061.6664269092
45,Female,591541.319349488,579260.3849578539,572196.7701901473,570749.8105809973,572574.9946966841
45,Male,565199.7870214274,553016.3336768852,545766.6403192243,545669.3559509628,548052.4997602425
46,Female,591541.319349488,579260.3849578539,572196.7701901473,570749.8105809973,572574.9946966841
46,Male,565199.7870214274,553016.3336768852,545766.6403192243,545669.3559509628,548052.4997602425
47,Female,591541.319349488,579260.3849578539,572196.7701901473,570749.8105809973,572574.9946966841
47,Male,565199.7870214274,553016.3336768852,545766.6403192243,545669.3559509628,548052.4997602425
48,Female,591541.319349488,579260.3849578539,572196.7701901473,570749.8105809973,572574.9946966841
48,Male,565199.7870214274,553016.3336768852,545766.6403192243,545669.3559509628,548052.4997602425
49,Female,591541.319349488,579260.3849578539,572196.7701901473,570749.8105809973,572574.9946966841
49,Male,565199.7870214274,553016.3336768852,545766.6403192243,545669.3559509628,548052.4997602425
50,Female,602032.119349488,592331.784957854,584192.9701901473,579636.6105809973,577100.7946966841
50,Male,574843.3870214274,565656.9336768852,557482.0403192244,553962.9559509628,551577.2997602425
51,Female,602032.119349488,592331.784957854,584192.9701901473,579636.6105809973,577100.7946966841
51,Male,574843.3870214274,565656.9336768852,557482.0403192244,553962.9559509628,551577.2997602425
52,Female,602032.119349488,592331.784957854,584192.9701901473,579636.6105809973,577100.7946966841
52,Male,574843.3870214274,565656.9336768852,557482.0403192244,553962.9559509628,551577.2997602425
53,Female,602032.119349488,592331.784957854,584192.9701901473,579636.6105809973,577100.7946966841
53,Male,574843.3870214274,565656.9336768852,557482.0403192244,553962.9559509628,551577.2997602425
54,Female,602032.119349488,592331.784957854,584192.9701901473,579636.6105809973,577100.7946966841
54,Male,574843.3870214274,565656.9336768852,557482.0403192244,553962.9559509628,551577.2997602425
55,Female,611486.319349488,600756.9849578539,591991.3701901473,586901.8105809973,584372.5946966842
55,Male,581673.7870214274,571306.7336768853,562585.2403192243,558979.1559509628,557174.0997602425
56,Female,611486.319349488,600756.9849578539,591991.3701901473,586901.8105809973,584372.5946966842
56,Male,581673.7870214274,571306.7336768853,562585.2403192243,558979.1559509628,557174.0997602425
57,Female,611486.319349488,600756.9849578539,591991.3701901473,586901.8105809973,584372.5946966842
57,Male,581673.7870214274,571306.7336768853,562585.2403192243,558979.1559509628,557174.0997602425
58,Female,611486.319349488,600756.9849578539,591991.3701901473,586901.8105809973,584372.5946966842
58,Male,581673.7870214274,571306.7336768853,562585.2403192243,558979.1559509628,557174.0997602425
59,Female,611486.319349488,600756.9849578539,591991.3701901473,586901.8105809973,584372.5946966842
59,Male,581673.7870214274,571306.7336768853,562585.2403192243,558979.1559509628,557174.0997602425
60,Female,603766.7193494882,596790.9849578539,591100.7701901473,589300.2105809973,589930.3946966841
60,Male,572239.3870214274,565638.3336768852,560213.6403192243,559391.5559509628,560157.2997602425
61,Female,603766.7193494882,596790.9849578539,591100.7701901473,589300.2105809973,589930.3946966841
61,Male,572239.3870214274,565638.3336768852,560213.6403192243,559391.5559509628,560157.2997602425
62,Female,603766.7193494882,596790.9849578539,591100.7701901473,589300.2105809973,589930.3946966841
62,Male,572239.3870214274,565638.3336768852,560213.6403192243,559391.5559509628,560157.2997602425
63,Female,603766.7193494882,596790.9849578539,591100.7701901473,589300.2105809973,589930.3946966841
63,Male,572239.3870214274,565638.3336768852,560213.6403192243,559391.5559509628,560157.2997602425
64,Female,603766.7193494882,596790.9849578539,591100.7701901473,589300.2105809973,589930.3946966841
64,Male,572239.3870214274,565638.3336768852,560213.6403192243,559391.5559509628,560157.2997602425
65,Female,366726.3561107174,367720.4538703835,369929.6374478305,374525.8030159855,379608.48323096306
65,Male,329608.1275651626,331012.7878140011,333141.2610048035,338136.42025356326,343445.8436136704
66,Female,366726.3561107174,367720.4538703835,369929.6374478305,374525.8030159855,379608.48323096306
66,Male,329608.1275651626,331012.7878140011,333141.2610048035,338136.42025356326,343445.8436136704
67,Female,366726.3561107174,367720.4538703835,369929.6374478305,374525.8030159855,379608.48323096306
67,Male,329608.1275651626,331012.7878140011,333141.2610048035,338136.42025356326,343445.8436136704
68,Female,366726.3561107174,367720.4538703835,369929.6374478305,374525.8030159855,379608.48323096306
68,Male,329608.1275651626,331012.7878140011,333141.2610048035,338136.42025356326,343445.8436136704
69,Female,366726.3561107174,367720.4538703835,369929.6374478305,374525.8030159855,379608.48323096306
69,Male,329608.1275651626,331012.7878140011,333141.2610048035,338136.42025356326,343445.8436136704
70,Female,347507.55611071736,350560.4538703835,350209.03744783055,353717.0030159855,358954.28323096305
70,Male,306983.7275651626,309777.1878140011,309622.6610048035,313654.0202535633,319223.0436136704
71,Female,347507.55611071736,350560.4538703835,350209.03744783055,353717.0030159855,358954.28323096305
71,Male,306983.7275651626,309777.1878140011,309622.6610048035,313654.0202535633,319223.0436136704
72,Female,347507.55611071736,350560.4538703835,350209.03744783055,353717.0030159855,358954.28323096305
72,Male,306983.7275651626,309777.1878140011,309622.6610048035,313654.0202535633,319223.0436136704
73,Female,347507.55611071736,350560.4538703835,350209.03744783055,353717.0030159855,358954.28323096305
73,Male,306983.7275651626,309777.1878140011,309622.6610048035,313654.0202535633,319223.0436136704
74,Female,347507.55611071736,350560.4538703835,350209.03744783055,353717.0030159855,358954.28323096305
74,Male,306983.7275651626,309777.1878140011,309622.6610048035,313654.0202535633,319223.0436136704
75,Female,318297.55611071736,319010.6538703835,324686.83744783053,330124.4030159855,337256.68323096307
75,Male,277506.1275651626,278137.38781400106,283357.46100480354,288871.6202535633,295572.44361367036
76,Female,318297.55611071736,319010.6538703835,324686.83744783053,330124.4030159855,337256.68323096307
76,Male,277506.1275651626,278137.38781400106,283357.46100480354,288871.6202535633,295572.44361367036
77,Female,318297.55611071736,319010.6538703835,324686.83744783053,330124.4030159855,337256.68323096307
77,Male,277506.1275651626,278137.38781400106,283357.46100480354,288871.6202535633,295572.44361367036
78,Female,318297.55611071736,319010.6538703835,324686.83744783053,330124.4030159855,337256.68323096307
78,Male,277506.1275651626,278137.38781400106,283357.46100480354,288871.6202535633,295572.44361367036
79,Female,318297.55611071736,319010.6538703835,324686.83744783053,330124.4030159855,337256.68323096307
79,Male,277506.1275651626,278137.38781400106,283357.46100480354,288871.6202535633,295572.44361367036
80,Female,298094.9561107174,298260.05387038353,300159.03744783055,304926.8030159855,310150.48323096306
80,Male,258276.1275651626,258257.18781400108,259764.4610048035,264327.6202535633,269198.0436136704
81,Female,298094.9561107174,298260.05387038353,300159.03744783055,304926.8030159855,310150.48323096306
81,Male,258276.1275651626,258257.18781400108,259764.4610048035,264327.6202535633,269198.0436136704
82,Female,298094.9561107174,298260.05387038353,300159.03744783055,304926.8030159855,310150.48323096306
82,Male,258276.1275651626,258257.18781400108,259764.4610048035,264327.6202535633,269198.0436136704
83,Female,298094.9561107174,298260.05387038353,300159.03744783055,304926.8030159855,310150.48323096306
83,Male,258276.1275651626,258257.18781400108,259764.4610048035,264327.6202535633,269198.0436136704
84,Female,298094.9561107174,298260.05387038353,300159.03744783055,304926.8030159855,310150.48323096306
84,Male,258276.1275651626,258257.18781400108,259764.4610048035,264327.6202535633,269198.0436136704
85,Female,268703.4811107174,268010.36637038353,268411.12494783057,270996.6030159855,274631.54573096306
85,Male,235440.0400651626,234888.5378140011,235287.68600480352,238073.0702535633,241691.08111367037
86,Female,268703.4811107174,268010.36637038353,268411.12494783057,270996.6030159855,274631.54573096306
86,Male,235440.0400651626,234888.5378140011,235287.68600480352,238073.0702535633,241691.08111367037
87,Female,268703.4811107174,268010.36637038353,268411.12494783057,270996.6030159855,274631.54573096306
87,Male,235440.0400651626,234888.5378140011,235287.68600480352,238073.0702535633,241691.08111367037
88,Female,268703.4811107174,268010.36637038353,268411.12494783057,270996.6030159855,274631.54573096306
88,Male,235440.0400651626,234888.5378140011,235287.68600480352,238073.0702535633,241691.08111367037
89,Female,268703.4811107174,268010.36637038353,268411.12494783057,270996.6030159855,274631.54573096306
89,Male,235440.0400651626,234888.5378140011,235287.68600480352,238073.0702535633,241691.08111367037
90,Female,268703.4811107174,268010.36637038353,268411.12494783057,270996.6030159855,274631.54573096306
90,Male,235440.0400651626,234888.5378140011,235287.68600480352,238073.0702535633,241691.08111367037
91,Female,268703.4811107174,268010.36637038353,268411.12494783057,270996.6030159855,274631.54573096306
91,Male,235440.0400651626,234888.5378140011,235287.68600480352,238073.0702535633,241691.08111367037
92,Female,268703.4811107174,268010.36637038353,268411.12494783057,270996.6030159855,274631.54573096306
92,Male,235440.0400651626,234888.5378140011,235287.68600480352,238073.0702535633,241691.08111367037
93,Female,268703.4811107174,268010.36637038353,268411.12494783057,270996.6030159855,274631.54573096306
93,Male,235440.0400651626,234888.5378140011,235287.68600480352,238073.0702535633,241691.08111367037
94,Female,268703.4811107174,268010.36637038353,268411.12494783057,270996.6030159855,274631.54573096306
94,Male,235440.0400651626,234888.5378140011,235287.68600480352,238073.0702535633,241691.08111367037
95,Female,268703.4811107174,268010.36637038353,268411.12494783057,270996.6030159855,274631.54573096306
95,Male,235440.0400651626,234888.5378140011,235287.68600480352,238073.0702535633,241691.08111367037
96,Female,268703.4811107174,268010.36637038353,268411.12494783057,270996.6030159855,274631.54573096306
96,Male,235440.0400651626,234888.5378140011,235287.68600480352,238073.0702535633,241691.08111367037
97,Female,268703.4811107174,268010.36637038353,268411.12494783057,270996.6030159855,274631.54573096306
97,Male,235440.0400651626,234888.5378140011,235287.68600480352,238073.0702535633,241691.08111367037
98,Female,268703.4811107174,268010.36637038353,268411.12494783057,270996.6030159855,274631.54573096306
98,Male,235440.0400651626,234888.5378140011,235287.68600480352,238073.0702535633,241691.08111367037
99,Female,268703.4811107174,268010.36637038353,268411.12494783057,270996.6030159855,274631.54573096306
99,Male,235440.0400651626,234888.5378140011,235287.68600480352,238073.0702535633,241691.08111367037
100,Female,268703.4811107174,268010.36637038353,268411.12494783057,270996.6030159855,274631.54573096306
100,Male,235440.0400651626,234888.5378140011,235287.68600480352,238073.0702535633,241691.08111367037
