has_condition,Type1Diabetes,Type2Diabetes,Hypertension,Obesity,MajorDepressiveDisorder,RoadInjuries,AlzheimersDisease,InterpersonalViolence,CardiovascularDiseases,ChronicLiverDisease,Asthma,ChronicKidneyDisease,Flu,HPV,CervicalCancer,ColorectalCancer,BreastCancer,LungCancer,ProstateCancer,ParkinsonsDisease,TobaccoUse,AlcoholUseDisorder,ViralHepatitis,HIV,Hyperlipidemia,Dementia,PTSD,COPD,StimulantUseDisorder,OpioidUseDisorder,AnxietyDisorder,ChronicPain,NeonatalEncephalopathy,NeonatalPretermBirth,NeonatalSepsis,NeonatalJaundice,DiarrhealDisease,CongenitalHeartAnomalies,CongenitalMusculoskeletal,DigestiveCongenitalAnomalies,DownSyndrome,NeuralTubeDefects,ChromosomalAbnormalities,EsophagealCancer,ProteinEnergyMalnutrition,COVID19,LowerRespiratoryInfections,Tuberculosis,MaternalConditions,BipolarDisorder,SelfHarm
Type1Diabetes,,1.0,3.3,,,1.0,1.0,,2.47,1.0,1.0,,1.0,,1.0,1.3,1.2,1.11,1.0,,,,,,,,,,,,,,,,,,,,,,,,,,,,,,,,
Type2Diabetes,1.0,,3.3,,,1.0,1.0,1.0,2.47,1.0,1.0,,1.0,,1.0,1.3,1.2,1.11,1.0,1.0,,,,,,,,,,,,,,,,,,,,,,,,,,,,,1.0,,1.0
Hypertension,,1.0,,,,1.0,1.0,1.0,1.44,1.0,1.0,,1.0,,1.0,1.0,1.0,1.0,1.0,1.0,,,,,,,,,,,,,,,,,,,,,,,,,,,,,1.0,,1.0
Obesity,1.0,7.37,1.87,,,1.0,1.54,1.0,1.23,1.74,1.0,,1.0,,1.0,1.38,1.25,1.0,1.0,1.0,,,,,,,,,,,,,,,,,,,,,,,,,,,,,1.0,,1.0
MajorDepressiveDisorder,1.0,1.37,1.42,,,19.5,1.0,1.0,1.0,1.0,1.0,,1.0,,1.0,1.0,1.0,1.0,1.0,1.0,,,,,,,,,,,,,,,,,,,,,,,,,,,,,1.0,,19.5
RoadInjuries,,,,,,,,,,,,,,,,,,,,,,,,,,,,,,,,,,,,,,,,,,,,,,,,,,,
AlzheimersDisease,,,,,,,,,,,,,,,,,,,,,,,,,,,,,,,,,,,,,,,,,,,,,,,,,,,
InterpersonalViolence,,,,,,,,,,,,,,,,,,,,,,,,,,,,,,,,,,,,,,,,,,,,,,,,,,,
CardiovascularDiseases,,1.0,1.0,,,1.0,1.0,1.0,,1.0,1.0,,1.0,,1.0,1.0,1.0,1.0,1.0,1.0,,,,,,,,,,,,,,,,,,,,,,,,,,,,,55.3,,1.0
ChronicLiverDisease,,,,,,,,,,,,,,,,,,,,,,,,,,,,,,,,,,,,,,,,,,,,,,,,,,,
Asthma,,,,,,,,,,,,,,,,,,,,,,,,,,,,,,,,,,,,,,,,,,,,,,,,,,,
ChronicKidneyDisease,,,,,,,,,,,,,,,,,,,,,,,,,,,,,,,,,,,,,,,,,,,,,,,,,,,
Flu,,,,,,,,,,,,,,,,,,,,,,,,,,,,,,,,,,,,,,,,,,,,,,,,,,,
HPV,,1.0,1.0,,1.0,1.0,1.0,1.0,1.0,1.0,1.0,,1.0,,158.1,1.0,5.9,5.67,1.39,1.0,,,2.5,,,,,,,,,,,,,,,,,,,,,,,,,,1.0,,1.0
CervicalCancer,,,,,,,,,,,,,,,,,,,,,,,,,,,,,,,,,,,,,,,,,,,,,,,,,,,
ColorectalCancer,,,,,,,,,,,,,,,,,,,,,,,,,,,,,,,,,,,,,,,,,,,,,,,,,,,
BreastCancer,,,,,,,,,,,,,,,,,,,,,,,,,,,,,,,,,,,,,,,,,,,,,,,,,,,
LungCancer,,,,,,,,,,,,,,,,,,,,,,,,,,,,,,,,,,,,,,,,,,,,,,,,,,,
ProstateCancer,,,,,,,,,,,,,,,,,,,,,,,,,,,,,,,,,,,,,,,,,,,,,,,,,,,
ParkinsonsDisease,,,,,,,,,,,,,,,,,,,,,,,,,,,,,,,,,,,,,,,,,,,,,,,,,,,
TobaccoUse,1.0,1.44,1.11,,,1.0,1.0,1.0,2.58,1.0,6.3,,1.0,,2.3,1.0,2.7,25.1,1.0,1.0,,,,,,,,,,,,,,,,,,,,,,,,,,,,,1.0,,1.0
AlcoholUseDisorder,1.0,1.0,1.75,,,2.13,1.0,1.0,1.0,1.64,1.0,,1.0,,1.0,2.48,1.94,1.21,2.85,1.0,,,,,,,,,,,,,,,,,,,,,,,,,,,,,1.0,,5.82
ViralHepatitis,1.0,1.0,1.0,,,1.0,1.0,1.0,1.0,16.081,1.0,,1.0,,1.0,1.0,1.0,1.0,1.0,1.0,,,,,,,,,,,,,,,,,,,,,,,,,,,,,1.0,,1.0
HIV,1.0,1.0,1.0,1.0,,1.0,1.0,1.0,1.0,1.0,1.0,1.0,1.0,,5.82,1.0,1.03,2.72,1.0,1.0,,,,1.0,,,,,,,,,,,,,,,,,,,,,,,,,1.0,,1.0
Hyperlipidemia,,1.0,1.0,,,1.0,1.0,1.0,1.6,1.55,1.0,,1.0,,1.0,1.0,1.0,1.0,1.0,1.0,,,,,,,,,,,,,,,,,,,,,,,,,,,,,1.0,,1.0
Dementia,,,,,,,,,,,,,,,,,,,,,,,,,,,,,,,,,,,,,,,,,,,,,,,,,,,
PTSD,,,,,,,,,,,,,,,,,,,,,,,,,,,,,,,,,,,,,,,,,,,,,,,,,,,
COPD,,,,,,,,,,,,,,,,,,,,,,,,,,,,,,,,,,,,,,,,,,,,,,,,,,,
StimulantUseDisorder,,1.0,1.0,,,1.0,1.0,1.0,1.0,3.65,1.0,,1.0,,1.0,1.0,1.0,1.0,1.0,1.0,,,,,,,,,,,,,,,,,,,,,,,,,,,,,1.0,,13.73
OpioidUseDisorder,,,,,,,,,,,,,,,,,,,,,,,,,,,,,,,,,,,,,,,,,,,,,,,,,,,
AnxietyDisorder,,1.0,1.0,,,1.0,1.0,1.0,1.0,1.0,1.0,,1.0,,1.0,1.0,1.0,1.0,1.0,1.0,,,,,,,,,,,,,,,,,,,,,,,,,,,,,1.0,,2.2
ChronicPain,,,,,,,,,,,,,,,,,,,,,,,,,,,,,,,,,,,,,,,,,,,,,,,,,,,
NeonatalEncephalopathy,,,,,,,,,,,,,,,,,,,,,,,,,,,,,,,,,,,,,,,,,,,,,,,,,,,
NeonatalPretermBirth,,,,,,,,,,,,,,,,,,,,,,,,,,,,,,,,,,,,,,,,,,,,,,,,,,,
NeonatalSepsis,,,,,,,,,,,,,,,,,,,,,,,,,,,,,,,,,,,,,,,,,,,,,,,,,,,
NeonatalJaundice,,,,,,,,,,,,,,,,,,,,,,,,,,,,,,,,,,,,,,,,,,,,,,,,,,,
DiarrhealDisease,,,,,,,,,,,,,,,,,,,,,,,,,,,,,,,,,,,,,,,,,,,,,,,,,,,
CongenitalHeartAnomalies,,,,,,,,,,,,,,,,,,,,,,,,,,,,,,,,,,,,,,,,,,,,,,,,,,,
CongenitalMusculoskeletal,,,,,,,,,,,,,,,,,,,,,,,,,,,,,,,,,,,,,,,,,,,,,,,,,,,
DigestiveCongenitalAnomalies,,,,,,,,,,,,,,,,,,,,,,,,,,,,,,,,,,,,,,,,,,,,,,,,,,,
DownSyndrome,,,,,,,,,,,,,,,,,,,,,,,,,,,,,,,,,,,,,,,,,,,,,,,,,,,
NeuralTubeDefects,,,,,,,,,,,,,,,,,,,,,,,,,,,,,,,,,,,,,,,,,,,,,,,,,,,
ChromosomalAbnormalities,,,,,,,,,,,,,,,,,,,,,,,,,,,,,,,,,,,,,,,,,,,,,,,,,,,
EsophagealCancer,,,,,,,,,,,,,,,,,,,,,,,,,,,,,,,,,,,,,,,,,,,,,,,,,,,
ProteinEnergyMalnutrition,,,,,,,,,,,,,,,,,,,,,,,,,,,,,,,,,,,,,,,,,,,,,,,,,,,
COVID19,,,,,,,,,,,,,,,,,,,,,,,,,,,,,,,,,,,,,,,,,,,,,,,,,,,
LowerRespiratoryInfections,,,,,,,,,,,,,,,,,,,,,,,,,,,,,,,,,,,,,,,,,,,,,,,,,,,
Tuberculosis,,,,,,,,,,,,,,,,,,,,,,,,,,,,,,,,,,,,,,,,,,,,,,,,,,,
MaternalConditions,,,,,,,,,,,,,,,,,,,,,,,,,,,,,,,,,,,,,,,,,,,,,,,,,,,
BipolarDisorder,,1.0,1.0,,,1.0,1.0,1.0,1.0,1.0,1.0,,1.0,,1.0,1.0,1.0,1.0,1.0,1.0,,,,,,,,,,,,,,,,,,,,,,,,,,,,,1.0,,13.3
SelfHarm,,,,,,,,,,,,,,,,,,,,,,,,,,,,,,,,,,,,,,,,,,,,,,,,,,,
