Age,Sex,1986.0,1987.0,1988.0,1989.0,1990.0,1991.0,1992.0,1993.0,1994.0,1995.0,1996.0,1997.0,1998.0,1999.0,2000.0,2001.0,2002.0,2003.0,2004.0,2005.0,2006.0,2007.0,2008.0,2009.0,2010.0,2011.0,2012.0,2013.0,2014.0,2015.0,2016.0,2017.0,2018.0,2019.0,2020.0,2021.0,2022.0,2023.0
0,Female,0.05711,0.05457,0.05246,0.05092,0.05006,0.05005,0.05106,0.05284,0.0556,0.05905,0.06311,0.06682,0.07058,0.07388,0.07662,0.07894,0.07987,0.08022,0.07973,0.07833,0.07596,0.07276,0.06893,0.06462,0.06015,0.05591,0.05221,0.04934,0.04727,0.04543,0.04405,0.0428,0.04141,0.04002,0.03871,0.03749,0.03617,0.03497
0,Male,0.0697,0.06677,0.06433,0.06255,0.06157,0.06159,0.06278,0.06487,0.06804,0.07195,0.07646,0.08041,0.08433,0.08774,0.09053,0.09287,0.09371,0.09397,0.09335,0.09178,0.08918,0.08573,0.08159,0.07686,0.0719,0.06715,0.06297,0.05967,0.05724,0.0551,0.05345,0.05196,0.05029,0.04864,0.04706,0.04559,0.04401,0.04256
1,Female,0.00953,0.00887,0.00837,0.00802,0.00782,0.00777,0.00807,0.00843,0.00911,0.00999,0.01122,0.01211,0.01325,0.01414,0.01505,0.01594,0.01612,0.01618,0.01609,0.0156,0.01477,0.01379,0.01276,0.01142,0.01027,0.00925,0.00832,0.00752,0.00725,0.00688,0.00655,0.00636,0.00623,0.00609,0.00595,0.00587,0.00566,0.00547
1,Male,0.01054,0.00984,0.00925,0.00881,0.00856,0.0085,0.00877,0.00914,0.0098,0.01066,0.01184,0.01262,0.01356,0.0144,0.01529,0.01588,0.01589,0.01594,0.01569,0.01519,0.01446,0.01367,0.01253,0.01138,0.01021,0.0091,0.00823,0.00761,0.00723,0.00678,0.00663,0.0063,0.00608,0.00585,0.00561,0.00545,0.00504,0.00502
2,Female,0.00579,0.00539,0.00509,0.00489,0.00478,0.00477,0.00497,0.00519,0.00563,0.00619,0.007,0.00755,0.0083,0.00886,0.00945,0.01007,0.01016,0.01021,0.0102,0.00987,0.00932,0.0087,0.00805,0.00717,0.00644,0.00581,0.0052,0.00468,0.00449,0.00427,0.00406,0.00393,0.00385,0.00376,0.00366,0.00361,0.00347,0.00335
2,Male,0.00649,0.00609,0.00577,0.00554,0.00543,0.00543,0.00566,0.00593,0.00639,0.00699,0.00782,0.00838,0.00905,0.00966,0.0103,0.01078,0.01087,0.01096,0.01083,0.01052,0.01004,0.0095,0.0087,0.0079,0.00709,0.00635,0.00574,0.00529,0.00498,0.00467,0.00453,0.00428,0.00411,0.00392,0.00374,0.0036,0.00332,0.00327
3,Female,0.00397,0.0037,0.00349,0.00335,0.00327,0.00325,0.00338,0.00351,0.00378,0.00413,0.00467,0.00498,0.00544,0.00584,0.00622,0.00663,0.00665,0.00671,0.00663,0.00646,0.00613,0.00573,0.00524,0.00474,0.00424,0.00379,0.00345,0.00312,0.00299,0.00285,0.00271,0.00263,0.00258,0.00253,0.00247,0.00245,0.00236,0.00228
3,Male,0.00447,0.00421,0.00399,0.00384,0.00377,0.00377,0.00393,0.00411,0.00442,0.00482,0.0054,0.00576,0.00621,0.00663,0.00705,0.00741,0.00745,0.00751,0.00743,0.00721,0.00688,0.00651,0.00598,0.00544,0.00489,0.00438,0.00397,0.00366,0.00345,0.00323,0.00314,0.00297,0.00286,0.00273,0.00261,0.00252,0.00233,0.0023
4,Female,0.00284,0.00266,0.00252,0.00242,0.00236,0.00234,0.00243,0.0025,0.00267,0.00289,0.00326,0.00344,0.00373,0.00402,0.00427,0.00456,0.00453,0.0046,0.00451,0.00443,0.00423,0.00397,0.00359,0.00332,0.00297,0.00262,0.00244,0.00222,0.00213,0.00203,0.00193,0.00188,0.00185,0.00181,0.00177,0.00176,0.0017,0.00165
4,Male,0.00318,0.00301,0.00287,0.00276,0.00272,0.00273,0.00285,0.00297,0.0032,0.00349,0.0039,0.00415,0.00448,0.00477,0.00508,0.00535,0.00538,0.00543,0.00539,0.00524,0.00501,0.00474,0.00437,0.00398,0.00359,0.00322,0.00292,0.0027,0.00255,0.00239,0.00231,0.00219,0.00211,0.00202,0.00193,0.00187,0.00173,0.0017
5,Female,0.00216,0.00203,0.00192,0.00185,0.0018,0.00178,0.00185,0.00189,0.00201,0.00216,0.00243,0.00254,0.00274,0.00296,0.00314,0.00336,0.00332,0.00339,0.00329,0.00325,0.00313,0.00295,0.00263,0.00248,0.00222,0.00194,0.00184,0.00168,0.00161,0.00153,0.00146,0.00142,0.0014,0.00137,0.00135,0.00134,0.0013,0.00126
5,Male,0.00243,0.0023,0.00219,0.00211,0.00207,0.00207,0.00216,0.00224,0.00239,0.0026,0.0029,0.00306,0.00329,0.0035,0.00371,0.00391,0.00391,0.00395,0.00391,0.0038,0.00362,0.00343,0.00317,0.0029,0.00262,0.00235,0.00213,0.00198,0.00187,0.00176,0.00171,0.00163,0.00157,0.00151,0.00146,0.00142,0.00132,0.0013
6,Female,0.00178,0.00167,0.00159,0.00153,0.00149,0.00148,0.00154,0.00158,0.00168,0.00181,0.00203,0.00212,0.00227,0.00247,0.00262,0.0028,0.00276,0.00283,0.00274,0.00272,0.00263,0.00248,0.00221,0.00211,0.00189,0.00165,0.00157,0.00144,0.00138,0.0013,0.00123,0.0012,0.00118,0.00115,0.00113,0.00112,0.00108,0.00105
6,Male,0.00202,0.00192,0.00184,0.00178,0.00175,0.00176,0.00183,0.0019,0.00203,0.00221,0.00246,0.0026,0.0028,0.00297,0.00316,0.00333,0.00334,0.00337,0.00335,0.00326,0.00311,0.00295,0.00273,0.0025,0.00226,0.00203,0.00185,0.00172,0.00162,0.00153,0.00148,0.00141,0.00136,0.00131,0.00126,0.00122,0.00114,0.00112
7,Female,0.00151,0.00143,0.00136,0.00132,0.00129,0.00129,0.00135,0.00138,0.00148,0.0016,0.0018,0.00188,0.00201,0.0022,0.00233,0.0025,0.00247,0.00254,0.00247,0.00246,0.00238,0.00225,0.00201,0.00193,0.00173,0.00151,0.00144,0.00132,0.00126,0.00118,0.00112,0.00108,0.00105,0.00103,0.001,0.00099,0.00095,0.00092
7,Male,0.00174,0.00166,0.0016,0.00155,0.00153,0.00155,0.00162,0.00168,0.0018,0.00195,0.00217,0.0023,0.00248,0.00263,0.00279,0.00295,0.00298,0.00301,0.00299,0.00292,0.0028,0.00265,0.00246,0.00226,0.00205,0.00185,0.00169,0.00157,0.00148,0.00139,0.00134,0.00128,0.00124,0.00118,0.00114,0.00111,0.00103,0.00101
8,Female,0.00133,0.00125,0.0012,0.00116,0.00115,0.00115,0.00121,0.00124,0.00133,0.00144,0.00163,0.0017,0.00182,0.00199,0.00212,0.00227,0.00224,0.00232,0.00225,0.00226,0.00218,0.00207,0.00185,0.0018,0.00161,0.0014,0.00134,0.00123,0.00117,0.00109,0.00103,0.00099,0.00096,0.00093,0.0009,0.00089,0.00084,0.00081
8,Male,0.00154,0.00147,0.00142,0.00138,0.00137,0.00138,0.00145,0.0015,0.00161,0.00174,0.00194,0.00205,0.00221,0.00235,0.00249,0.00264,0.00266,0.00269,0.00268,0.00262,0.00251,0.00238,0.00222,0.00204,0.00185,0.00167,0.00153,0.00142,0.00134,0.00126,0.00122,0.00116,0.00112,0.00107,0.00103,0.001,0.00094,0.00092
9,Female,0.00121,0.00115,0.0011,0.00107,0.00106,0.00106,0.00112,0.00116,0.00125,0.00136,0.00154,0.00161,0.00172,0.00189,0.00201,0.00215,0.00213,0.00221,0.00215,0.00216,0.00209,0.00199,0.00179,0.00174,0.00156,0.00136,0.00131,0.0012,0.00113,0.00105,0.00099,0.00094,0.00091,0.00088,0.00085,0.00083,0.00079,0.00075
9,Male,0.0014,0.00134,0.0013,0.00127,0.00126,0.00127,0.00133,0.00138,0.00147,0.00159,0.00177,0.00188,0.00202,0.00214,0.00227,0.0024,0.00243,0.00246,0.00245,0.00239,0.00229,0.00218,0.00203,0.00187,0.0017,0.00154,0.00141,0.00131,0.00124,0.00117,0.00112,0.00107,0.00103,0.00099,0.00096,0.00093,0.00087,0.00085
10,Female,0.00115,0.00109,0.00105,0.00102,0.00101,0.00102,0.00108,0.00112,0.00121,0.00132,0.00149,0.00156,0.00166,0.00183,0.00195,0.00209,0.00207,0.00216,0.0021,0.00211,0.00205,0.00196,0.00175,0.00172,0.00154,0.00135,0.00129,0.00118,0.00111,0.00104,0.00097,0.00092,0.00089,0.00085,0.00082,0.0008,0.00076,0.00072
10,Male,0.00132,0.00127,0.00123,0.00121,0.0012,0.00122,0.00127,0.00132,0.00142,0.00153,0.0017,0.0018,0.00194,0.00206,0.00218,0.00231,0.00235,0.00238,0.00237,0.00232,0.00223,0.00212,0.00198,0.00182,0.00166,0.00151,0.00138,0.00129,0.00121,0.00114,0.0011,0.00105,0.00101,0.00097,0.00093,0.0009,0.00085,0.00083
11,Female,0.00112,0.00107,0.00103,0.001,0.00099,0.00101,0.00107,0.00111,0.0012,0.0013,0.00147,0.00154,0.00164,0.00181,0.00193,0.00206,0.00205,0.00214,0.00208,0.0021,0.00203,0.00194,0.00175,0.00172,0.00154,0.00134,0.00129,0.00118,0.00111,0.00103,0.00096,0.00092,0.00088,0.00085,0.00081,0.00079,0.00075,0.00071
11,Male,0.00129,0.00124,0.00121,0.00119,0.00119,0.00121,0.00127,0.00133,0.00143,0.00154,0.00171,0.00182,0.00196,0.00209,0.00221,0.00235,0.0024,0.00244,0.00244,0.00239,0.0023,0.00219,0.00205,0.00189,0.00173,0.00158,0.00145,0.00135,0.00127,0.0012,0.00115,0.00109,0.00105,0.001,0.00096,0.00093,0.00087,0.00084
12,Female,0.00114,0.00109,0.00105,0.00103,0.00102,0.00104,0.00111,0.00116,0.00125,0.00136,0.00154,0.00162,0.00173,0.0019,0.00202,0.00216,0.00215,0.00226,0.00221,0.00222,0.00216,0.00206,0.00186,0.00183,0.00164,0.00144,0.00138,0.00127,0.00119,0.0011,0.00102,0.00097,0.00093,0.00089,0.00085,0.00082,0.00078,0.00074
12,Male,0.00131,0.00127,0.00124,0.00122,0.00122,0.00125,0.00131,0.00137,0.00147,0.00159,0.00176,0.00188,0.00203,0.00216,0.00229,0.00243,0.00248,0.00253,0.00253,0.00249,0.0024,0.00228,0.00214,0.00198,0.00182,0.00166,0.00153,0.00142,0.00134,0.00126,0.0012,0.00114,0.0011,0.00105,0.00101,0.00097,0.00091,0.00088
13,Female,0.0012,0.00115,0.00111,0.00109,0.00109,0.00112,0.0012,0.00126,0.00137,0.00149,0.00168,0.00178,0.0019,0.0021,0.00223,0.00239,0.00239,0.00251,0.00246,0.00249,0.00242,0.00232,0.0021,0.00208,0.00187,0.00165,0.00158,0.00145,0.00135,0.00125,0.00115,0.00109,0.00104,0.00099,0.00094,0.0009,0.00085,0.0008
13,Male,0.00138,0.00134,0.00131,0.0013,0.0013,0.00133,0.0014,0.00147,0.00157,0.0017,0.00187,0.002,0.00216,0.00229,0.00243,0.00258,0.00265,0.00269,0.0027,0.00266,0.00257,0.00245,0.0023,0.00213,0.00196,0.0018,0.00166,0.00154,0.00145,0.00136,0.0013,0.00124,0.0012,0.00114,0.0011,0.00105,0.00099,0.00096
14,Female,0.0013,0.00124,0.00121,0.00119,0.0012,0.00124,0.00133,0.00141,0.00154,0.00168,0.0019,0.00201,0.00215,0.00237,0.00253,0.0027,0.00271,0.00286,0.00282,0.00286,0.00278,0.00268,0.00244,0.00243,0.00218,0.00194,0.00185,0.0017,0.00158,0.00145,0.00134,0.00125,0.00119,0.00113,0.00106,0.00101,0.00095,0.00089
14,Male,0.0015,0.00147,0.00144,0.00143,0.00145,0.00148,0.00156,0.00163,0.00175,0.00189,0.00208,0.00222,0.0024,0.00255,0.0027,0.00287,0.00296,0.00301,0.00303,0.00299,0.00289,0.00276,0.0026,0.00241,0.00223,0.00205,0.00189,0.00176,0.00166,0.00156,0.00149,0.00142,0.00137,0.0013,0.00126,0.00121,0.00113,0.00109
15,Female,0.00142,0.00137,0.00134,0.00133,0.00135,0.0014,0.00152,0.00162,0.00178,0.00195,0.0022,0.00235,0.00251,0.00277,0.00296,0.00315,0.00318,0.00337,0.00335,0.0034,0.0033,0.0032,0.00294,0.00294,0.00265,0.00236,0.00226,0.00207,0.00192,0.00175,0.0016,0.00149,0.0014,0.00132,0.00124,0.00117,0.00109,0.00102
15,Male,0.00167,0.00164,0.00163,0.00162,0.00164,0.00169,0.00179,0.00187,0.00201,0.00216,0.00238,0.00254,0.00275,0.00293,0.0031,0.0033,0.00342,0.00349,0.00352,0.00348,0.00337,0.00322,0.00305,0.00284,0.00263,0.00243,0.00225,0.0021,0.00198,0.00186,0.00177,0.00168,0.00162,0.00154,0.00149,0.00143,0.00135,0.00129
16,Female,0.00157,0.00152,0.00149,0.00148,0.00151,0.00157,0.0017,0.00183,0.00201,0.00221,0.00248,0.00266,0.00284,0.00313,0.00334,0.00356,0.00361,0.00383,0.00382,0.00388,0.00377,0.00365,0.00337,0.00338,0.00305,0.00274,0.00261,0.00239,0.00221,0.00201,0.00185,0.00171,0.00161,0.00151,0.00141,0.00133,0.00123,0.00115
16,Male,0.00191,0.00188,0.00187,0.00187,0.0019,0.00196,0.00206,0.00216,0.0023,0.00248,0.00271,0.0029,0.00312,0.00332,0.0035,0.00373,0.00387,0.00395,0.00399,0.00395,0.00383,0.00367,0.00348,0.00325,0.00302,0.00281,0.00261,0.00244,0.0023,0.00217,0.00206,0.00197,0.0019,0.00181,0.00176,0.00169,0.0016,0.00153
17,Female,0.0017,0.00165,0.00162,0.00162,0.00166,0.00175,0.0019,0.00206,0.00228,0.00253,0.00284,0.00307,0.0033,0.00363,0.00388,0.00413,0.00421,0.00448,0.00451,0.00458,0.00443,0.0043,0.00402,0.00401,0.00362,0.00328,0.00309,0.00283,0.00261,0.00236,0.00216,0.00198,0.00185,0.00173,0.00161,0.0015,0.00138,0.00128
17,Male,0.00217,0.00215,0.00215,0.00215,0.0022,0.00228,0.0024,0.00252,0.0027,0.0029,0.00317,0.0034,0.00367,0.0039,0.00413,0.00439,0.00459,0.00469,0.00475,0.00471,0.00459,0.0044,0.00418,0.00391,0.00365,0.0034,0.00317,0.00296,0.00279,0.00263,0.0025,0.00238,0.0023,0.00217,0.00211,0.00202,0.00191,0.00182
18,Female,0.00184,0.00179,0.00176,0.00177,0.00183,0.00194,0.00213,0.00232,0.00258,0.00288,0.00325,0.00353,0.0038,0.00418,0.00448,0.00478,0.00489,0.00521,0.00529,0.00536,0.00518,0.00504,0.00475,0.00474,0.00428,0.00391,0.00366,0.00335,0.00306,0.00276,0.00251,0.00229,0.00212,0.00197,0.00182,0.00169,0.00155,0.00143
18,Male,0.00245,0.00243,0.00244,0.00246,0.00251,0.00261,0.00276,0.00291,0.00311,0.00334,0.00365,0.00391,0.00423,0.0045,0.00476,0.00507,0.00532,0.00545,0.00553,0.0055,0.00536,0.00515,0.00489,0.00459,0.00429,0.00402,0.00375,0.00351,0.00331,0.00312,0.00295,0.00281,0.00271,0.00256,0.0025,0.00238,0.00226,0.00214
19,Female,0.00196,0.0019,0.00188,0.0019,0.00197,0.0021,0.00232,0.00256,0.00287,0.00322,0.00365,0.004,0.00432,0.00474,0.0051,0.00544,0.0056,0.00597,0.00611,0.00618,0.00595,0.00579,0.00552,0.00546,0.00494,0.00455,0.00421,0.00383,0.0035,0.00314,0.00285,0.00258,0.00238,0.0022,0.00202,0.00186,0.00169,0.00155
19,Male,0.00268,0.00266,0.00268,0.0027,0.00277,0.00289,0.00305,0.00322,0.00345,0.00371,0.00406,0.00437,0.00473,0.00504,0.00534,0.00569,0.00599,0.00614,0.00624,0.00621,0.00606,0.00582,0.00552,0.00518,0.00484,0.00454,0.00423,0.00396,0.00372,0.0035,0.00331,0.00315,0.00303,0.00286,0.00278,0.00265,0.00251,0.00237
20,Female,0.00208,0.00202,0.002,0.00203,0.00212,0.00227,0.00253,0.00281,0.00318,0.00359,0.0041,0.00452,0.00491,0.00539,0.00581,0.00622,0.00643,0.00685,0.00709,0.00715,0.00685,0.00667,0.00642,0.0063,0.0057,0.0053,0.00483,0.00439,0.00399,0.00357,0.00322,0.00289,0.00266,0.00244,0.00223,0.00204,0.00184,0.00168
20,Male,0.0029,0.00288,0.00291,0.00293,0.00301,0.00315,0.00335,0.00355,0.00381,0.00412,0.00452,0.00489,0.00531,0.00567,0.00603,0.00644,0.00681,0.00699,0.00712,0.00709,0.00692,0.00665,0.0063,0.0059,0.0055,0.00517,0.00482,0.0045,0.00422,0.00396,0.00373,0.00353,0.00339,0.00318,0.00309,0.00293,0.00276,0.0026
21,Female,0.00218,0.00211,0.00209,0.00213,0.00223,0.0024,0.00269,0.00301,0.00342,0.00389,0.00446,0.00494,0.00539,0.0059,0.00638,0.00685,0.00709,0.00756,0.00788,0.00791,0.00756,0.00735,0.00714,0.00694,0.00628,0.00588,0.0053,0.0048,0.00435,0.00388,0.00349,0.00313,0.00286,0.00261,0.00238,0.00217,0.00196,0.00178
21,Male,0.00308,0.00307,0.0031,0.00314,0.00324,0.00341,0.00363,0.00386,0.00417,0.00452,0.00497,0.00541,0.0059,0.00632,0.00674,0.00721,0.00767,0.00789,0.00805,0.00802,0.00785,0.00754,0.00713,0.00667,0.00622,0.00586,0.00545,0.00508,0.00475,0.00444,0.00418,0.00393,0.00376,0.00351,0.0034,0.00321,0.00301,0.00282
22,Female,0.00229,0.00222,0.0022,0.00225,0.00237,0.00257,0.0029,0.00327,0.00375,0.0043,0.00497,0.00554,0.00608,0.00665,0.00721,0.00776,0.00807,0.00861,0.00907,0.00907,0.00863,0.00839,0.00824,0.00794,0.00719,0.00679,0.00604,0.00545,0.00492,0.00437,0.00391,0.00348,0.00316,0.00287,0.0026,0.00236,0.00211,0.0019
22,Male,0.00324,0.00323,0.00327,0.00333,0.00345,0.00364,0.00391,0.00418,0.00453,0.00494,0.00545,0.00595,0.00653,0.00701,0.0075,0.00805,0.00861,0.00888,0.00908,0.00907,0.00889,0.00856,0.00806,0.00754,0.00703,0.00665,0.00617,0.00574,0.00535,0.00498,0.00468,0.00437,0.00416,0.00387,0.00372,0.0035,0.00326,0.00303
23,Female,0.00239,0.00233,0.00231,0.00237,0.00251,0.00274,0.00311,0.00354,0.00409,0.00472,0.00547,0.00615,0.00679,0.0074,0.00805,0.00869,0.00907,0.00968,0.01029,0.01026,0.00972,0.00945,0.00938,0.00895,0.00811,0.00774,0.00678,0.0061,0.00549,0.00486,0.00434,0.00383,0.00346,0.00313,0.00279,0.00258,0.00226,0.00203
23,Male,0.00335,0.00335,0.00341,0.00348,0.00363,0.00385,0.00415,0.00446,0.00486,0.00532,0.00589,0.00648,0.00713,0.00769,0.00824,0.00888,0.00956,0.00988,0.01014,0.01014,0.00997,0.0096,0.00902,0.00844,0.00786,0.00747,0.00692,0.00643,0.00597,0.00553,0.00518,0.00482,0.00456,0.00421,0.00396,0.00385,0.00349,0.00323
24,Female,0.0025,0.00243,0.00242,0.00249,0.00265,0.00291,0.00333,0.00381,0.00443,0.00514,0.006,0.00677,0.00752,0.00818,0.00892,0.00965,0.01011,0.01079,0.01158,0.01151,0.01085,0.01055,0.01057,0.01001,0.00907,0.00873,0.00756,0.00678,0.00608,0.00537,0.00478,0.0042,0.00378,0.0034,0.00293,0.00285,0.00242,0.00216
24,Male,0.00345,0.00345,0.00352,0.00362,0.00379,0.00404,0.00438,0.00473,0.00518,0.00569,0.00633,0.00699,0.00773,0.00836,0.00898,0.00971,0.01052,0.0109,0.01121,0.01124,0.01107,0.01068,0.01001,0.00936,0.00872,0.00832,0.0077,0.00714,0.0066,0.00609,0.0057,0.00526,0.00496,0.00456,0.0041,0.00428,0.00371,0.00341
25,Female,0.00261,0.00254,0.00253,0.00261,0.00279,0.00308,0.00355,0.00409,0.00479,0.0056,0.00656,0.00745,0.0083,0.00903,0.00986,0.0107,0.01125,0.01201,0.01299,0.01288,0.0121,0.01177,0.0119,0.0112,0.01016,0.00984,0.00844,0.00754,0.00675,0.00594,0.00526,0.0046,0.00411,0.00368,0.00307,0.00317,0.00258,0.00229
25,Male,0.00352,0.00354,0.00363,0.00375,0.00395,0.00424,0.00462,0.00502,0.00552,0.00609,0.00679,0.00755,0.00839,0.0091,0.0098,0.01064,0.0116,0.01206,0.01244,0.0125,0.01235,0.01193,0.01115,0.01044,0.00972,0.00932,0.00862,0.00797,0.00735,0.00674,0.00629,0.00577,0.00541,0.00494,0.00424,0.0048,0.00395,0.00361
26,Female,0.00272,0.00265,0.00265,0.00274,0.00294,0.00327,0.00379,0.0044,0.00517,0.00608,0.00715,0.00816,0.00913,0.00991,0.01085,0.01179,0.01244,0.01328,0.01448,0.01432,0.01343,0.01306,0.01332,0.01247,0.01131,0.01104,0.00937,0.00836,0.00746,0.00655,0.00578,0.00503,0.00448,0.00399,0.00324,0.0035,0.00276,0.00244
26,Male,0.00361,0.00363,0.00373,0.00387,0.0041,0.00442,0.00484,0.00528,0.00583,0.00646,0.00722,0.00805,0.00898,0.00977,0.01054,0.01148,0.01258,0.0131,0.01356,0.01364,0.0135,0.01306,0.01219,0.01141,0.01064,0.01024,0.00946,0.00874,0.00803,0.00735,0.00684,0.00624,0.00583,0.0053,0.00439,0.00531,0.00417,0.0038
27,Female,0.00283,0.00276,0.00276,0.00287,0.00309,0.00346,0.00402,0.00469,0.00555,0.00655,0.00772,0.00885,0.00994,0.01078,0.01181,0.01286,0.0136,0.01453,0.01596,0.01575,0.01472,0.01432,0.01472,0.0137,0.01244,0.01223,0.01029,0.00917,0.00817,0.00715,0.0063,0.00545,0.00484,0.0043,0.00347,0.00383,0.00294,0.00258
27,Male,0.0037,0.00373,0.00385,0.00402,0.00428,0.00463,0.0051,0.00559,0.0062,0.00688,0.00772,0.00865,0.00969,0.01056,0.01143,0.01248,0.01376,0.01437,0.01491,0.01503,0.01491,0.01444,0.01346,0.0126,0.01176,0.01136,0.01049,0.00968,0.00887,0.00808,0.0075,0.00681,0.00633,0.00573,0.00469,0.00583,0.00444,0.00402
28,Female,0.00296,0.00288,0.00289,0.00301,0.00325,0.00364,0.00424,0.00496,0.00588,0.00695,0.00821,0.00943,0.01062,0.01149,0.01261,0.01374,0.01455,0.01554,0.01714,0.01689,0.01576,0.01534,0.01583,0.01467,0.01333,0.01317,0.01103,0.00981,0.00873,0.00764,0.00673,0.00582,0.00515,0.00457,0.00371,0.00411,0.00311,0.00273
28,Male,0.00381,0.00386,0.00399,0.00418,0.00447,0.00486,0.00537,0.0059,0.00657,0.00731,0.00822,0.00924,0.01037,0.01133,0.01228,0.01345,0.01489,0.01557,0.01619,0.01635,0.01626,0.01577,0.01468,0.01375,0.01283,0.01245,0.01149,0.01059,0.00968,0.00879,0.00815,0.00737,0.00682,0.00615,0.00506,0.00632,0.00471,0.00425
29,Female,0.00307,0.003,0.00301,0.00314,0.00341,0.00383,0.00449,0.00527,0.00627,0.00742,0.00878,0.01011,0.0114,0.01233,0.01354,0.01477,0.01567,0.01675,0.01857,0.01829,0.01705,0.01661,0.01723,0.01596,0.01451,0.0144,0.01201,0.01069,0.00949,0.00829,0.00728,0.00627,0.00554,0.0049,0.004,0.00442,0.0033,0.00289
29,Male,0.00393,0.00399,0.00413,0.00435,0.00467,0.00509,0.00564,0.00622,0.00694,0.00775,0.00872,0.00983,0.01106,0.0121,0.01312,0.01441,0.016,0.01677,0.01747,0.01766,0.0176,0.01709,0.01589,0.0149,0.01392,0.01354,0.0125,0.01152,0.0105,0.00952,0.0088,0.00794,0.00732,0.00659,0.00545,0.0068,0.00499,0.00449
30,Female,0.00323,0.00315,0.00316,0.00331,0.00359,0.00404,0.00473,0.00556,0.00661,0.00783,0.00926,0.01066,0.01203,0.01299,0.01426,0.01556,0.01652,0.01765,0.0196,0.0193,0.01798,0.01751,0.0182,0.01682,0.01531,0.01523,0.01268,0.01129,0.01003,0.00877,0.0077,0.00664,0.00586,0.00518,0.00427,0.00471,0.0035,0.00305
30,Male,0.00411,0.00417,0.00433,0.00457,0.00493,0.00539,0.00599,0.00663,0.00742,0.00829,0.00934,0.01057,0.01191,0.01305,0.01417,0.01558,0.01737,0.01823,0.01902,0.01926,0.01922,0.01868,0.01736,0.01628,0.01522,0.01485,0.0137,0.01262,0.01149,0.01039,0.00959,0.00863,0.00792,0.00711,0.00592,0.00735,0.00533,0.00478
31,Female,0.00332,0.00325,0.00326,0.00342,0.00372,0.0042,0.00492,0.0058,0.0069,0.00818,0.00968,0.01116,0.01261,0.01361,0.01494,0.01631,0.01733,0.01854,0.02063,0.02031,0.01892,0.01844,0.01921,0.01777,0.01618,0.01614,0.01342,0.01194,0.0106,0.00925,0.00812,0.00698,0.00616,0.00544,0.00451,0.00498,0.00365,0.00318
31,Male,0.00423,0.0043,0.00448,0.00474,0.00513,0.00562,0.00627,0.00695,0.00778,0.00871,0.00983,0.01114,0.01257,0.01379,0.01498,0.01651,0.01845,0.01938,0.02026,0.02053,0.02052,0.01997,0.01855,0.01741,0.01629,0.01594,0.01471,0.01354,0.01231,0.01111,0.01025,0.00919,0.00842,0.00754,0.00631,0.00785,0.00561,0.00502
32,Female,0.00351,0.00343,0.00345,0.00362,0.00395,0.00446,0.00523,0.00615,0.00732,0.00867,0.01025,0.01181,0.01335,0.01439,0.0158,0.01724,0.01833,0.01959,0.02184,0.0215,0.02001,0.01952,0.02037,0.01881,0.01714,0.01714,0.01425,0.01269,0.01127,0.00985,0.00864,0.00744,0.00656,0.0058,0.00485,0.00535,0.00389,0.00339
32,Male,0.00446,0.00454,0.00473,0.00502,0.00544,0.00597,0.00666,0.0074,0.0083,0.00929,0.01048,0.01189,0.01343,0.01474,0.01601,0.01765,0.01976,0.02077,0.02173,0.02203,0.02205,0.02147,0.01995,0.01874,0.01755,0.0172,0.01588,0.01462,0.01328,0.01198,0.01104,0.00989,0.00904,0.00809,0.00681,0.00848,0.00599,0.00535
33,Female,0.00367,0.00359,0.00362,0.0038,0.00415,0.00469,0.00549,0.00647,0.00769,0.00911,0.01076,0.01238,0.01401,0.01508,0.01655,0.01806,0.0192,0.02053,0.02291,0.02255,0.021,0.02048,0.0214,0.01977,0.01802,0.01805,0.01501,0.01338,0.01188,0.01039,0.00913,0.00786,0.00693,0.00612,0.00517,0.00572,0.00411,0.00358
33,Male,0.00466,0.00475,0.00496,0.00528,0.00573,0.00631,0.00705,0.00784,0.0088,0.00986,0.01113,0.01264,0.01429,0.01569,0.01705,0.01882,0.02111,0.0222,0.02326,0.02361,0.02365,0.02306,0.02142,0.02014,0.01888,0.01855,0.01713,0.01577,0.01431,0.01289,0.01188,0.01062,0.00969,0.00866,0.00734,0.00916,0.00637,0.00568
34,Female,0.00385,0.00377,0.00381,0.004,0.00437,0.00494,0.00579,0.00682,0.0081,0.00959,0.01132,0.01303,0.01474,0.01585,0.01739,0.01898,0.02018,0.02157,0.02411,0.02373,0.02209,0.02156,0.02256,0.02083,0.019,0.01908,0.01585,0.01414,0.01257,0.011,0.00966,0.00832,0.00734,0.00648,0.00554,0.00612,0.00436,0.00379
34,Male,0.00488,0.00499,0.00522,0.00557,0.00606,0.00668,0.00748,0.00833,0.00937,0.0105,0.01186,0.01349,0.01526,0.01676,0.01821,0.02013,0.02262,0.02382,0.02498,0.02538,0.02547,0.02485,0.02309,0.02174,0.0204,0.0201,0.01856,0.0171,0.0155,0.01395,0.01284,0.01146,0.01043,0.00931,0.00798,0.00996,0.00681,0.00606
35,Female,0.00405,0.00398,0.00402,0.00423,0.00463,0.00524,0.00615,0.00724,0.0086,0.01017,0.01199,0.01379,0.01561,0.01677,0.01839,0.02007,0.02135,0.02283,0.02555,0.02516,0.02342,0.02288,0.02398,0.02214,0.02022,0.02035,0.01691,0.0151,0.01342,0.01175,0.01032,0.00889,0.00784,0.00692,0.00598,0.0066,0.00465,0.00405
35,Male,0.00516,0.00527,0.00552,0.0059,0.00643,0.0071,0.00796,0.00887,0.00998,0.01119,0.01263,0.01437,0.01627,0.01787,0.0194,0.02146,0.02414,0.02543,0.02668,0.02713,0.02725,0.02662,0.02475,0.02332,0.0219,0.02162,0.01998,0.01841,0.01668,0.015,0.0138,0.01231,0.01119,0.00999,0.00867,0.01081,0.00728,0.00648
36,Female,0.00426,0.00418,0.00423,0.00446,0.00487,0.00551,0.00645,0.00759,0.00899,0.01061,0.01248,0.01434,0.01622,0.0174,0.01906,0.02079,0.0221,0.02363,0.02644,0.02605,0.02426,0.02371,0.02483,0.02295,0.02098,0.02112,0.01759,0.01573,0.014,0.01228,0.0108,0.00931,0.00823,0.00727,0.00636,0.00704,0.00491,0.00427
36,Male,0.00541,0.00554,0.00581,0.00622,0.00679,0.0075,0.0084,0.00937,0.01054,0.01182,0.01333,0.01517,0.01717,0.01885,0.02046,0.02262,0.02547,0.02683,0.02817,0.02867,0.02882,0.02817,0.02621,0.02472,0.02324,0.02298,0.02126,0.01959,0.01776,0.01597,0.01469,0.01309,0.01189,0.01062,0.00933,0.01166,0.00773,0.00687
37,Female,0.00446,0.00438,0.00443,0.00468,0.00511,0.00579,0.00676,0.00794,0.00939,0.01106,0.01298,0.01489,0.01684,0.01805,0.01975,0.02153,0.02288,0.02446,0.02736,0.02698,0.02515,0.02459,0.02573,0.02383,0.0218,0.02195,0.01834,0.01643,0.01463,0.01284,0.01131,0.00976,0.00863,0.00764,0.00676,0.00749,0.00517,0.00451
37,Male,0.00569,0.00583,0.00612,0.00657,0.00718,0.00793,0.00889,0.00992,0.01116,0.0125,0.01409,0.01603,0.01813,0.01989,0.02157,0.02386,0.02687,0.02833,0.02976,0.0303,0.03049,0.02983,0.02778,0.02624,0.02471,0.02447,0.02266,0.0209,0.01895,0.01704,0.01567,0.01397,0.01267,0.01132,0.01007,0.01258,0.00824,0.00732
38,Female,0.00472,0.00464,0.0047,0.00496,0.00542,0.00611,0.00712,0.00832,0.0098,0.0115,0.01345,0.01538,0.01735,0.01859,0.0203,0.02209,0.02345,0.02505,0.02794,0.02759,0.02576,0.02519,0.02628,0.02439,0.02233,0.02246,0.01886,0.01693,0.01512,0.01331,0.01175,0.01018,0.00903,0.00801,0.00718,0.00798,0.00547,0.00479
38,Male,0.00602,0.00617,0.00647,0.00695,0.0076,0.00839,0.00939,0.01047,0.01175,0.01314,0.01479,0.01679,0.01895,0.02077,0.02249,0.02486,0.02796,0.02946,0.03093,0.0315,0.0317,0.03104,0.02896,0.02739,0.02582,0.0256,0.02374,0.02192,0.0199,0.01791,0.01648,0.01471,0.01336,0.01196,0.01078,0.01351,0.00874,0.00777
39,Female,0.00495,0.00487,0.00493,0.00521,0.00568,0.00641,0.00745,0.00868,0.01019,0.01191,0.01389,0.01583,0.01783,0.0191,0.02082,0.02263,0.02401,0.02565,0.02855,0.02824,0.02642,0.02586,0.02691,0.02509,0.02299,0.02309,0.0195,0.01754,0.01568,0.01383,0.01223,0.01062,0.00943,0.00838,0.00761,0.00848,0.00576,0.00504
39,Male,0.00633,0.00649,0.00681,0.00732,0.008,0.00883,0.00988,0.01099,0.01232,0.01376,0.01546,0.01752,0.01975,0.02162,0.02337,0.02582,0.02902,0.03056,0.03209,0.03268,0.03291,0.03224,0.03013,0.02854,0.02695,0.02673,0.02483,0.02295,0.02085,0.0188,0.0173,0.01547,0.01405,0.0126,0.01153,0.01449,0.00924,0.00822
40,Female,0.00526,0.00517,0.00524,0.00553,0.00602,0.00677,0.00782,0.00907,0.01059,0.01232,0.0143,0.01624,0.01826,0.01953,0.02125,0.02305,0.02442,0.02605,0.0289,0.02861,0.02681,0.02624,0.0272,0.0254,0.02329,0.02335,0.01983,0.01789,0.01604,0.01421,0.01261,0.011,0.00981,0.00875,0.00806,0.00901,0.00609,0.00535
40,Male,0.00674,0.00691,0.00726,0.0078,0.00852,0.00939,0.01048,0.01165,0.01303,0.01453,0.01628,0.01842,0.02072,0.02264,0.02442,0.02695,0.03023,0.03182,0.0334,0.03401,0.03425,0.03357,0.03143,0.02981,0.02819,0.02798,0.02602,0.02408,0.02192,0.01979,0.01822,0.01633,0.01484,0.01334,0.01241,0.01559,0.00983,0.00876
41,Female,0.00543,0.00535,0.00544,0.00574,0.00626,0.00703,0.00812,0.00941,0.01096,0.01272,0.01472,0.01668,0.01871,0.02002,0.02175,0.02357,0.02495,0.02666,0.02952,0.0293,0.02751,0.02698,0.02792,0.02624,0.02408,0.02411,0.02061,0.01863,0.01671,0.0148,0.01313,0.01146,0.01022,0.00913,0.00849,0.00952,0.00635,0.00559
41,Male,0.00701,0.0072,0.00756,0.00813,0.00887,0.00977,0.0109,0.01209,0.0135,0.01502,0.01679,0.01895,0.02128,0.02322,0.02501,0.02757,0.03089,0.03249,0.03409,0.03473,0.03498,0.03431,0.03219,0.03058,0.02897,0.02877,0.0268,0.02484,0.02264,0.02047,0.01886,0.01693,0.01541,0.01388,0.01311,0.01653,0.01028,0.00917
42,Female,0.00579,0.0057,0.00579,0.00611,0.00663,0.00742,0.0085,0.00978,0.01131,0.01303,0.01499,0.0169,0.01891,0.0202,0.02188,0.02366,0.02498,0.02665,0.02935,0.02918,0.02746,0.02691,0.02768,0.02608,0.02395,0.02391,0.0206,0.01869,0.01684,0.01499,0.01337,0.01174,0.01054,0.00946,0.00893,0.01009,0.0067,0.00592
42,Male,0.0075,0.00769,0.00807,0.00867,0.00944,0.01037,0.01153,0.01275,0.01419,0.01573,0.01753,0.01971,0.02205,0.024,0.02578,0.02835,0.03166,0.03326,0.03485,0.03548,0.03572,0.03504,0.03296,0.03136,0.02975,0.02952,0.02756,0.02559,0.02338,0.0212,0.01957,0.01763,0.01608,0.01454,0.01395,0.01758,0.01088,0.00974
43,Female,0.00603,0.00595,0.00605,0.00638,0.00693,0.00774,0.00886,0.01016,0.01171,0.01345,0.01542,0.01733,0.01935,0.02067,0.02235,0.02414,0.02546,0.02718,0.02988,0.02977,0.02806,0.02754,0.02826,0.02675,0.02459,0.02452,0.02125,0.01933,0.01744,0.01555,0.01388,0.01222,0.01098,0.00987,0.0094,0.01067,0.00703,0.00622
43,Male,0.00787,0.00808,0.00848,0.00911,0.00991,0.01088,0.01207,0.01333,0.01479,0.01636,0.01819,0.02041,0.02278,0.02475,0.02653,0.02915,0.0325,0.03412,0.03574,0.03639,0.03664,0.03596,0.03391,0.03231,0.03071,0.03049,0.02852,0.02652,0.02427,0.02205,0.02036,0.01839,0.0168,0.01523,0.01481,0.0186,0.01147,0.01028
44,Female,0.00632,0.00624,0.00635,0.0067,0.00727,0.00811,0.00925,0.01057,0.01214,0.01389,0.01587,0.01778,0.01982,0.02116,0.02284,0.02463,0.02595,0.0277,0.03037,0.0303,0.02862,0.0281,0.02876,0.02731,0.02513,0.02503,0.02181,0.01989,0.01797,0.01606,0.01437,0.01268,0.01142,0.0103,0.0099,0.01131,0.00738,0.00655
44,Male,0.00833,0.00856,0.00897,0.00964,0.01048,0.01148,0.01271,0.014,0.0155,0.0171,0.01895,0.02121,0.02361,0.0256,0.02738,0.03004,0.03341,0.03505,0.03668,0.03735,0.0376,0.03692,0.03489,0.0333,0.03169,0.03147,0.02948,0.02746,0.02518,0.02293,0.02119,0.01919,0.01756,0.01597,0.01573,0.01969,0.01211,0.01088
45,Female,0.00668,0.0066,0.00672,0.00709,0.00769,0.00856,0.00973,0.01108,0.01267,0.01443,0.01641,0.01834,0.0204,0.02176,0.02344,0.02524,0.02656,0.02834,0.031,0.03097,0.0293,0.02878,0.02937,0.02797,0.02576,0.02563,0.02246,0.02053,0.01859,0.01667,0.01495,0.01324,0.01196,0.01081,0.01048,0.01205,0.00782,0.00696
45,Male,0.00889,0.00913,0.00957,0.01028,0.01115,0.01219,0.01345,0.01478,0.01632,0.01795,0.01983,0.02212,0.02455,0.02656,0.02834,0.03103,0.03442,0.03606,0.03771,0.03838,0.03862,0.03794,0.03595,0.03437,0.03276,0.03253,0.03053,0.02849,0.02619,0.0239,0.02212,0.0201,0.01843,0.01681,0.01677,0.02088,0.01287,0.01159
46,Female,0.00701,0.00693,0.00707,0.00746,0.00808,0.00899,0.01018,0.01156,0.01317,0.01496,0.01696,0.01889,0.02097,0.02236,0.02405,0.02586,0.02719,0.02901,0.03166,0.03169,0.03003,0.02953,0.03006,0.02875,0.02649,0.02632,0.0232,0.02126,0.01928,0.01731,0.01555,0.0138,0.01249,0.01131,0.01104,0.01277,0.00823,0.00733
46,Male,0.00938,0.00963,0.0101,0.01084,0.01175,0.01282,0.01413,0.01549,0.01705,0.0187,0.02061,0.02293,0.02538,0.0274,0.02917,0.0319,0.03531,0.03696,0.03863,0.03931,0.03956,0.03888,0.03694,0.03537,0.03377,0.03354,0.03154,0.02948,0.02715,0.02483,0.023,0.02096,0.01925,0.01761,0.01778,0.022,0.01359,0.01226
47,Female,0.00741,0.00733,0.00748,0.0079,0.00855,0.00949,0.01072,0.01213,0.01376,0.01556,0.01758,0.01952,0.02163,0.02304,0.02474,0.02656,0.02789,0.02976,0.0324,0.03248,0.03084,0.03034,0.0308,0.02956,0.02727,0.02706,0.02398,0.02203,0.02002,0.01802,0.01622,0.01444,0.0131,0.01189,0.0117,0.01357,0.00872,0.00779
47,Male,0.01,0.01027,0.01075,0.01154,0.01248,0.01358,0.01492,0.01631,0.0179,0.01958,0.02151,0.02385,0.02632,0.02834,0.0301,0.03285,0.03626,0.03791,0.03957,0.04026,0.0405,0.03982,0.03792,0.03636,0.03478,0.03452,0.03253,0.03045,0.02811,0.02578,0.02391,0.02186,0.02013,0.01848,0.01885,0.02316,0.01439,0.01302
48,Female,0.00794,0.00785,0.00801,0.00845,0.00913,0.0101,0.01135,0.01278,0.01443,0.01624,0.01827,0.02021,0.02235,0.02379,0.02549,0.02732,0.02865,0.03053,0.03312,0.03324,0.03161,0.0311,0.03145,0.03025,0.02792,0.02765,0.02465,0.0227,0.02069,0.01869,0.01688,0.01509,0.01374,0.01252,0.01241,0.01445,0.00928,0.00832
48,Male,0.01073,0.01101,0.01152,0.01234,0.01331,0.01446,0.01583,0.01725,0.01887,0.02058,0.02254,0.0249,0.02739,0.02942,0.03117,0.03395,0.03735,0.039,0.04065,0.04134,0.04156,0.04086,0.03901,0.03745,0.03587,0.03557,0.03358,0.03149,0.02914,0.0268,0.02489,0.02284,0.02108,0.01942,0.02001,0.02438,0.01527,0.01386
49,Female,0.00845,0.00836,0.00853,0.00899,0.0097,0.01071,0.012,0.01346,0.01514,0.01698,0.01902,0.02098,0.02315,0.02463,0.02634,0.02819,0.02952,0.03145,0.034,0.03419,0.03257,0.03206,0.03231,0.0312,0.02882,0.02847,0.02554,0.02358,0.02152,0.01949,0.01764,0.01581,0.01444,0.01319,0.01317,0.01536,0.00986,0.00885
49,Male,0.01147,0.01177,0.0123,0.01315,0.01416,0.01534,0.01674,0.01819,0.01983,0.02155,0.02352,0.02589,0.02839,0.03042,0.03215,0.03493,0.03831,0.03994,0.04158,0.04226,0.04246,0.04175,0.03996,0.03842,0.03685,0.03651,0.03453,0.03244,0.0301,0.02776,0.02583,0.02379,0.02201,0.02036,0.02116,0.02559,0.01618,0.01473
50,Female,0.00916,0.00906,0.00924,0.00972,0.01045,0.01147,0.01277,0.01424,0.01592,0.01775,0.01979,0.02174,0.02394,0.02543,0.02713,0.02897,0.03028,0.03218,0.03464,0.03485,0.03325,0.03271,0.03279,0.03169,0.02929,0.02885,0.02604,0.0241,0.02209,0.02011,0.01827,0.01648,0.01513,0.01389,0.01399,0.01637,0.01055,0.00952
50,Male,0.01241,0.01272,0.01328,0.01418,0.01523,0.01645,0.01789,0.01938,0.02106,0.02282,0.02483,0.02724,0.02976,0.03182,0.03355,0.03636,0.03974,0.04137,0.04301,0.04369,0.04386,0.04314,0.04138,0.03983,0.03825,0.03786,0.03587,0.03376,0.0314,0.02904,0.02706,0.02502,0.02321,0.02154,0.02255,0.027,0.01729,0.0158
51,Female,0.0096,0.00951,0.0097,0.0102,0.01096,0.01202,0.01336,0.01486,0.01658,0.01844,0.02051,0.02248,0.02469,0.02625,0.02797,0.02983,0.03115,0.03314,0.03557,0.03586,0.03428,0.03376,0.03376,0.03279,0.03032,0.02981,0.02705,0.02508,0.023,0.02095,0.01905,0.0172,0.01581,0.01452,0.01471,0.01722,0.01106,0.01
51,Male,0.01308,0.01341,0.01399,0.01492,0.01599,0.01723,0.01869,0.02018,0.02187,0.02362,0.02562,0.02801,0.03052,0.03256,0.03425,0.03705,0.04038,0.04199,0.04361,0.04428,0.04443,0.0437,0.04203,0.04051,0.03895,0.03853,0.03658,0.03448,0.03215,0.02981,0.02781,0.0258,0.024,0.02235,0.02361,0.02807,0.01811,0.01659
52,Female,0.01041,0.0103,0.0105,0.01102,0.01179,0.01287,0.0142,0.01569,0.01739,0.01922,0.02126,0.0232,0.02543,0.02699,0.02868,0.03052,0.0318,0.03375,0.03605,0.03636,0.03483,0.03427,0.03408,0.03314,0.03066,0.03004,0.02745,0.02552,0.02351,0.02153,0.01967,0.01788,0.01652,0.01526,0.01559,0.01827,0.01182,0.01074
52,Male,0.01414,0.01447,0.01507,0.01603,0.01712,0.01837,0.01985,0.02135,0.02304,0.0248,0.0268,0.02917,0.03166,0.03366,0.03531,0.03808,0.04133,0.04289,0.04446,0.0451,0.0452,0.04445,0.04286,0.04136,0.03982,0.03932,0.0374,0.03532,0.03303,0.03074,0.02874,0.02679,0.025,0.02339,0.02493,0.02937,0.0192,0.01766
53,Female,0.01102,0.0109,0.01111,0.01165,0.01245,0.01355,0.01491,0.01642,0.01813,0.01998,0.02202,0.02397,0.02621,0.02782,0.02951,0.03135,0.03263,0.03462,0.03686,0.03723,0.03571,0.03515,0.03485,0.03399,0.03147,0.03076,0.02825,0.02632,0.02429,0.02229,0.02041,0.0186,0.01723,0.01595,0.0164,0.01919,0.01246,0.01135
53,Male,0.01501,0.01537,0.01598,0.01698,0.01809,0.01936,0.02085,0.02235,0.02404,0.02579,0.02777,0.03012,0.03258,0.03455,0.03615,0.0389,0.04208,0.04361,0.04514,0.04577,0.04585,0.04509,0.04359,0.04213,0.04061,0.04007,0.03818,0.03613,0.03388,0.03162,0.02961,0.0277,0.02592,0.02435,0.02618,0.03054,0.0202,0.01864
54,Female,0.01177,0.01164,0.01186,0.01242,0.01324,0.01437,0.01575,0.01726,0.01897,0.02082,0.02286,0.02481,0.02708,0.02871,0.0304,0.03225,0.03351,0.03552,0.03768,0.0381,0.03661,0.03603,0.03558,0.03478,0.03222,0.03142,0.02901,0.02709,0.02506,0.02307,0.02118,0.01938,0.01802,0.01674,0.0173,0.0202,0.01321,0.01206
54,Male,0.01601,0.01638,0.01701,0.01805,0.01918,0.02047,0.02197,0.02348,0.02516,0.02691,0.02889,0.03121,0.03365,0.0356,0.03715,0.03989,0.043,0.0445,0.046,0.04661,0.04666,0.04589,0.04448,0.04303,0.04154,0.04094,0.03909,0.03705,0.03483,0.0326,0.03057,0.02872,0.02695,0.0254,0.02754,0.03179,0.0213,0.01972
55,Female,0.01251,0.01238,0.01261,0.0132,0.01405,0.01522,0.01662,0.01817,0.0199,0.02177,0.02383,0.02579,0.0281,0.02979,0.0315,0.03336,0.03463,0.03668,0.03882,0.03929,0.0378,0.03721,0.03665,0.03591,0.03328,0.0324,0.03006,0.02812,0.02606,0.02404,0.02211,0.02029,0.0189,0.0176,0.01828,0.02126,0.01399,0.01281
55,Male,0.01702,0.01741,0.01807,0.01915,0.02033,0.02165,0.02318,0.02472,0.02642,0.02818,0.03018,0.03252,0.03496,0.03692,0.03846,0.04123,0.04433,0.04584,0.04734,0.04795,0.04798,0.0472,0.04584,0.0444,0.04292,0.04228,0.04043,0.03838,0.03615,0.03391,0.03184,0.02999,0.0282,0.02666,0.0291,0.03317,0.02253,0.02091
56,Female,0.01339,0.01325,0.0135,0.01411,0.01499,0.01619,0.01761,0.01917,0.02091,0.02278,0.02485,0.02682,0.02916,0.03089,0.0326,0.03448,0.03574,0.03782,0.03989,0.04041,0.03895,0.03834,0.03763,0.03696,0.03428,0.03329,0.03105,0.02911,0.02704,0.02502,0.02307,0.02125,0.01986,0.01854,0.01935,0.02242,0.01488,0.01367
56,Male,0.01817,0.01857,0.01925,0.02037,0.02156,0.02288,0.02442,0.02594,0.02763,0.02938,0.03136,0.03365,0.03606,0.03798,0.03946,0.0422,0.0452,0.04667,0.04812,0.0487,0.04869,0.0479,0.04664,0.04524,0.04378,0.04308,0.04126,0.03924,0.03706,0.03488,0.0328,0.03102,0.02926,0.02777,0.03059,0.03451,0.02373,0.0221
57,Female,0.01429,0.01414,0.0144,0.01505,0.01596,0.0172,0.01865,0.02024,0.02201,0.02391,0.02601,0.02799,0.03038,0.03218,0.03391,0.03581,0.03708,0.03923,0.04125,0.04184,0.04039,0.03977,0.03892,0.03834,0.03558,0.03449,0.03232,0.03035,0.02824,0.02618,0.02418,0.02233,0.02092,0.01958,0.02051,0.02366,0.01582,0.01456
57,Male,0.01938,0.0198,0.02051,0.02167,0.0229,0.02425,0.02582,0.02736,0.02906,0.03081,0.03281,0.0351,0.03751,0.03943,0.04089,0.04365,0.04664,0.04809,0.04954,0.05012,0.05009,0.04928,0.04808,0.04669,0.04523,0.04448,0.04268,0.04065,0.03847,0.03629,0.03416,0.03241,0.03063,0.02916,0.03238,0.03613,0.02513,0.02347
58,Female,0.01551,0.01534,0.01562,0.01628,0.01721,0.01847,0.01994,0.02154,0.02331,0.02521,0.02731,0.0293,0.03173,0.03358,0.03532,0.03723,0.03849,0.04065,0.04257,0.04321,0.04177,0.04111,0.04006,0.03952,0.03669,0.03547,0.03341,0.03144,0.02934,0.0273,0.0253,0.02347,0.02207,0.02074,0.02184,0.02511,0.01696,0.01567
58,Male,0.02094,0.02138,0.02211,0.02331,0.02456,0.02595,0.02754,0.0291,0.03082,0.03259,0.03461,0.03691,0.03933,0.04126,0.04269,0.04548,0.04843,0.04987,0.0513,0.05187,0.05179,0.05095,0.0498,0.0484,0.04693,0.0461,0.04429,0.04224,0.04007,0.03789,0.03573,0.03401,0.03223,0.03078,0.0345,0.0381,0.02676,0.02507
59,Female,0.01674,0.01656,0.01684,0.01753,0.0185,0.0198,0.0213,0.02293,0.02474,0.02668,0.02882,0.03085,0.03333,0.03528,0.03705,0.03899,0.04026,0.0425,0.04436,0.04507,0.04364,0.04295,0.04173,0.04127,0.03833,0.03696,0.03498,0.03297,0.03082,0.02873,0.02668,0.02482,0.02339,0.02203,0.02329,0.02665,0.01815,0.01681
59,Male,0.02254,0.023,0.02376,0.02502,0.02632,0.02775,0.02938,0.03098,0.03273,0.03455,0.03661,0.03895,0.04142,0.04337,0.04482,0.04766,0.05064,0.0521,0.05353,0.0541,0.05399,0.05311,0.05199,0.05056,0.04906,0.04815,0.04631,0.04422,0.04202,0.03981,0.03759,0.03587,0.03406,0.0326,0.03694,0.04035,0.02854,0.0268
60,Female,0.01857,0.01833,0.01861,0.01932,0.02029,0.0216,0.02308,0.02468,0.02646,0.02838,0.03052,0.03254,0.0351,0.03708,0.03885,0.0408,0.04204,0.04423,0.04595,0.04668,0.04524,0.04447,0.04297,0.04246,0.03945,0.03791,0.03606,0.03406,0.03198,0.02999,0.02798,0.0262,0.02484,0.02352,0.02503,0.02853,0.01973,0.01837
60,Male,0.02471,0.02519,0.026,0.02733,0.0287,0.0302,0.03191,0.03358,0.03542,0.03732,0.03947,0.04192,0.04448,0.04651,0.048,0.05096,0.05403,0.05552,0.05699,0.05757,0.05742,0.05648,0.05535,0.05385,0.05228,0.05128,0.04936,0.04718,0.04489,0.04261,0.04028,0.03851,0.03663,0.03514,0.04009,0.04332,0.03094,0.02911
61,Female,0.01979,0.01956,0.01987,0.02062,0.02166,0.02305,0.02462,0.02632,0.0282,0.03022,0.03246,0.03457,0.03722,0.03935,0.04121,0.04324,0.04454,0.0469,0.04865,0.04949,0.04803,0.04727,0.04564,0.04527,0.04209,0.04041,0.03856,0.03646,0.03423,0.03208,0.02992,0.02802,0.02656,0.02514,0.02677,0.0303,0.02108,0.01963
61,Male,0.02635,0.02685,0.02769,0.02909,0.0305,0.03204,0.0338,0.03551,0.03739,0.03932,0.04153,0.04401,0.04662,0.04869,0.05019,0.05322,0.05632,0.05784,0.05932,0.0599,0.05972,0.05875,0.05765,0.05613,0.05453,0.05345,0.05151,0.04928,0.04696,0.04464,0.04224,0.04047,0.03855,0.03705,0.04265,0.04576,0.0328,0.03092
62,Female,0.02191,0.02164,0.02195,0.02272,0.02378,0.02519,0.02676,0.02845,0.03033,0.03235,0.0346,0.03674,0.03947,0.04168,0.04355,0.04561,0.0469,0.04928,0.0509,0.05178,0.05032,0.04947,0.04756,0.04719,0.04389,0.04202,0.04029,0.03817,0.03596,0.03384,0.0317,0.02984,0.02841,0.02702,0.02888,0.03255,0.02297,0.02149
62,Male,0.02888,0.0294,0.03027,0.03172,0.03317,0.03475,0.03656,0.0383,0.04022,0.04221,0.04447,0.047,0.04966,0.05177,0.05327,0.05635,0.05945,0.06097,0.06245,0.063,0.06277,0.06173,0.06065,0.05908,0.05742,0.05622,0.05422,0.05195,0.0496,0.04726,0.04479,0.04304,0.04109,0.03961,0.04577,0.04885,0.03535,0.03343
63,Female,0.02386,0.02355,0.02388,0.02469,0.0258,0.02727,0.0289,0.03065,0.03259,0.03468,0.03702,0.03923,0.04207,0.04442,0.04636,0.0485,0.04982,0.05231,0.05389,0.05486,0.05337,0.05248,0.05034,0.05003,0.04656,0.0445,0.04282,0.04062,0.03832,0.03612,0.03388,0.03196,0.03049,0.02905,0.03111,0.03484,0.02485,0.02329
63,Male,0.03124,0.03177,0.03267,0.03417,0.03566,0.03728,0.03912,0.0409,0.04286,0.04489,0.0472,0.04977,0.05247,0.05461,0.05612,0.05926,0.06237,0.06389,0.06536,0.0659,0.06561,0.06452,0.06347,0.06185,0.06014,0.05882,0.05678,0.05446,0.05208,0.04973,0.04719,0.04546,0.04349,0.04202,0.04871,0.0518,0.03776,0.03579
64,Female,0.02605,0.02571,0.02606,0.02692,0.02807,0.0296,0.03129,0.0331,0.03511,0.03727,0.0397,0.04198,0.04495,0.04745,0.04946,0.05168,0.05303,0.05564,0.05718,0.05824,0.05672,0.05577,0.05339,0.05314,0.04948,0.04722,0.04558,0.04329,0.04091,0.03863,0.0363,0.03432,0.03281,0.03132,0.03359,0.03739,0.02695,0.02532
64,Male,0.03381,0.03437,0.03529,0.03685,0.03838,0.04004,0.04192,0.04374,0.04574,0.04781,0.05018,0.0528,0.05555,0.05773,0.05924,0.06245,0.06557,0.0671,0.06856,0.06909,0.06874,0.06759,0.06656,0.0649,0.06313,0.06168,0.0596,0.05722,0.05482,0.05243,0.04983,0.04811,0.04612,0.04465,0.05186,0.055,0.04039,0.03838
65,Female,0.02856,0.02818,0.02854,0.02945,0.03066,0.03226,0.03402,0.03589,0.03796,0.0402,0.04272,0.04509,0.0482,0.05085,0.05295,0.05525,0.05664,0.05937,0.06087,0.06203,0.06048,0.05946,0.0568,0.05662,0.05275,0.05026,0.04868,0.04629,0.04382,0.04146,0.03902,0.03699,0.03543,0.03389,0.03638,0.04024,0.02936,0.02764
65,Male,0.03669,0.03726,0.03821,0.03982,0.04138,0.04307,0.04499,0.04683,0.04886,0.05097,0.05339,0.05603,0.05882,0.06103,0.06253,0.0658,0.06891,0.07044,0.07189,0.0724,0.07197,0.07076,0.06977,0.06806,0.06624,0.06465,0.06253,0.0601,0.05767,0.05528,0.0526,0.05092,0.04892,0.04748,0.05516,0.05843,0.04325,0.04121
66,Female,0.03087,0.03048,0.03082,0.0317,0.03288,0.03446,0.03619,0.03803,0.04006,0.04226,0.04474,0.04705,0.05008,0.05273,0.05479,0.05705,0.05838,0.06112,0.06252,0.0637,0.06219,0.06119,0.05846,0.0584,0.05452,0.05196,0.05046,0.04807,0.04556,0.04316,0.04069,0.03863,0.03705,0.03548,0.03818,0.04216,0.03086,0.02913
66,Male,0.03931,0.03984,0.04074,0.04229,0.04377,0.04539,0.04722,0.04897,0.0509,0.05293,0.05525,0.05777,0.06044,0.06255,0.06398,0.06713,0.07007,0.07152,0.07288,0.07333,0.07287,0.07165,0.07071,0.06902,0.06723,0.06561,0.06354,0.06117,0.05881,0.05648,0.05386,0.05224,0.0503,0.04891,0.05708,0.06051,0.04481,0.04281
67,Female,0.03377,0.03334,0.03365,0.03448,0.03562,0.03714,0.0388,0.04055,0.0425,0.04461,0.04701,0.04921,0.05214,0.05475,0.05673,0.05892,0.06016,0.06284,0.06409,0.06527,0.0638,0.0628,0.05998,0.05999,0.05614,0.05351,0.05213,0.04978,0.0473,0.04491,0.04247,0.04043,0.03888,0.03733,0.04024,0.04439,0.03274,0.03101
67,Male,0.04258,0.04305,0.04388,0.04534,0.04672,0.04823,0.04993,0.05155,0.05335,0.05524,0.05743,0.05977,0.06226,0.06423,0.06552,0.06849,0.07119,0.07251,0.07375,0.07412,0.0736,0.07238,0.07151,0.06987,0.06812,0.06646,0.06446,0.06217,0.05994,0.05773,0.05519,0.05369,0.05185,0.05055,0.05912,0.06285,0.04671,0.04479
68,Female,0.03716,0.03669,0.03694,0.03773,0.03879,0.04022,0.04178,0.04342,0.04526,0.04725,0.04954,0.05162,0.05443,0.05697,0.05886,0.06096,0.06209,0.06466,0.06575,0.06689,0.06546,0.06443,0.06152,0.06155,0.05774,0.05504,0.05378,0.05148,0.04906,0.04674,0.04435,0.04238,0.04086,0.03935,0.04247,0.04682,0.03486,0.03315
68,Male,0.04627,0.04667,0.04743,0.04878,0.05005,0.05143,0.05301,0.0545,0.05616,0.05791,0.05996,0.06212,0.06444,0.06626,0.06743,0.07021,0.07267,0.07387,0.07497,0.07527,0.07469,0.07346,0.07264,0.07104,0.06933,0.06762,0.06569,0.06349,0.06136,0.05926,0.05681,0.05541,0.05367,0.05246,0.06135,0.06537,0.04884,0.04701
69,Female,0.04057,0.04006,0.04028,0.041,0.04201,0.04338,0.04489,0.04646,0.04822,0.05013,0.05235,0.05431,0.05698,0.0595,0.06131,0.06333,0.06436,0.0669,0.06784,0.069,0.06762,0.06661,0.06363,0.0638,0.06,0.05724,0.05608,0.0538,0.05136,0.04901,0.04659,0.0446,0.04307,0.04154,0.0448,0.04928,0.03699,0.03527
69,Male,0.05008,0.05043,0.0511,0.05235,0.0535,0.05477,0.05622,0.05758,0.0591,0.06073,0.06264,0.06463,0.06678,0.06846,0.06952,0.07213,0.07438,0.07545,0.07644,0.07666,0.07603,0.0748,0.07402,0.07245,0.07078,0.06905,0.06718,0.06505,0.06301,0.061,0.05863,0.05732,0.05565,0.05451,0.06369,0.06797,0.05107,0.04931
70,Female,0.04558,0.04497,0.0451,0.04571,0.04658,0.04777,0.04908,0.05042,0.05196,0.05366,0.05569,0.05744,0.05997,0.06231,0.06395,0.06583,0.06668,0.06897,0.06967,0.0707,0.06935,0.06825,0.06515,0.06518,0.06149,0.05869,0.05766,0.05547,0.05321,0.05105,0.04879,0.04697,0.04557,0.04416,0.04768,0.05244,0.03992,0.03827
70,Male,0.05523,0.05547,0.05604,0.05717,0.05819,0.05933,0.06065,0.06188,0.06329,0.06479,0.06658,0.06842,0.07043,0.07198,0.07293,0.07535,0.0774,0.07835,0.0792,0.07933,0.07863,0.07737,0.07659,0.07501,0.07332,0.07153,0.06968,0.06759,0.06562,0.06367,0.06137,0.06011,0.05849,0.05739,0.06679,0.07135,0.05406,0.05235
71,Female,0.049,0.04839,0.04848,0.04905,0.04987,0.05103,0.05232,0.05363,0.05513,0.05676,0.05873,0.06038,0.06273,0.06502,0.06658,0.06838,0.06915,0.07143,0.07207,0.07311,0.0718,0.07077,0.06774,0.06795,0.0643,0.06151,0.06052,0.05833,0.056,0.05373,0.0514,0.04949,0.04801,0.04652,0.05008,0.05501,0.04208,0.0404
71,Male,0.05916,0.05935,0.05983,0.06085,0.06175,0.06276,0.06394,0.06503,0.06628,0.06763,0.06924,0.0709,0.07271,0.07411,0.07493,0.07716,0.07899,0.07983,0.08057,0.08063,0.07992,0.07867,0.07793,0.0764,0.07478,0.07303,0.07126,0.06926,0.06738,0.06553,0.06331,0.06211,0.06058,0.05952,0.06914,0.07402,0.05635,0.05471
72,Female,0.05482,0.05413,0.05412,0.05457,0.05523,0.0562,0.05728,0.05836,0.05962,0.06102,0.06275,0.06416,0.06629,0.06838,0.06975,0.07135,0.07193,0.07397,0.07436,0.07529,0.07402,0.07295,0.06986,0.07001,0.06651,0.06371,0.06285,0.06077,0.05858,0.05645,0.05426,0.05249,0.0511,0.04971,0.05339,0.05875,0.04551,0.0439
72,Male,0.06541,0.06547,0.06581,0.06666,0.06738,0.0682,0.06919,0.07009,0.07115,0.07231,0.07373,0.07515,0.07673,0.07793,0.07859,0.08056,0.0821,0.08276,0.08332,0.08327,0.08248,0.08123,0.08049,0.07899,0.0774,0.0756,0.07389,0.07197,0.0702,0.06846,0.06636,0.06525,0.06381,0.06282,0.07261,0.07795,0.05985,0.05831
73,Female,0.06,0.05927,0.05918,0.05951,0.06005,0.06088,0.06181,0.06273,0.06382,0.06504,0.06658,0.06778,0.06966,0.07157,0.07277,0.07419,0.07463,0.0765,0.07672,0.07756,0.07635,0.0753,0.07227,0.07247,0.06911,0.06635,0.06558,0.06356,0.06142,0.05934,0.05719,0.05545,0.05408,0.05269,0.0563,0.0622,0.04854,0.04696
73,Male,0.07109,0.07105,0.07126,0.07193,0.07248,0.07313,0.07392,0.07464,0.0755,0.07646,0.07766,0.07885,0.08019,0.08119,0.08169,0.08339,0.08466,0.08517,0.08557,0.08543,0.0846,0.08335,0.08263,0.08118,0.07964,0.07787,0.07624,0.07442,0.07276,0.07112,0.06913,0.0681,0.06675,0.06582,0.07575,0.08157,0.06301,0.06155
74,Female,0.06599,0.06521,0.06502,0.06522,0.0656,0.06625,0.06699,0.0677,0.06857,0.06956,0.07085,0.07181,0.0734,0.07508,0.07606,0.07727,0.07753,0.07916,0.0792,0.07992,0.07876,0.07772,0.07478,0.07497,0.07179,0.06911,0.06842,0.06651,0.06446,0.06247,0.06042,0.05875,0.05743,0.05608,0.05951,0.06614,0.05206,0.05053
74,Male,0.07753,0.07736,0.07743,0.0779,0.07825,0.07869,0.07926,0.07977,0.08041,0.08114,0.08208,0.08303,0.0841,0.08486,0.08519,0.08656,0.08756,0.08788,0.08811,0.08786,0.08699,0.08575,0.08504,0.08364,0.08216,0.08043,0.07888,0.07717,0.07563,0.07411,0.07226,0.0713,0.07004,0.06916,0.07925,0.08557,0.06652,0.06517
75,Female,0.07259,0.07175,0.07144,0.07148,0.07167,0.0721,0.07261,0.07309,0.07371,0.07443,0.07544,0.07612,0.07737,0.07876,0.0795,0.08045,0.08051,0.08186,0.0817,0.08225,0.08114,0.08011,0.07731,0.07745,0.07451,0.07196,0.07132,0.06953,0.06761,0.06573,0.0638,0.06222,0.06095,0.05966,0.06282,0.07035,0.05579,0.05434
75,Male,0.08455,0.08426,0.08416,0.08441,0.08455,0.08478,0.08511,0.0854,0.08581,0.08631,0.08697,0.08766,0.08844,0.08896,0.0891,0.09014,0.09085,0.09099,0.09104,0.09068,0.08977,0.08856,0.08784,0.08649,0.08508,0.0834,0.08194,0.08034,0.07891,0.0775,0.07577,0.07487,0.07369,0.07285,0.08307,0.08993,0.07034,0.06908
76,Female,0.07917,0.0783,0.07788,0.07775,0.07777,0.07798,0.07827,0.07851,0.07888,0.07932,0.08004,0.08043,0.08132,0.08238,0.08286,0.08354,0.0834,0.08444,0.08412,0.08449,0.08344,0.08245,0.07988,0.07998,0.07733,0.07497,0.07438,0.07273,0.07095,0.06918,0.06738,0.0659,0.06467,0.06343,0.06629,0.07487,0.05974,0.05837
76,Male,0.0918,0.09138,0.09112,0.09114,0.09107,0.09107,0.09115,0.09121,0.09136,0.09159,0.09195,0.09234,0.09281,0.09307,0.09301,0.09369,0.09409,0.09403,0.09389,0.09344,0.09251,0.09134,0.09062,0.08936,0.08804,0.08646,0.08511,0.08366,0.08235,0.08107,0.07951,0.07867,0.07759,0.07679,0.08713,0.09463,0.07444,0.07328
77,Female,0.08621,0.08529,0.08473,0.08442,0.08421,0.08417,0.08421,0.08418,0.08426,0.0844,0.0848,0.08486,0.08533,0.08601,0.08619,0.08658,0.0862,0.08688,0.0864,0.08653,0.08554,0.08458,0.0823,0.08231,0.07999,0.07788,0.07729,0.0758,0.07417,0.07254,0.07091,0.06952,0.06835,0.06718,0.06973,0.0795,0.06368,0.06242
77,Male,0.09953,0.09896,0.09852,0.09831,0.09802,0.09779,0.09762,0.09743,0.09732,0.09728,0.09735,0.09743,0.09758,0.09757,0.09731,0.09763,0.09771,0.09746,0.09714,0.09657,0.09563,0.09451,0.09378,0.09259,0.09137,0.08992,0.08868,0.08736,0.08617,0.085,0.0836,0.08278,0.08179,0.08101,0.09144,0.09964,0.07873,0.07766
78,Female,0.09513,0.09414,0.09341,0.09286,0.09238,0.09202,0.09174,0.09136,0.09108,0.09085,0.09086,0.09052,0.09053,0.09072,0.09056,0.0906,0.08994,0.09015,0.08948,0.0893,0.08834,0.08739,0.08546,0.08523,0.08333,0.08154,0.08092,0.07962,0.07823,0.07683,0.07542,0.07421,0.07315,0.07209,0.07428,0.08562,0.06894,0.06783
78,Male,0.10898,0.10825,0.10762,0.10714,0.1066,0.10611,0.10568,0.10521,0.10482,0.10447,0.10424,0.10395,0.10374,0.10343,0.10295,0.1029,0.10261,0.10214,0.10162,0.10093,0.09998,0.09892,0.09815,0.09705,0.09592,0.09462,0.0935,0.09232,0.09126,0.09019,0.08896,0.08816,0.08723,0.08646,0.09691,0.10594,0.08423,0.08326
79,Female,0.10326,0.10222,0.10133,0.10053,0.09978,0.0991,0.09851,0.09778,0.09715,0.09656,0.09621,0.09544,0.09497,0.09463,0.09411,0.09381,0.09286,0.09257,0.09176,0.09123,0.09031,0.08939,0.08793,0.08745,0.08602,0.08464,0.08393,0.08284,0.0817,0.08053,0.07937,0.07833,0.07737,0.07642,0.07808,0.09144,0.07363,0.07267
79,Male,0.11788,0.11701,0.11618,0.11545,0.11467,0.11393,0.11324,0.1125,0.11182,0.11117,0.11063,0.10997,0.10941,0.10878,0.10809,0.10767,0.10701,0.10633,0.10562,0.10483,0.1039,0.10292,0.10212,0.10113,0.10013,0.09904,0.09805,0.09704,0.09611,0.09515,0.09412,0.09333,0.09247,0.0917,0.1021,0.11208,0.08949,0.08862
80,Female,0.11404,0.11294,0.11185,0.11079,0.10971,0.10865,0.1077,0.10656,0.10554,0.10452,0.10376,0.10251,0.10153,0.10055,0.09963,0.09894,0.09767,0.09676,0.09584,0.09487,0.09395,0.09304,0.09215,0.09126,0.09038,0.08952,0.08865,0.08779,0.08697,0.08611,0.08527,0.08445,0.08364,0.08284,0.084,0.09977,0.08052,0.07977
80,Male,0.12913,0.12807,0.12702,0.126,0.12496,0.12394,0.12296,0.12192,0.12092,0.11993,0.11905,0.11798,0.11702,0.11606,0.11513,0.1143,0.11324,0.11233,0.11141,0.11048,0.10958,0.10868,0.1078,0.10691,0.10604,0.10518,0.10432,0.10346,0.10265,0.10178,0.10094,0.10011,0.0993,0.09849,0.10879,0.11988,0.0962,0.09542
81,Female,0.12218,0.12107,0.11996,0.11888,0.11778,0.1167,0.11575,0.11458,0.11353,0.1125,0.11176,0.11045,0.10945,0.10844,0.10751,0.10682,0.1055,0.10458,0.10363,0.10263,0.1017,0.10077,0.09985,0.09893,0.09803,0.09714,0.09625,0.09537,0.09453,0.09364,0.09278,0.09193,0.09109,0.09027,0.09091,0.10917,0.08788,0.08711
81,Male,0.1384,0.13732,0.13625,0.1352,0.13414,0.1331,0.1321,0.13104,0.13002,0.12901,0.12811,0.12701,0.12603,0.12504,0.12409,0.12324,0.12215,0.12122,0.12027,0.11932,0.11839,0.11747,0.11656,0.11565,0.11475,0.11387,0.11298,0.11209,0.11126,0.11037,0.1095,0.10865,0.1078,0.10697,0.11712,0.12961,0.10461,0.1038
82,Female,0.13599,0.1348,0.13361,0.13245,0.13127,0.13012,0.12911,0.12784,0.12672,0.1256,0.12482,0.1234,0.12233,0.12124,0.12024,0.1195,0.11808,0.11708,0.11606,0.11499,0.11398,0.11297,0.11198,0.11099,0.11002,0.10906,0.1081,0.10714,0.10624,0.10528,0.10434,0.10342,0.10251,0.10162,0.102,0.12287,0.09904,0.09821
82,Male,0.15267,0.15151,0.15035,0.14922,0.14806,0.14693,0.14586,0.14469,0.14359,0.14249,0.14152,0.14032,0.13926,0.13819,0.13716,0.13624,0.13505,0.13404,0.13301,0.13197,0.13097,0.12997,0.12898,0.12799,0.12702,0.12605,0.12509,0.12412,0.12322,0.12225,0.1213,0.12037,0.11945,0.11855,0.12858,0.1427,0.11598,0.1151
83,Female,0.14867,0.14743,0.14619,0.14498,0.14376,0.14255,0.14151,0.14018,0.139,0.13784,0.13705,0.13554,0.13442,0.13328,0.13223,0.13148,0.12997,0.12893,0.12786,0.12673,0.12567,0.12462,0.12358,0.12254,0.12152,0.12051,0.1195,0.11849,0.11754,0.11653,0.11554,0.11457,0.11361,0.11267,0.1153,0.13807,0.10995,0.10908
83,Male,0.16587,0.16464,0.16342,0.16223,0.16102,0.15983,0.1587,0.15748,0.15631,0.15516,0.15414,0.15287,0.15176,0.15062,0.14954,0.14857,0.14731,0.14625,0.14516,0.14407,0.14301,0.14195,0.14091,0.13986,0.13883,0.13782,0.13679,0.13577,0.13483,0.13379,0.13278,0.13181,0.13083,0.12988,0.14244,0.15679,0.12715,0.12623
84,Female,0.16337,0.16206,0.16076,0.15949,0.15819,0.15692,0.15584,0.15442,0.15318,0.15195,0.15115,0.14953,0.14834,0.14714,0.14604,0.14526,0.14364,0.14254,0.1414,0.14021,0.13908,0.13797,0.13687,0.13576,0.13468,0.13361,0.13253,0.13146,0.13046,0.12938,0.12833,0.1273,0.12628,0.12528,0.13363,0.15725,0.12239,0.12146
84,Male,0.18122,0.17991,0.17862,0.17735,0.17606,0.17479,0.17359,0.17229,0.17105,0.16982,0.16874,0.16738,0.16619,0.16499,0.16383,0.1628,0.16145,0.16032,0.15916,0.15799,0.15686,0.15573,0.15462,0.1535,0.1524,0.15131,0.15022,0.14913,0.14812,0.14701,0.14593,0.14488,0.14384,0.14283,0.16194,0.17417,0.13991,0.13892
85,Female,0.17761,0.17625,0.1749,0.17359,0.17225,0.17093,0.16983,0.16834,0.16705,0.16578,0.16498,0.16326,0.16203,0.16078,0.15963,0.15886,0.15713,0.15599,0.15481,0.15356,0.15239,0.15122,0.15008,0.14892,0.14779,0.14668,0.14555,0.14443,0.14339,0.14225,0.14115,0.14007,0.13901,0.13796,0.1539,0.17811,0.13494,0.13397
85,Male,0.19522,0.19388,0.19255,0.19125,0.18991,0.18861,0.18737,0.18602,0.18474,0.18347,0.18237,0.18096,0.17973,0.17848,0.17728,0.17623,0.17482,0.17365,0.17245,0.17124,0.17006,0.16889,0.16774,0.16658,0.16544,0.16432,0.16318,0.16204,0.161,0.15984,0.15872,0.15763,0.15655,0.15549,0.18351,0.19255,0.15246,0.15144
86,Female,0.19311,0.19174,0.19037,0.18905,0.18768,0.18635,0.18525,0.18372,0.18241,0.18112,0.18037,0.17856,0.17731,0.17603,0.17488,0.17414,0.17232,0.17116,0.16995,0.16867,0.16748,0.16628,0.16511,0.16393,0.16278,0.16163,0.16048,0.15933,0.15826,0.1571,0.15596,0.15485,0.15376,0.15269,0.17642,0.20177,0.14958,0.14859
86,Male,0.21131,0.20993,0.20856,0.20723,0.20585,0.20451,0.20325,0.20186,0.20054,0.19923,0.19811,0.19665,0.19538,0.19409,0.19287,0.19179,0.19033,0.18912,0.18788,0.18663,0.18542,0.18421,0.18302,0.18181,0.18064,0.17948,0.1783,0.17712,0.17605,0.17485,0.17368,0.17255,0.17143,0.17033,0.20787,0.21384,0.16719,0.16614
87,Female,0.20858,0.20717,0.20577,0.2044,0.203,0.20163,0.20052,0.19891,0.19757,0.19623,0.19551,0.19359,0.1923,0.19098,0.1898,0.18907,0.18714,0.18595,0.1847,0.18336,0.18213,0.18089,0.17968,0.17846,0.17726,0.17607,0.17487,0.17368,0.17258,0.17136,0.17018,0.16903,0.16789,0.16678,0.19685,0.22462,0.16355,0.16253
87,Male,0.22728,0.22587,0.22447,0.22311,0.22171,0.22033,0.21905,0.21762,0.21627,0.21493,0.2138,0.21228,0.21099,0.20966,0.20841,0.20732,0.2058,0.20456,0.20329,0.202,0.20075,0.19951,0.19829,0.19705,0.19584,0.19464,0.19343,0.19222,0.19112,0.18987,0.18867,0.18751,0.18635,0.18522,0.23117,0.23543,0.18197,0.1809
88,Female,0.22583,0.22438,0.22293,0.22152,0.22006,0.21865,0.21752,0.21583,0.21444,0.21306,0.21237,0.21032,0.20898,0.20762,0.2064,0.2057,0.20364,0.2024,0.2011,0.19971,0.19843,0.19714,0.19588,0.19461,0.19336,0.19213,0.19088,0.18964,0.18849,0.18722,0.18599,0.18479,0.1836,0.18244,0.21724,0.24913,0.17907,0.17802
88,Male,0.24471,0.24326,0.24182,0.24041,0.23896,0.23754,0.23622,0.23473,0.23334,0.23195,0.2308,0.22921,0.22787,0.2265,0.2252,0.22408,0.22249,0.22121,0.21989,0.21855,0.21726,0.21597,0.2147,0.21341,0.21216,0.21091,0.20965,0.20839,0.20725,0.20596,0.20471,0.20349,0.20229,0.20111,0.25415,0.25864,0.19772,0.19661
89,Female,0.24266,0.2412,0.23975,0.23834,0.23687,0.23545,0.23436,0.23262,0.23123,0.22983,0.22923,0.22708,0.22573,0.22435,0.22314,0.22251,0.22035,0.21911,0.2178,0.21638,0.21508,0.21378,0.21251,0.21122,0.20996,0.20871,0.20744,0.20618,0.20503,0.20374,0.20248,0.20127,0.20006,0.19888,0.23801,0.27521,0.19545,0.19441
89,Male,0.26182,0.26037,0.25892,0.25752,0.25606,0.25463,0.25332,0.25181,0.25041,0.24902,0.24788,0.24626,0.24492,0.24354,0.24223,0.24113,0.23951,0.23821,0.23689,0.23553,0.23423,0.23292,0.23164,0.23034,0.22907,0.22782,0.22654,0.22527,0.22412,0.2228,0.22153,0.2203,0.21908,0.21789,0.27788,0.28398,0.21444,0.21334
90,Female,0.26505,0.26351,0.26198,0.26049,0.25894,0.25744,0.25632,0.25445,0.25298,0.25151,0.25093,0.24859,0.24717,0.24571,0.24444,0.24382,0.24147,0.24016,0.23877,0.23726,0.23589,0.23451,0.23316,0.2318,0.23046,0.22913,0.22779,0.22645,0.22523,0.22386,0.22253,0.22123,0.21995,0.2187,0.26192,0.30506,0.21505,0.21396
90,Male,0.2827,0.28119,0.27968,0.27822,0.2767,0.27522,0.27386,0.27228,0.27082,0.26937,0.2682,0.2665,0.26509,0.26365,0.2623,0.26116,0.25945,0.2581,0.25672,0.2553,0.25394,0.25257,0.25124,0.24988,0.24855,0.24724,0.24591,0.24457,0.24338,0.242,0.24066,0.23938,0.2381,0.23686,0.30389,0.31233,0.23323,0.23209
91,Female,0.2801,0.27859,0.27709,0.27564,0.27412,0.27264,0.2716,0.26971,0.26826,0.26681,0.26638,0.26395,0.26256,0.26112,0.25989,0.2594,0.25694,0.25567,0.2543,0.25279,0.25144,0.25008,0.24875,0.24739,0.24607,0.24476,0.24343,0.24211,0.2409,0.23954,0.23822,0.23694,0.23566,0.23443,0.28193,0.33122,0.2308,0.22973
91,Male,0.29879,0.29735,0.29592,0.29453,0.29308,0.29167,0.2904,0.28887,0.28748,0.2861,0.28503,0.28335,0.28202,0.28064,0.27935,0.2783,0.27661,0.27533,0.274,0.27263,0.27133,0.27002,0.26874,0.26743,0.26615,0.26489,0.26361,0.26232,0.26119,0.25984,0.25855,0.25731,0.25607,0.25488,0.32951,0.34055,0.25137,0.25028
92,Female,0.30377,0.30223,0.30069,0.29921,0.29764,0.29613,0.29511,0.29313,0.29164,0.29015,0.28982,0.28721,0.28578,0.2843,0.28306,0.28264,0.28001,0.27871,0.2773,0.27574,0.27434,0.27294,0.27157,0.27017,0.26881,0.26746,0.26609,0.26472,0.26348,0.26207,0.2607,0.25938,0.25806,0.25679,0.30893,0.36391,0.25304,0.25193
92,Male,0.32175,0.32029,0.31884,0.31745,0.31597,0.31455,0.31327,0.31171,0.3103,0.3089,0.30784,0.30612,0.30476,0.30336,0.30206,0.30102,0.29927,0.29797,0.29662,0.29523,0.2939,0.29257,0.29127,0.28993,0.28864,0.28736,0.28605,0.28473,0.28359,0.28221,0.28089,0.27962,0.27836,0.27715,0.36006,0.37324,0.27355,0.27245
93,Female,0.32563,0.32409,0.32256,0.32108,0.31951,0.318,0.31707,0.315,0.31351,0.31202,0.31183,0.30908,0.30765,0.30616,0.30494,0.30462,0.30186,0.30056,0.29915,0.29757,0.29617,0.29476,0.29338,0.29197,0.2906,0.28925,0.28787,0.28648,0.28524,0.28381,0.28243,0.2811,0.27977,0.27849,0.3357,0.39587,0.27469,0.27358
93,Male,0.34317,0.34173,0.3403,0.33893,0.33746,0.33605,0.3348,0.33324,0.33184,0.33046,0.32945,0.32769,0.32636,0.32496,0.32367,0.32267,0.3209,0.31961,0.31827,0.31688,0.31556,0.31423,0.31294,0.31161,0.31031,0.30904,0.30773,0.30642,0.30529,0.3039,0.30259,0.30132,0.30006,0.29885,0.39071,0.40553,0.29525,0.29416
94,Female,0.34947,0.34792,0.34638,0.34491,0.34332,0.34181,0.34097,0.33879,0.33729,0.3358,0.33577,0.33283,0.3314,0.3299,0.32869,0.32848,0.32556,0.32428,0.32286,0.32124,0.31983,0.3184,0.31701,0.31559,0.31421,0.31284,0.31144,0.31004,0.3088,0.30734,0.30595,0.30459,0.30325,0.30195,0.36451,0.42963,0.29809,0.29697
94,Male,0.36606,0.36461,0.36318,0.36181,0.36032,0.3589,0.35768,0.35608,0.35468,0.35328,0.35234,0.35051,0.34917,0.34775,0.34647,0.34549,0.34367,0.34237,0.34102,0.33961,0.33828,0.33695,0.33564,0.3343,0.33299,0.33171,0.33039,0.32906,0.32793,0.32652,0.32519,0.32391,0.32263,0.32142,0.42274,0.43902,0.31776,0.31666
95,Female,0.37531,0.37376,0.37222,0.37075,0.36916,0.36763,0.3669,0.36461,0.36311,0.36161,0.36177,0.35863,0.3572,0.35568,0.35451,0.35442,0.35133,0.35006,0.34863,0.34697,0.34556,0.34412,0.34272,0.34129,0.33989,0.33852,0.33711,0.33569,0.33445,0.33297,0.33156,0.33019,0.32883,0.32753,0.39567,0.46575,0.32361,0.32249
95,Male,0.39081,0.38928,0.38777,0.38633,0.38475,0.38326,0.38197,0.38028,0.37879,0.37732,0.37635,0.37439,0.37298,0.37148,0.37012,0.3691,0.36716,0.3658,0.36437,0.36288,0.36147,0.36006,0.35869,0.35726,0.35588,0.35453,0.35313,0.35173,0.35053,0.34904,0.34763,0.34628,0.34493,0.34365,0.45532,0.47294,0.33975,0.33859
96,Female,0.39952,0.39799,0.39646,0.39501,0.39342,0.39192,0.39128,0.38892,0.38742,0.38594,0.38635,0.38298,0.38157,0.38005,0.37893,0.37902,0.37573,0.37449,0.37307,0.37139,0.36998,0.36855,0.36716,0.36573,0.36434,0.36297,0.36156,0.36015,0.35892,0.35743,0.35602,0.35466,0.3533,0.352,0.42599,0.50121,0.34807,0.34695
96,Male,0.41362,0.41211,0.4106,0.40918,0.40761,0.40612,0.40486,0.40316,0.40168,0.40022,0.3993,0.3973,0.3959,0.3944,0.39306,0.3921,0.3901,0.38875,0.38732,0.38583,0.38443,0.38302,0.38165,0.38023,0.37885,0.37751,0.37611,0.3747,0.37352,0.37203,0.37061,0.36926,0.36791,0.36663,0.49004,0.50915,0.36271,0.36157
97,Female,0.42331,0.42179,0.42028,0.41885,0.41727,0.41577,0.41518,0.41279,0.41131,0.40984,0.41055,0.4069,0.4055,0.40399,0.40294,0.40326,0.3997,0.39849,0.39708,0.39538,0.39397,0.39254,0.39117,0.38973,0.38835,0.38699,0.38559,0.38417,0.38296,0.38147,0.38005,0.37869,0.37733,0.37604,0.45612,0.53687,0.37211,0.371
97,Male,0.43575,0.43426,0.43278,0.43138,0.42982,0.42835,0.42712,0.42543,0.42397,0.42252,0.42165,0.41964,0.41826,0.41677,0.41547,0.41457,0.41252,0.41119,0.40978,0.4083,0.4069,0.40551,0.40416,0.40274,0.40138,0.40005,0.39866,0.39726,0.39611,0.39461,0.39319,0.39185,0.39051,0.38925,0.52611,0.54691,0.38534,0.38421
98,Female,0.44649,0.44499,0.44348,0.44206,0.44049,0.43901,0.43838,0.43605,0.43458,0.43311,0.43423,0.43019,0.42881,0.42729,0.42634,0.42714,0.42302,0.42185,0.42046,0.41871,0.41731,0.41589,0.41452,0.41308,0.41171,0.41035,0.40895,0.40753,0.40634,0.40484,0.40342,0.40206,0.4007,0.39941,0.48584,0.57256,0.39547,0.39438
98,Male,0.4571,0.45564,0.45419,0.45281,0.45129,0.44985,0.44863,0.44698,0.44555,0.44413,0.44325,0.4413,0.43994,0.43848,0.43722,0.43644,0.43431,0.43302,0.43163,0.43015,0.42878,0.42741,0.42608,0.42468,0.42335,0.42204,0.42067,0.41928,0.41818,0.41668,0.41528,0.41395,0.41263,0.41139,0.56443,0.5871,0.40752,0.40643
99,Female,0.47572,0.47428,0.47284,0.47147,0.46998,0.46856,0.46787,0.46572,0.46431,0.46291,0.46464,0.46011,0.45881,0.45733,0.45658,0.4583,0.45323,0.45217,0.45084,0.44908,0.44774,0.44636,0.44506,0.44366,0.44234,0.44104,0.43968,0.43831,0.4372,0.43573,0.43434,0.43303,0.43172,0.43048,0.52361,0.61667,0.42667,0.42562
99,Male,0.48418,0.48273,0.48129,0.47992,0.47842,0.47699,0.47575,0.47414,0.47272,0.47131,0.47036,0.4685,0.46714,0.4657,0.46447,0.46383,0.46156,0.46029,0.45892,0.45741,0.45606,0.45468,0.45337,0.45197,0.45064,0.44935,0.44798,0.44659,0.44554,0.44401,0.4426,0.44128,0.43996,0.43874,0.61112,0.63574,0.43486,0.43379
100,Female,0.53539,0.53414,0.5329,0.53171,0.53043,0.5292,0.52847,0.52675,0.52553,0.52431,0.52661,0.52189,0.52079,0.51949,0.51906,0.52177,0.51596,0.51511,0.51397,0.51236,0.51121,0.51001,0.5089,0.50768,0.50654,0.50542,0.50425,0.50305,0.50214,0.50083,0.49962,0.49849,0.49735,0.49629,0.58732,0.67757,0.49299,0.49212
100,Male,0.5385,0.53721,0.53592,0.53468,0.53336,0.53208,0.53093,0.52953,0.52827,0.52701,0.52606,0.52449,0.52327,0.522,0.52093,0.52053,0.5183,0.5172,0.51597,0.51459,0.51338,0.51215,0.51099,0.50973,0.50855,0.5074,0.50617,0.50493,0.50405,0.50264,0.50136,0.50018,0.499,0.49792,0.67626,0.70055,0.49445,0.49352
