age,sex,1950,1951,1952,1953,1954,1955,1956,1957,1958,1959,1960,1961,1962,1963,1964,1965,1966,1967,1968,1969,1970,1971,1972,1973,1974,1975,1976,1977,1978,1979,1980,1981,1982,1983,1984,1985,1986,1987,1988,1989,1990,1991,1992,1993,1994,1995,1996,1997,1998,1999,2000,2001,2002,2003,2004,2005,2006,2007,2008,2009,2010,2011,2012,2013,2014,2015,2016,2017,2018,2019,2020,2021,2022,2023
0,Male,1.039,1.052,1.059,1.067,1.075,1.084,1.093,1.103,1.114,1.126,1.137,1.149,1.161,1.171,1.18,1.192,1.21,1.225,1.244,1.267,1.286,1.303,1.316,1.326,1.332,1.336,1.326,1.323,1.314,1.302,1.288,1.271,1.247,1.309,1.193,1.157,1.118,1.079,1.047,1.048,1.049,1.066,1.105,1.152,1.194,1.165,1.206,1.259,1.321,1.4,1.461,1.505,1.517,1.531,1.54,1.527,1.486,1.433,1.382,1.295,1.182,1.093,1.017,0.959,0.907,0.86,0.822,0.787,0.758,0.726,0.697,0.672,0.646,0.618
1,Male,0.274,0.29,0.291,0.29,0.289,0.288,0.288,0.287,0.286,0.286,0.285,0.285,0.283,0.282,0.281,0.279,0.278,0.278,0.273,0.272,0.272,0.27,0.267,0.263,0.257,0.252,0.242,0.237,0.23,0.222,0.215,0.207,0.198,0.235,0.18,0.168,0.163,0.154,0.146,0.141,0.14,0.142,0.149,0.158,0.17,0.18,0.19,0.193,0.202,0.218,0.234,0.245,0.245,0.244,0.241,0.237,0.229,0.217,0.2,0.182,0.161,0.141,0.126,0.115,0.108,0.101,0.098,0.093,0.089,0.086,0.082,0.079,0.073,0.073
2,Male,0.148,0.156,0.165,0.167,0.166,0.166,0.165,0.165,0.164,0.164,0.164,0.164,0.163,0.163,0.162,0.161,0.16,0.159,0.155,0.153,0.152,0.151,0.149,0.147,0.144,0.142,0.136,0.134,0.13,0.126,0.123,0.119,0.114,0.128,0.105,0.098,0.096,0.094,0.09,0.087,0.087,0.089,0.094,0.1,0.109,0.118,0.13,0.133,0.133,0.141,0.152,0.161,0.164,0.165,0.161,0.157,0.152,0.146,0.134,0.122,0.11,0.097,0.086,0.079,0.073,0.068,0.066,0.062,0.059,0.056,0.054,0.052,0.048,0.047
3,Male,0.093,0.094,0.099,0.105,0.106,0.106,0.106,0.105,0.105,0.105,0.105,0.105,0.104,0.104,0.103,0.103,0.103,0.102,0.1,0.097,0.096,0.095,0.094,0.093,0.091,0.09,0.087,0.085,0.083,0.081,0.079,0.077,0.074,0.083,0.069,0.064,0.063,0.062,0.061,0.06,0.059,0.06,0.064,0.068,0.074,0.081,0.09,0.095,0.096,0.096,0.101,0.108,0.11,0.112,0.11,0.105,0.1,0.097,0.09,0.082,0.074,0.066,0.059,0.054,0.05,0.047,0.045,0.043,0.041,0.039,0.037,0.036,0.033,0.033
4,Male,0.059,0.06,0.061,0.064,0.068,0.069,0.069,0.069,0.068,0.068,0.068,0.068,0.068,0.068,0.068,0.067,0.067,0.067,0.066,0.064,0.063,0.062,0.061,0.06,0.059,0.059,0.057,0.056,0.054,0.053,0.052,0.051,0.05,0.057,0.047,0.044,0.043,0.042,0.042,0.042,0.042,0.043,0.045,0.048,0.053,0.057,0.065,0.069,0.073,0.073,0.073,0.077,0.078,0.079,0.08,0.077,0.072,0.068,0.064,0.059,0.053,0.048,0.043,0.039,0.037,0.034,0.033,0.031,0.03,0.028,0.027,0.026,0.024,0.024
5,Male,0.041,0.042,0.043,0.043,0.046,0.049,0.049,0.049,0.049,0.049,0.049,0.048,0.048,0.048,0.048,0.048,0.048,0.047,0.047,0.046,0.045,0.044,0.043,0.043,0.042,0.042,0.04,0.04,0.039,0.038,0.038,0.037,0.036,0.042,0.035,0.032,0.031,0.031,0.031,0.031,0.032,0.032,0.034,0.036,0.039,0.042,0.048,0.051,0.054,0.056,0.056,0.056,0.056,0.057,0.057,0.056,0.053,0.049,0.045,0.042,0.038,0.034,0.031,0.029,0.027,0.025,0.024,0.023,0.022,0.021,0.02,0.02,0.018,0.018
6,Male,0.031,0.032,0.033,0.033,0.034,0.036,0.038,0.038,0.038,0.038,0.038,0.038,0.038,0.038,0.038,0.037,0.037,0.037,0.037,0.036,0.036,0.035,0.034,0.033,0.033,0.032,0.031,0.031,0.03,0.03,0.029,0.029,0.028,0.034,0.028,0.026,0.025,0.025,0.025,0.025,0.026,0.027,0.028,0.03,0.032,0.035,0.04,0.043,0.046,0.048,0.05,0.05,0.048,0.048,0.048,0.047,0.046,0.043,0.039,0.035,0.032,0.029,0.027,0.025,0.023,0.022,0.021,0.02,0.019,0.018,0.017,0.017,0.016,0.016
7,Male,0.024,0.025,0.025,0.026,0.027,0.027,0.028,0.03,0.03,0.03,0.03,0.03,0.03,0.03,0.03,0.03,0.03,0.03,0.029,0.029,0.029,0.028,0.028,0.027,0.026,0.026,0.025,0.025,0.024,0.024,0.024,0.023,0.023,0.028,0.023,0.021,0.021,0.021,0.021,0.021,0.022,0.023,0.025,0.026,0.028,0.031,0.035,0.037,0.04,0.042,0.044,0.046,0.044,0.043,0.042,0.042,0.04,0.039,0.035,0.032,0.029,0.026,0.024,0.022,0.021,0.02,0.019,0.018,0.017,0.016,0.016,0.015,0.014,0.014
8,Male,0.02,0.02,0.021,0.021,0.022,0.022,0.022,0.024,0.025,0.025,0.025,0.025,0.025,0.025,0.025,0.025,0.025,0.025,0.024,0.024,0.024,0.024,0.023,0.023,0.022,0.021,0.021,0.02,0.02,0.02,0.02,0.019,0.019,0.023,0.019,0.018,0.018,0.018,0.018,0.018,0.018,0.019,0.021,0.023,0.025,0.027,0.03,0.033,0.035,0.037,0.039,0.041,0.041,0.04,0.038,0.037,0.036,0.034,0.032,0.029,0.026,0.023,0.021,0.02,0.019,0.018,0.017,0.016,0.015,0.015,0.014,0.014,0.013,0.013
9,Male,0.017,0.017,0.018,0.018,0.018,0.019,0.019,0.019,0.021,0.022,0.022,0.022,0.022,0.022,0.022,0.022,0.022,0.021,0.021,0.021,0.021,0.021,0.02,0.02,0.019,0.018,0.018,0.018,0.017,0.017,0.017,0.017,0.017,0.02,0.017,0.016,0.016,0.015,0.016,0.016,0.016,0.017,0.019,0.02,0.022,0.024,0.027,0.029,0.032,0.034,0.036,0.037,0.037,0.037,0.036,0.034,0.032,0.031,0.029,0.027,0.024,0.021,0.019,0.018,0.017,0.016,0.016,0.015,0.014,0.013,0.013,0.013,0.012,0.012
10,Male,0.015,0.015,0.015,0.016,0.016,0.016,0.017,0.017,0.017,0.018,0.02,0.02,0.02,0.02,0.019,0.019,0.019,0.019,0.019,0.019,0.018,0.018,0.018,0.018,0.017,0.017,0.016,0.015,0.015,0.015,0.015,0.015,0.015,0.018,0.015,0.014,0.014,0.014,0.014,0.014,0.015,0.016,0.017,0.019,0.021,0.023,0.026,0.028,0.03,0.032,0.034,0.036,0.036,0.036,0.035,0.034,0.032,0.03,0.028,0.026,0.024,0.021,0.019,0.018,0.017,0.016,0.015,0.014,0.014,0.013,0.013,0.012,0.012,0.011
11,Male,0.014,0.014,0.014,0.014,0.014,0.015,0.015,0.015,0.016,0.016,0.017,0.018,0.018,0.018,0.018,0.018,0.018,0.017,0.017,0.017,0.017,0.016,0.016,0.016,0.016,0.015,0.015,0.014,0.014,0.014,0.014,0.014,0.013,0.016,0.014,0.013,0.013,0.013,0.013,0.014,0.014,0.015,0.016,0.018,0.02,0.023,0.026,0.028,0.03,0.032,0.033,0.036,0.036,0.037,0.036,0.035,0.033,0.031,0.029,0.026,0.024,0.022,0.02,0.018,0.017,0.016,0.016,0.015,0.014,0.014,0.013,0.012,0.012,0.011
12,Male,0.013,0.013,0.013,0.013,0.014,0.014,0.014,0.014,0.015,0.015,0.015,0.016,0.017,0.017,0.017,0.017,0.017,0.017,0.016,0.016,0.016,0.016,0.015,0.015,0.015,0.015,0.014,0.014,0.013,0.013,0.013,0.013,0.013,0.015,0.013,0.012,0.013,0.013,0.013,0.013,0.014,0.015,0.016,0.018,0.02,0.022,0.026,0.028,0.031,0.032,0.034,0.036,0.037,0.038,0.038,0.036,0.035,0.033,0.03,0.027,0.025,0.023,0.022,0.02,0.018,0.017,0.016,0.015,0.015,0.014,0.014,0.013,0.012,0.012
13,Male,0.013,0.013,0.013,0.013,0.013,0.013,0.014,0.014,0.014,0.015,0.015,0.015,0.016,0.017,0.017,0.017,0.017,0.017,0.016,0.016,0.016,0.015,0.015,0.015,0.015,0.014,0.014,0.014,0.013,0.013,0.013,0.013,0.013,0.015,0.013,0.012,0.013,0.013,0.013,0.014,0.014,0.015,0.017,0.018,0.02,0.022,0.026,0.029,0.032,0.034,0.035,0.037,0.038,0.039,0.04,0.039,0.037,0.035,0.032,0.029,0.027,0.024,0.023,0.022,0.02,0.018,0.017,0.017,0.016,0.015,0.015,0.014,0.013,0.013
14,Male,0.013,0.013,0.013,0.013,0.013,0.013,0.014,0.014,0.014,0.014,0.015,0.015,0.015,0.016,0.017,0.017,0.017,0.017,0.017,0.016,0.016,0.016,0.015,0.015,0.015,0.014,0.014,0.014,0.014,0.013,0.013,0.013,0.013,0.015,0.013,0.013,0.013,0.013,0.014,0.014,0.015,0.016,0.018,0.02,0.022,0.024,0.028,0.031,0.035,0.037,0.039,0.041,0.041,0.042,0.043,0.043,0.041,0.039,0.036,0.033,0.03,0.027,0.025,0.024,0.023,0.021,0.02,0.019,0.018,0.017,0.017,0.016,0.015,0.014
15,Male,0.013,0.013,0.013,0.014,0.014,0.014,0.014,0.014,0.014,0.014,0.015,0.015,0.016,0.016,0.017,0.018,0.018,0.018,0.017,0.017,0.016,0.016,0.015,0.015,0.015,0.015,0.014,0.014,0.014,0.014,0.014,0.014,0.013,0.015,0.014,0.014,0.014,0.014,0.015,0.016,0.017,0.018,0.02,0.022,0.024,0.026,0.03,0.034,0.037,0.041,0.044,0.046,0.047,0.047,0.048,0.048,0.047,0.045,0.042,0.039,0.035,0.032,0.03,0.028,0.027,0.026,0.024,0.022,0.021,0.02,0.02,0.019,0.018,0.017
16,Male,0.014,0.014,0.014,0.014,0.014,0.014,0.014,0.014,0.015,0.015,0.015,0.016,0.016,0.016,0.017,0.017,0.018,0.018,0.018,0.018,0.017,0.017,0.016,0.016,0.016,0.015,0.015,0.015,0.015,0.015,0.015,0.015,0.014,0.016,0.015,0.014,0.015,0.016,0.016,0.017,0.018,0.02,0.022,0.024,0.026,0.029,0.033,0.037,0.041,0.044,0.048,0.051,0.052,0.052,0.052,0.052,0.052,0.051,0.048,0.044,0.04,0.037,0.034,0.032,0.03,0.029,0.028,0.026,0.025,0.023,0.023,0.022,0.021,0.02
17,Male,0.014,0.014,0.015,0.015,0.015,0.015,0.015,0.015,0.015,0.016,0.016,0.016,0.016,0.017,0.017,0.017,0.018,0.019,0.019,0.019,0.018,0.018,0.017,0.017,0.016,0.016,0.016,0.015,0.015,0.015,0.015,0.016,0.015,0.016,0.015,0.015,0.016,0.017,0.018,0.019,0.02,0.022,0.025,0.027,0.03,0.032,0.036,0.041,0.045,0.049,0.053,0.058,0.06,0.061,0.061,0.06,0.059,0.058,0.056,0.052,0.048,0.045,0.041,0.038,0.036,0.034,0.033,0.032,0.03,0.028,0.027,0.026,0.025,0.024
18,Male,0.015,0.015,0.015,0.015,0.015,0.016,0.016,0.016,0.016,0.016,0.016,0.017,0.017,0.017,0.018,0.018,0.018,0.019,0.02,0.02,0.019,0.019,0.018,0.018,0.017,0.017,0.016,0.016,0.016,0.016,0.016,0.016,0.016,0.018,0.016,0.016,0.017,0.018,0.019,0.021,0.022,0.024,0.027,0.03,0.033,0.035,0.04,0.045,0.05,0.054,0.058,0.063,0.068,0.069,0.069,0.068,0.066,0.065,0.064,0.061,0.056,0.052,0.048,0.045,0.042,0.039,0.037,0.037,0.036,0.033,0.031,0.03,0.029,0.027
19,Male,0.016,0.016,0.016,0.016,0.017,0.017,0.017,0.017,0.017,0.017,0.017,0.018,0.018,0.018,0.018,0.019,0.019,0.019,0.02,0.021,0.021,0.02,0.019,0.019,0.018,0.018,0.017,0.017,0.017,0.016,0.017,0.017,0.017,0.018,0.017,0.017,0.018,0.019,0.02,0.022,0.024,0.026,0.029,0.032,0.035,0.037,0.042,0.047,0.053,0.058,0.063,0.068,0.072,0.075,0.076,0.075,0.072,0.069,0.068,0.066,0.062,0.058,0.053,0.05,0.046,0.043,0.041,0.039,0.039,0.038,0.036,0.033,0.031,0.03
20,Male,0.017,0.017,0.017,0.018,0.018,0.018,0.018,0.018,0.018,0.018,0.018,0.018,0.019,0.019,0.019,0.019,0.02,0.02,0.02,0.021,0.022,0.021,0.02,0.02,0.019,0.018,0.018,0.017,0.017,0.017,0.017,0.017,0.017,0.019,0.018,0.017,0.018,0.019,0.02,0.022,0.025,0.027,0.03,0.034,0.037,0.038,0.044,0.05,0.056,0.062,0.067,0.073,0.079,0.082,0.084,0.083,0.08,0.076,0.073,0.071,0.068,0.065,0.06,0.055,0.051,0.048,0.045,0.042,0.041,0.04,0.04,0.037,0.034,0.032
21,Male,0.018,0.018,0.018,0.018,0.018,0.018,0.019,0.019,0.019,0.019,0.019,0.019,0.019,0.019,0.019,0.02,0.02,0.02,0.021,0.02,0.021,0.022,0.021,0.021,0.02,0.019,0.018,0.018,0.017,0.017,0.017,0.017,0.017,0.018,0.018,0.018,0.018,0.019,0.02,0.023,0.025,0.028,0.032,0.035,0.039,0.04,0.046,0.052,0.059,0.065,0.071,0.078,0.085,0.088,0.091,0.091,0.088,0.084,0.08,0.076,0.073,0.071,0.067,0.061,0.056,0.053,0.05,0.047,0.044,0.042,0.042,0.041,0.038,0.034
22,Male,0.019,0.019,0.019,0.019,0.019,0.019,0.019,0.019,0.019,0.019,0.019,0.019,0.019,0.019,0.019,0.02,0.02,0.02,0.02,0.021,0.02,0.021,0.022,0.021,0.02,0.02,0.019,0.018,0.017,0.017,0.017,0.017,0.017,0.018,0.017,0.017,0.018,0.019,0.02,0.023,0.025,0.029,0.033,0.037,0.041,0.041,0.047,0.054,0.061,0.068,0.075,0.083,0.09,0.095,0.098,0.098,0.097,0.092,0.087,0.083,0.079,0.077,0.073,0.068,0.063,0.057,0.054,0.051,0.048,0.045,0.044,0.043,0.041,0.037
23,Male,0.019,0.019,0.019,0.019,0.019,0.019,0.019,0.019,0.019,0.019,0.019,0.019,0.019,0.019,0.019,0.019,0.019,0.02,0.02,0.02,0.02,0.02,0.021,0.021,0.021,0.02,0.019,0.018,0.017,0.017,0.017,0.017,0.017,0.018,0.017,0.017,0.018,0.019,0.02,0.023,0.025,0.029,0.033,0.038,0.042,0.042,0.049,0.056,0.063,0.07,0.078,0.086,0.095,0.1,0.104,0.105,0.103,0.1,0.095,0.09,0.085,0.082,0.078,0.074,0.069,0.063,0.058,0.054,0.052,0.048,0.045,0.045,0.042,0.04
24,Male,0.019,0.019,0.019,0.019,0.019,0.019,0.019,0.019,0.019,0.019,0.019,0.019,0.019,0.019,0.019,0.019,0.019,0.019,0.019,0.019,0.02,0.02,0.02,0.02,0.021,0.02,0.019,0.018,0.017,0.017,0.016,0.016,0.016,0.017,0.016,0.016,0.017,0.018,0.02,0.022,0.025,0.028,0.033,0.038,0.043,0.043,0.05,0.057,0.064,0.072,0.08,0.089,0.099,0.105,0.11,0.111,0.11,0.106,0.101,0.097,0.092,0.089,0.083,0.079,0.074,0.068,0.063,0.057,0.055,0.051,0.046,0.048,0.042,0.041
25,Male,0.018,0.018,0.018,0.018,0.018,0.018,0.019,0.019,0.019,0.019,0.019,0.019,0.019,0.019,0.018,0.018,0.018,0.018,0.018,0.019,0.019,0.019,0.019,0.019,0.019,0.02,0.019,0.018,0.017,0.017,0.016,0.016,0.016,0.017,0.016,0.016,0.016,0.018,0.019,0.022,0.025,0.028,0.033,0.038,0.043,0.044,0.051,0.059,0.066,0.074,0.082,0.092,0.104,0.11,0.116,0.118,0.117,0.113,0.108,0.104,0.099,0.097,0.091,0.084,0.079,0.074,0.068,0.062,0.058,0.054,0.047,0.054,0.044,0.041
26,Male,0.018,0.018,0.018,0.018,0.018,0.018,0.018,0.018,0.018,0.018,0.018,0.018,0.018,0.018,0.018,0.018,0.018,0.018,0.018,0.018,0.018,0.018,0.019,0.019,0.018,0.019,0.019,0.018,0.018,0.017,0.016,0.016,0.016,0.016,0.015,0.015,0.016,0.017,0.019,0.022,0.025,0.028,0.033,0.038,0.043,0.044,0.052,0.06,0.068,0.075,0.084,0.094,0.106,0.113,0.12,0.122,0.122,0.118,0.113,0.109,0.105,0.103,0.097,0.091,0.083,0.078,0.073,0.066,0.061,0.056,0.047,0.058,0.046,0.042
27,Male,0.018,0.018,0.018,0.018,0.018,0.018,0.018,0.018,0.018,0.018,0.018,0.018,0.018,0.018,0.017,0.017,0.017,0.017,0.017,0.017,0.018,0.018,0.018,0.018,0.018,0.018,0.018,0.018,0.018,0.017,0.016,0.016,0.016,0.016,0.015,0.015,0.015,0.017,0.018,0.021,0.024,0.028,0.033,0.038,0.044,0.045,0.052,0.061,0.07,0.078,0.086,0.096,0.109,0.117,0.124,0.128,0.128,0.125,0.119,0.115,0.111,0.11,0.104,0.098,0.091,0.082,0.077,0.071,0.066,0.059,0.049,0.062,0.048,0.044
28,Male,0.018,0.018,0.018,0.018,0.018,0.018,0.018,0.018,0.018,0.018,0.018,0.018,0.017,0.017,0.017,0.017,0.017,0.017,0.017,0.017,0.017,0.017,0.018,0.018,0.018,0.018,0.017,0.018,0.018,0.017,0.017,0.016,0.016,0.016,0.015,0.015,0.015,0.016,0.018,0.021,0.024,0.028,0.033,0.039,0.044,0.045,0.052,0.062,0.071,0.08,0.088,0.098,0.111,0.119,0.127,0.131,0.133,0.13,0.124,0.12,0.116,0.115,0.109,0.103,0.096,0.088,0.081,0.074,0.07,0.063,0.052,0.065,0.05,0.045
29,Male,0.018,0.018,0.018,0.018,0.018,0.018,0.018,0.018,0.017,0.017,0.017,0.017,0.017,0.017,0.017,0.016,0.016,0.016,0.016,0.017,0.017,0.017,0.017,0.017,0.017,0.017,0.017,0.017,0.017,0.017,0.017,0.017,0.016,0.017,0.015,0.015,0.015,0.016,0.017,0.02,0.024,0.028,0.033,0.039,0.045,0.045,0.053,0.062,0.072,0.081,0.09,0.1,0.113,0.121,0.129,0.134,0.136,0.134,0.127,0.124,0.119,0.12,0.114,0.108,0.101,0.093,0.087,0.077,0.073,0.067,0.056,0.069,0.051,0.047
30,Male,0.018,0.018,0.018,0.018,0.018,0.018,0.018,0.018,0.018,0.017,0.017,0.017,0.017,0.017,0.017,0.016,0.016,0.016,0.016,0.017,0.017,0.017,0.017,0.017,0.017,0.017,0.017,0.017,0.016,0.017,0.018,0.017,0.017,0.017,0.016,0.015,0.016,0.016,0.018,0.02,0.023,0.028,0.033,0.039,0.046,0.046,0.054,0.063,0.073,0.084,0.093,0.104,0.117,0.125,0.133,0.137,0.139,0.138,0.132,0.128,0.124,0.125,0.12,0.114,0.106,0.098,0.092,0.084,0.076,0.07,0.06,0.074,0.054,0.048
31,Male,0.018,0.018,0.018,0.018,0.017,0.017,0.017,0.017,0.017,0.017,0.017,0.017,0.017,0.017,0.016,0.016,0.016,0.016,0.016,0.016,0.016,0.016,0.017,0.017,0.017,0.017,0.017,0.017,0.016,0.016,0.017,0.018,0.017,0.018,0.016,0.016,0.016,0.016,0.017,0.02,0.023,0.027,0.033,0.039,0.045,0.047,0.054,0.063,0.073,0.084,0.095,0.106,0.12,0.126,0.133,0.137,0.14,0.139,0.133,0.13,0.126,0.128,0.122,0.117,0.109,0.101,0.095,0.087,0.081,0.072,0.062,0.078,0.056,0.05
32,Male,0.018,0.018,0.018,0.018,0.018,0.018,0.018,0.018,0.018,0.017,0.017,0.017,0.017,0.017,0.016,0.016,0.016,0.016,0.016,0.016,0.016,0.017,0.017,0.017,0.017,0.017,0.017,0.017,0.017,0.017,0.016,0.017,0.018,0.019,0.017,0.017,0.016,0.017,0.018,0.021,0.023,0.027,0.033,0.039,0.045,0.047,0.055,0.064,0.075,0.085,0.096,0.109,0.124,0.13,0.136,0.139,0.141,0.14,0.135,0.132,0.128,0.131,0.126,0.119,0.113,0.105,0.099,0.09,0.085,0.077,0.064,0.082,0.059,0.053
33,Male,0.018,0.018,0.018,0.018,0.018,0.018,0.018,0.018,0.018,0.017,0.017,0.017,0.017,0.017,0.016,0.016,0.016,0.016,0.016,0.016,0.016,0.017,0.017,0.017,0.017,0.017,0.017,0.017,0.017,0.017,0.017,0.017,0.017,0.02,0.018,0.017,0.017,0.018,0.019,0.021,0.024,0.028,0.033,0.039,0.045,0.047,0.055,0.065,0.076,0.086,0.096,0.111,0.128,0.135,0.141,0.142,0.143,0.141,0.136,0.133,0.131,0.133,0.129,0.123,0.115,0.108,0.102,0.093,0.087,0.08,0.069,0.086,0.061,0.055
34,Male,0.018,0.018,0.018,0.018,0.018,0.018,0.018,0.018,0.018,0.018,0.017,0.017,0.017,0.017,0.016,0.016,0.016,0.016,0.016,0.016,0.016,0.016,0.017,0.017,0.017,0.017,0.017,0.017,0.016,0.017,0.017,0.017,0.017,0.019,0.019,0.018,0.018,0.018,0.019,0.022,0.024,0.028,0.033,0.039,0.045,0.047,0.055,0.066,0.078,0.088,0.098,0.112,0.13,0.141,0.147,0.148,0.146,0.143,0.137,0.135,0.132,0.136,0.13,0.126,0.119,0.11,0.106,0.097,0.091,0.083,0.073,0.093,0.063,0.057
35,Male,0.018,0.018,0.018,0.018,0.018,0.018,0.018,0.018,0.018,0.018,0.018,0.017,0.017,0.017,0.017,0.016,0.016,0.016,0.016,0.016,0.016,0.016,0.017,0.017,0.017,0.017,0.017,0.017,0.017,0.017,0.017,0.017,0.017,0.019,0.018,0.019,0.019,0.019,0.02,0.023,0.025,0.029,0.034,0.04,0.046,0.047,0.055,0.066,0.079,0.089,0.099,0.112,0.131,0.143,0.153,0.155,0.152,0.146,0.138,0.135,0.133,0.137,0.133,0.127,0.121,0.114,0.108,0.101,0.094,0.086,0.077,0.098,0.067,0.059
36,Male,0.018,0.018,0.018,0.018,0.018,0.018,0.018,0.018,0.018,0.018,0.018,0.018,0.017,0.017,0.017,0.016,0.016,0.016,0.016,0.016,0.016,0.016,0.016,0.017,0.017,0.017,0.017,0.017,0.016,0.017,0.017,0.017,0.018,0.019,0.018,0.019,0.02,0.02,0.021,0.024,0.026,0.03,0.035,0.04,0.046,0.047,0.055,0.065,0.078,0.089,0.1,0.113,0.13,0.142,0.154,0.159,0.158,0.15,0.138,0.134,0.132,0.136,0.132,0.128,0.12,0.114,0.11,0.1,0.096,0.088,0.079,0.102,0.07,0.063
37,Male,0.017,0.018,0.018,0.018,0.018,0.018,0.018,0.018,0.018,0.018,0.018,0.018,0.017,0.017,0.017,0.016,0.016,0.016,0.016,0.016,0.016,0.016,0.016,0.016,0.017,0.017,0.017,0.016,0.016,0.017,0.017,0.017,0.018,0.019,0.018,0.018,0.019,0.021,0.023,0.025,0.028,0.031,0.036,0.041,0.047,0.048,0.055,0.065,0.078,0.089,0.1,0.113,0.13,0.141,0.153,0.161,0.164,0.157,0.142,0.135,0.131,0.136,0.132,0.128,0.121,0.113,0.11,0.103,0.096,0.09,0.082,0.106,0.071,0.065
38,Male,0.017,0.018,0.018,0.018,0.018,0.018,0.018,0.019,0.018,0.018,0.018,0.018,0.018,0.017,0.017,0.017,0.016,0.016,0.016,0.016,0.016,0.016,0.016,0.016,0.016,0.017,0.017,0.017,0.017,0.017,0.017,0.017,0.018,0.02,0.019,0.019,0.019,0.021,0.024,0.026,0.029,0.033,0.037,0.042,0.048,0.049,0.056,0.065,0.077,0.088,0.098,0.112,0.129,0.138,0.149,0.157,0.164,0.161,0.147,0.136,0.129,0.132,0.129,0.125,0.119,0.113,0.107,0.102,0.097,0.089,0.085,0.109,0.073,0.066
39,Male,0.017,0.017,0.018,0.018,0.018,0.018,0.018,0.019,0.018,0.018,0.018,0.018,0.018,0.017,0.017,0.017,0.016,0.016,0.016,0.016,0.016,0.016,0.016,0.016,0.016,0.016,0.017,0.017,0.017,0.017,0.017,0.017,0.018,0.02,0.019,0.019,0.02,0.021,0.023,0.027,0.031,0.034,0.039,0.044,0.049,0.049,0.056,0.064,0.076,0.086,0.097,0.11,0.127,0.136,0.145,0.151,0.159,0.161,0.152,0.14,0.129,0.129,0.125,0.122,0.116,0.11,0.107,0.098,0.096,0.09,0.085,0.113,0.074,0.067
40,Male,0.018,0.018,0.018,0.018,0.018,0.018,0.018,0.019,0.019,0.019,0.019,0.018,0.018,0.018,0.017,0.017,0.017,0.016,0.016,0.016,0.016,0.016,0.016,0.016,0.016,0.016,0.016,0.017,0.017,0.017,0.017,0.018,0.018,0.02,0.019,0.019,0.02,0.021,0.023,0.027,0.032,0.036,0.041,0.046,0.051,0.051,0.057,0.065,0.076,0.086,0.096,0.109,0.126,0.135,0.143,0.147,0.153,0.157,0.153,0.147,0.134,0.13,0.122,0.118,0.114,0.108,0.105,0.099,0.093,0.09,0.088,0.114,0.076,0.069
41,Male,0.017,0.017,0.017,0.017,0.018,0.018,0.018,0.018,0.018,0.018,0.018,0.018,0.018,0.018,0.017,0.017,0.016,0.016,0.016,0.016,0.016,0.016,0.016,0.016,0.016,0.016,0.016,0.016,0.016,0.017,0.017,0.017,0.018,0.02,0.019,0.019,0.02,0.021,0.023,0.026,0.031,0.037,0.042,0.047,0.052,0.052,0.058,0.065,0.075,0.084,0.094,0.106,0.122,0.131,0.139,0.143,0.145,0.147,0.145,0.145,0.139,0.133,0.12,0.114,0.108,0.104,0.101,0.096,0.092,0.086,0.087,0.115,0.074,0.069
42,Male,0.017,0.017,0.018,0.018,0.018,0.018,0.018,0.018,0.019,0.019,0.019,0.019,0.018,0.018,0.018,0.017,0.017,0.017,0.016,0.016,0.016,0.016,0.016,0.016,0.016,0.016,0.016,0.016,0.016,0.017,0.017,0.018,0.018,0.02,0.019,0.02,0.02,0.022,0.024,0.027,0.031,0.036,0.044,0.049,0.054,0.054,0.06,0.066,0.075,0.084,0.092,0.105,0.12,0.128,0.136,0.139,0.141,0.139,0.136,0.137,0.138,0.139,0.123,0.111,0.104,0.099,0.097,0.093,0.09,0.086,0.085,0.115,0.075,0.069
43,Male,0.017,0.017,0.017,0.018,0.018,0.018,0.018,0.018,0.018,0.018,0.019,0.018,0.018,0.018,0.018,0.017,0.017,0.017,0.016,0.016,0.016,0.016,0.016,0.016,0.016,0.016,0.016,0.016,0.016,0.016,0.017,0.018,0.018,0.02,0.019,0.019,0.02,0.022,0.024,0.028,0.031,0.036,0.042,0.05,0.056,0.056,0.061,0.068,0.076,0.083,0.091,0.103,0.118,0.126,0.134,0.137,0.138,0.135,0.13,0.129,0.13,0.139,0.131,0.115,0.102,0.096,0.092,0.09,0.087,0.084,0.086,0.112,0.074,0.069
44,Male,0.017,0.017,0.017,0.017,0.018,0.018,0.018,0.018,0.018,0.018,0.018,0.019,0.018,0.018,0.018,0.018,0.017,0.017,0.017,0.016,0.016,0.016,0.016,0.016,0.016,0.016,0.016,0.016,0.016,0.016,0.017,0.018,0.018,0.02,0.019,0.02,0.021,0.022,0.024,0.028,0.032,0.036,0.042,0.049,0.057,0.059,0.064,0.07,0.078,0.084,0.091,0.102,0.116,0.125,0.132,0.135,0.136,0.133,0.127,0.123,0.122,0.129,0.132,0.124,0.106,0.094,0.09,0.085,0.084,0.081,0.085,0.112,0.072,0.069
45,Male,0.017,0.017,0.017,0.018,0.018,0.018,0.018,0.018,0.018,0.018,0.018,0.019,0.019,0.019,0.018,0.018,0.017,0.017,0.017,0.017,0.017,0.016,0.016,0.016,0.016,0.016,0.016,0.016,0.016,0.016,0.017,0.017,0.018,0.02,0.019,0.02,0.021,0.022,0.025,0.028,0.032,0.037,0.043,0.048,0.056,0.061,0.067,0.073,0.08,0.086,0.091,0.101,0.115,0.123,0.132,0.135,0.135,0.132,0.126,0.121,0.118,0.121,0.122,0.125,0.116,0.098,0.088,0.083,0.08,0.079,0.084,0.111,0.072,0.067
46,Male,0.016,0.017,0.017,0.017,0.018,0.018,0.018,0.018,0.018,0.018,0.018,0.018,0.018,0.019,0.018,0.018,0.018,0.017,0.017,0.017,0.017,0.017,0.016,0.016,0.016,0.016,0.016,0.016,0.016,0.016,0.017,0.017,0.018,0.02,0.019,0.02,0.021,0.022,0.025,0.028,0.032,0.037,0.043,0.049,0.054,0.059,0.068,0.075,0.082,0.087,0.092,0.101,0.113,0.121,0.129,0.134,0.135,0.132,0.124,0.12,0.116,0.117,0.113,0.114,0.117,0.108,0.091,0.081,0.078,0.076,0.083,0.108,0.071,0.067
47,Male,0.016,0.017,0.017,0.017,0.018,0.018,0.018,0.018,0.018,0.018,0.018,0.018,0.019,0.019,0.019,0.018,0.018,0.018,0.017,0.017,0.017,0.017,0.017,0.016,0.016,0.016,0.016,0.016,0.016,0.016,0.017,0.017,0.018,0.02,0.019,0.02,0.021,0.023,0.025,0.029,0.032,0.037,0.043,0.049,0.055,0.057,0.066,0.077,0.085,0.089,0.094,0.101,0.112,0.118,0.126,0.132,0.135,0.132,0.124,0.118,0.115,0.115,0.11,0.105,0.105,0.109,0.102,0.085,0.076,0.074,0.08,0.105,0.069,0.067
48,Male,0.016,0.017,0.017,0.017,0.018,0.018,0.018,0.018,0.019,0.019,0.019,0.019,0.019,0.019,0.019,0.019,0.019,0.018,0.018,0.018,0.017,0.017,0.017,0.017,0.017,0.016,0.016,0.016,0.016,0.016,0.017,0.017,0.018,0.02,0.019,0.02,0.021,0.023,0.025,0.029,0.033,0.038,0.043,0.049,0.055,0.058,0.064,0.074,0.086,0.092,0.096,0.103,0.112,0.117,0.124,0.129,0.133,0.133,0.126,0.118,0.113,0.114,0.109,0.104,0.097,0.098,0.104,0.096,0.08,0.072,0.079,0.101,0.068,0.066
49,Male,0.016,0.017,0.017,0.017,0.018,0.018,0.018,0.019,0.019,0.019,0.019,0.019,0.019,0.019,0.019,0.019,0.019,0.019,0.019,0.018,0.018,0.018,0.017,0.017,0.017,0.017,0.017,0.016,0.016,0.016,0.017,0.017,0.018,0.02,0.019,0.02,0.021,0.023,0.026,0.029,0.033,0.038,0.043,0.049,0.055,0.058,0.065,0.071,0.083,0.093,0.097,0.104,0.112,0.116,0.121,0.125,0.129,0.131,0.126,0.12,0.113,0.112,0.108,0.103,0.097,0.09,0.092,0.098,0.091,0.076,0.077,0.098,0.066,0.064
50,Male,0.017,0.017,0.017,0.018,0.018,0.018,0.019,0.019,0.019,0.019,0.019,0.019,0.019,0.019,0.019,0.019,0.019,0.019,0.019,0.019,0.019,0.019,0.018,0.018,0.018,0.017,0.017,0.017,0.017,0.017,0.017,0.017,0.018,0.02,0.019,0.02,0.022,0.024,0.026,0.03,0.034,0.038,0.044,0.05,0.055,0.058,0.065,0.073,0.08,0.09,0.099,0.106,0.114,0.117,0.121,0.123,0.126,0.128,0.126,0.122,0.116,0.112,0.107,0.103,0.097,0.091,0.084,0.087,0.094,0.087,0.083,0.097,0.065,0.063
51,Male,0.017,0.017,0.017,0.017,0.018,0.018,0.018,0.019,0.019,0.019,0.019,0.019,0.019,0.019,0.019,0.019,0.019,0.019,0.019,0.019,0.019,0.019,0.019,0.018,0.018,0.018,0.017,0.017,0.017,0.017,0.017,0.017,0.018,0.019,0.019,0.02,0.021,0.023,0.026,0.03,0.033,0.038,0.043,0.049,0.054,0.057,0.064,0.071,0.079,0.085,0.094,0.105,0.114,0.116,0.119,0.12,0.121,0.122,0.121,0.12,0.116,0.113,0.105,0.099,0.096,0.09,0.085,0.078,0.081,0.088,0.094,0.101,0.064,0.061
52,Male,0.017,0.017,0.017,0.018,0.018,0.018,0.018,0.019,0.019,0.019,0.02,0.02,0.02,0.02,0.02,0.02,0.02,0.02,0.02,0.02,0.02,0.02,0.019,0.019,0.019,0.018,0.018,0.018,0.017,0.017,0.017,0.018,0.018,0.02,0.019,0.02,0.021,0.023,0.026,0.03,0.034,0.038,0.043,0.049,0.054,0.057,0.063,0.07,0.078,0.085,0.09,0.101,0.113,0.116,0.118,0.119,0.118,0.117,0.116,0.116,0.115,0.114,0.106,0.098,0.093,0.089,0.085,0.08,0.074,0.078,0.097,0.114,0.067,0.06
53,Male,0.017,0.017,0.017,0.017,0.018,0.018,0.018,0.019,0.019,0.019,0.02,0.02,0.02,0.02,0.02,0.02,0.02,0.02,0.02,0.02,0.02,0.02,0.02,0.019,0.019,0.019,0.018,0.018,0.018,0.017,0.017,0.018,0.018,0.019,0.019,0.019,0.021,0.023,0.025,0.029,0.033,0.038,0.043,0.048,0.053,0.056,0.062,0.069,0.076,0.083,0.089,0.096,0.107,0.114,0.117,0.117,0.116,0.114,0.111,0.111,0.111,0.113,0.108,0.1,0.091,0.086,0.084,0.08,0.076,0.071,0.086,0.116,0.076,0.064
54,Male,0.017,0.017,0.017,0.017,0.018,0.018,0.018,0.019,0.019,0.019,0.02,0.02,0.02,0.02,0.02,0.02,0.02,0.02,0.02,0.02,0.02,0.02,0.02,0.02,0.02,0.019,0.019,0.019,0.018,0.018,0.018,0.018,0.018,0.019,0.019,0.019,0.021,0.023,0.025,0.029,0.032,0.037,0.042,0.047,0.052,0.055,0.061,0.067,0.074,0.081,0.087,0.095,0.103,0.109,0.114,0.115,0.114,0.111,0.109,0.107,0.106,0.11,0.108,0.102,0.094,0.085,0.082,0.08,0.077,0.073,0.079,0.102,0.079,0.073
55,Male,0.016,0.017,0.017,0.017,0.018,0.018,0.018,0.018,0.019,0.019,0.019,0.02,0.02,0.02,0.02,0.02,0.02,0.02,0.02,0.02,0.02,0.02,0.021,0.02,0.02,0.02,0.019,0.019,0.019,0.018,0.018,0.018,0.018,0.019,0.019,0.019,0.02,0.022,0.025,0.028,0.032,0.036,0.041,0.047,0.052,0.054,0.059,0.066,0.072,0.079,0.084,0.093,0.102,0.106,0.111,0.113,0.112,0.11,0.108,0.106,0.103,0.105,0.106,0.104,0.097,0.089,0.081,0.078,0.077,0.075,0.082,0.093,0.07,0.076
56,Male,0.016,0.017,0.017,0.017,0.018,0.018,0.018,0.018,0.019,0.019,0.019,0.02,0.02,0.02,0.02,0.02,0.02,0.02,0.02,0.02,0.02,0.021,0.021,0.021,0.021,0.02,0.02,0.02,0.019,0.019,0.018,0.018,0.018,0.02,0.019,0.019,0.02,0.022,0.024,0.028,0.031,0.035,0.04,0.046,0.051,0.053,0.058,0.064,0.07,0.076,0.081,0.09,0.099,0.104,0.107,0.109,0.109,0.107,0.105,0.104,0.102,0.101,0.099,0.101,0.099,0.092,0.084,0.077,0.075,0.075,0.084,0.095,0.065,0.067
57,Male,0.016,0.017,0.017,0.017,0.018,0.018,0.018,0.018,0.019,0.019,0.019,0.02,0.02,0.02,0.02,0.021,0.02,0.02,0.02,0.02,0.02,0.021,0.021,0.021,0.021,0.021,0.021,0.02,0.02,0.019,0.019,0.019,0.019,0.02,0.019,0.019,0.02,0.022,0.024,0.027,0.031,0.035,0.039,0.044,0.049,0.052,0.057,0.063,0.068,0.075,0.079,0.087,0.095,0.101,0.106,0.107,0.107,0.104,0.103,0.102,0.101,0.101,0.097,0.095,0.097,0.095,0.088,0.081,0.074,0.073,0.086,0.097,0.068,0.062
58,Male,0.016,0.017,0.017,0.017,0.018,0.018,0.019,0.019,0.019,0.019,0.019,0.02,0.02,0.02,0.021,0.021,0.021,0.021,0.021,0.021,0.021,0.021,0.021,0.021,0.021,0.021,0.021,0.021,0.021,0.02,0.02,0.02,0.019,0.021,0.02,0.02,0.02,0.022,0.024,0.027,0.03,0.034,0.039,0.044,0.048,0.051,0.056,0.062,0.067,0.074,0.078,0.085,0.093,0.098,0.104,0.106,0.106,0.103,0.101,0.1,0.1,0.101,0.098,0.094,0.092,0.094,0.092,0.086,0.079,0.073,0.085,0.098,0.07,0.065
59,Male,0.016,0.017,0.017,0.018,0.018,0.018,0.019,0.019,0.019,0.019,0.02,0.02,0.02,0.021,0.021,0.021,0.021,0.021,0.021,0.022,0.022,0.022,0.022,0.022,0.022,0.022,0.022,0.022,0.021,0.021,0.021,0.02,0.02,0.021,0.02,0.02,0.021,0.022,0.024,0.027,0.03,0.034,0.038,0.043,0.047,0.05,0.055,0.061,0.066,0.072,0.078,0.085,0.091,0.095,0.101,0.105,0.106,0.104,0.101,0.099,0.098,0.1,0.099,0.096,0.091,0.089,0.092,0.091,0.085,0.079,0.086,0.097,0.071,0.068
60,Male,0.017,0.017,0.018,0.018,0.018,0.019,0.019,0.02,0.02,0.02,0.02,0.021,0.021,0.021,0.021,0.022,0.022,0.022,0.022,0.022,0.023,0.023,0.023,0.022,0.023,0.023,0.023,0.023,0.023,0.022,0.022,0.022,0.021,0.022,0.021,0.021,0.022,0.023,0.024,0.027,0.03,0.034,0.038,0.043,0.047,0.049,0.054,0.06,0.067,0.073,0.078,0.086,0.093,0.096,0.099,0.103,0.106,0.106,0.104,0.101,0.099,0.099,0.1,0.099,0.096,0.09,0.088,0.093,0.091,0.086,0.095,0.098,0.072,0.07
61,Male,0.017,0.017,0.017,0.018,0.018,0.019,0.019,0.019,0.02,0.02,0.02,0.021,0.021,0.021,0.021,0.022,0.022,0.022,0.022,0.023,0.023,0.023,0.023,0.023,0.023,0.023,0.023,0.023,0.023,0.023,0.023,0.022,0.022,0.023,0.022,0.021,0.022,0.023,0.025,0.027,0.03,0.033,0.037,0.041,0.045,0.048,0.052,0.058,0.064,0.071,0.076,0.084,0.092,0.095,0.098,0.099,0.102,0.104,0.104,0.101,0.098,0.097,0.096,0.097,0.097,0.093,0.087,0.086,0.09,0.09,0.101,0.104,0.072,0.07
62,Male,0.017,0.017,0.018,0.018,0.019,0.019,0.019,0.02,0.02,0.021,0.021,0.021,0.021,0.022,0.022,0.022,0.022,0.023,0.023,0.024,0.024,0.024,0.024,0.024,0.024,0.024,0.024,0.024,0.024,0.024,0.024,0.024,0.024,0.024,0.023,0.023,0.023,0.024,0.025,0.028,0.03,0.033,0.037,0.041,0.045,0.047,0.051,0.057,0.063,0.069,0.075,0.083,0.092,0.097,0.099,0.098,0.099,0.1,0.103,0.102,0.099,0.098,0.095,0.093,0.095,0.096,0.092,0.087,0.086,0.091,0.108,0.112,0.078,0.071
63,Male,0.017,0.018,0.018,0.018,0.019,0.019,0.02,0.02,0.02,0.021,0.021,0.022,0.022,0.022,0.022,0.022,0.023,0.023,0.023,0.024,0.024,0.025,0.025,0.025,0.025,0.024,0.024,0.025,0.025,0.024,0.025,0.025,0.025,0.026,0.024,0.024,0.024,0.025,0.026,0.028,0.031,0.033,0.036,0.04,0.043,0.045,0.05,0.055,0.06,0.066,0.072,0.08,0.089,0.095,0.1,0.099,0.097,0.096,0.098,0.1,0.1,0.098,0.095,0.093,0.091,0.093,0.094,0.092,0.086,0.085,0.108,0.117,0.083,0.076
64,Male,0.017,0.018,0.018,0.018,0.019,0.019,0.02,0.02,0.021,0.021,0.021,0.022,0.022,0.022,0.022,0.023,0.023,0.023,0.024,0.024,0.025,0.025,0.025,0.025,0.026,0.025,0.025,0.025,0.025,0.025,0.025,0.025,0.025,0.027,0.025,0.025,0.025,0.026,0.027,0.029,0.031,0.033,0.036,0.039,0.042,0.044,0.048,0.053,0.058,0.064,0.069,0.077,0.085,0.092,0.098,0.101,0.099,0.095,0.094,0.095,0.098,0.099,0.095,0.092,0.09,0.088,0.092,0.094,0.09,0.085,0.102,0.117,0.088,0.081
65,Male,0.017,0.018,0.018,0.018,0.019,0.019,0.02,0.02,0.021,0.021,0.021,0.022,0.022,0.023,0.023,0.023,0.023,0.023,0.024,0.024,0.025,0.025,0.026,0.026,0.026,0.026,0.026,0.026,0.026,0.026,0.026,0.026,0.026,0.028,0.026,0.026,0.026,0.027,0.028,0.03,0.031,0.034,0.036,0.039,0.041,0.042,0.046,0.051,0.056,0.061,0.066,0.073,0.081,0.088,0.095,0.1,0.101,0.097,0.092,0.09,0.092,0.096,0.096,0.092,0.09,0.088,0.086,0.092,0.093,0.09,0.102,0.109,0.088,0.085
66,Male,0.018,0.018,0.018,0.018,0.019,0.019,0.02,0.02,0.021,0.021,0.021,0.022,0.022,0.023,0.023,0.023,0.023,0.023,0.024,0.024,0.025,0.025,0.026,0.026,0.027,0.027,0.027,0.027,0.026,0.026,0.026,0.026,0.027,0.028,0.027,0.027,0.027,0.027,0.028,0.03,0.031,0.033,0.035,0.038,0.04,0.042,0.044,0.047,0.052,0.056,0.061,0.067,0.073,0.079,0.086,0.091,0.095,0.095,0.091,0.085,0.084,0.086,0.089,0.09,0.086,0.084,0.082,0.082,0.087,0.089,0.103,0.106,0.08,0.083
67,Male,0.018,0.018,0.018,0.019,0.019,0.019,0.02,0.02,0.021,0.021,0.021,0.022,0.022,0.023,0.023,0.023,0.023,0.023,0.024,0.024,0.025,0.025,0.026,0.026,0.027,0.027,0.027,0.027,0.027,0.027,0.027,0.027,0.027,0.029,0.028,0.028,0.028,0.028,0.029,0.03,0.031,0.033,0.035,0.037,0.039,0.041,0.043,0.044,0.048,0.052,0.055,0.061,0.066,0.07,0.076,0.081,0.085,0.088,0.088,0.084,0.079,0.077,0.079,0.082,0.083,0.08,0.078,0.077,0.077,0.083,0.102,0.107,0.077,0.076
68,Male,0.017,0.018,0.019,0.019,0.019,0.02,0.02,0.02,0.021,0.021,0.021,0.022,0.022,0.023,0.023,0.023,0.024,0.024,0.024,0.024,0.025,0.025,0.026,0.026,0.027,0.027,0.028,0.028,0.028,0.028,0.028,0.028,0.028,0.03,0.029,0.029,0.029,0.029,0.03,0.031,0.031,0.033,0.034,0.036,0.038,0.04,0.042,0.043,0.045,0.048,0.051,0.056,0.06,0.064,0.068,0.072,0.076,0.079,0.082,0.082,0.077,0.073,0.072,0.073,0.076,0.077,0.074,0.074,0.073,0.074,0.095,0.106,0.079,0.074
69,Male,0.017,0.018,0.018,0.019,0.019,0.02,0.02,0.02,0.021,0.021,0.021,0.022,0.022,0.023,0.023,0.023,0.024,0.024,0.024,0.024,0.025,0.025,0.026,0.026,0.027,0.027,0.028,0.028,0.028,0.028,0.029,0.029,0.029,0.03,0.029,0.029,0.03,0.03,0.031,0.031,0.032,0.033,0.034,0.035,0.037,0.039,0.041,0.043,0.044,0.045,0.047,0.051,0.055,0.058,0.061,0.064,0.067,0.07,0.074,0.076,0.076,0.072,0.068,0.066,0.068,0.071,0.072,0.07,0.07,0.071,0.085,0.099,0.078,0.076
70,Male,0.017,0.018,0.018,0.019,0.02,0.02,0.02,0.021,0.021,0.021,0.022,0.022,0.023,0.023,0.023,0.024,0.024,0.024,0.025,0.025,0.025,0.025,0.026,0.026,0.027,0.028,0.028,0.029,0.029,0.029,0.029,0.03,0.03,0.031,0.03,0.03,0.031,0.031,0.032,0.032,0.033,0.034,0.034,0.035,0.037,0.038,0.04,0.042,0.044,0.044,0.044,0.047,0.05,0.053,0.056,0.059,0.061,0.063,0.067,0.069,0.072,0.071,0.068,0.064,0.063,0.065,0.067,0.069,0.068,0.069,0.081,0.089,0.074,0.076
71,Male,0.016,0.017,0.017,0.018,0.019,0.019,0.02,0.02,0.02,0.021,0.021,0.021,0.022,0.022,0.023,0.023,0.023,0.024,0.024,0.024,0.024,0.025,0.025,0.026,0.026,0.027,0.027,0.028,0.028,0.029,0.029,0.03,0.03,0.031,0.03,0.03,0.03,0.031,0.032,0.033,0.033,0.033,0.034,0.034,0.035,0.037,0.038,0.04,0.041,0.043,0.043,0.044,0.046,0.048,0.051,0.053,0.055,0.056,0.059,0.062,0.064,0.066,0.066,0.063,0.059,0.059,0.06,0.064,0.066,0.065,0.078,0.084,0.066,0.071
72,Male,0.015,0.016,0.017,0.018,0.019,0.019,0.02,0.02,0.02,0.021,0.021,0.021,0.022,0.022,0.023,0.023,0.023,0.024,0.024,0.025,0.025,0.025,0.025,0.026,0.026,0.027,0.027,0.028,0.029,0.029,0.03,0.03,0.031,0.032,0.031,0.031,0.031,0.032,0.032,0.033,0.034,0.034,0.035,0.035,0.035,0.036,0.037,0.038,0.04,0.041,0.042,0.042,0.043,0.044,0.046,0.048,0.05,0.051,0.053,0.055,0.058,0.06,0.062,0.062,0.059,0.056,0.056,0.058,0.062,0.064,0.074,0.081,0.064,0.065
73,Male,0.015,0.015,0.016,0.017,0.018,0.018,0.019,0.02,0.02,0.02,0.02,0.021,0.021,0.022,0.022,0.022,0.023,0.023,0.023,0.024,0.024,0.025,0.025,0.025,0.026,0.026,0.027,0.027,0.028,0.029,0.029,0.03,0.03,0.032,0.031,0.031,0.031,0.032,0.032,0.033,0.034,0.034,0.034,0.035,0.035,0.035,0.036,0.037,0.038,0.039,0.04,0.041,0.041,0.041,0.042,0.044,0.045,0.046,0.048,0.049,0.051,0.054,0.056,0.058,0.059,0.056,0.053,0.053,0.056,0.06,0.072,0.077,0.061,0.062
74,Male,0.014,0.014,0.015,0.016,0.017,0.017,0.018,0.019,0.019,0.02,0.02,0.02,0.02,0.021,0.021,0.022,0.022,0.023,0.023,0.023,0.024,0.024,0.025,0.025,0.025,0.025,0.026,0.026,0.027,0.028,0.029,0.03,0.03,0.032,0.031,0.031,0.031,0.032,0.032,0.033,0.033,0.034,0.034,0.034,0.035,0.035,0.035,0.035,0.036,0.037,0.038,0.039,0.04,0.039,0.039,0.04,0.041,0.042,0.044,0.045,0.046,0.048,0.05,0.053,0.055,0.055,0.053,0.051,0.051,0.054,0.067,0.075,0.059,0.059
75,Male,0.013,0.013,0.014,0.015,0.015,0.016,0.017,0.018,0.018,0.019,0.019,0.019,0.02,0.02,0.02,0.021,0.021,0.022,0.022,0.023,0.023,0.023,0.024,0.024,0.024,0.025,0.025,0.025,0.026,0.027,0.028,0.029,0.029,0.031,0.031,0.031,0.031,0.031,0.032,0.032,0.033,0.033,0.034,0.034,0.034,0.034,0.034,0.034,0.035,0.035,0.036,0.036,0.037,0.038,0.037,0.037,0.037,0.038,0.039,0.041,0.042,0.043,0.045,0.047,0.05,0.052,0.053,0.051,0.049,0.05,0.06,0.07,0.057,0.057
76,Male,0.012,0.012,0.013,0.013,0.014,0.015,0.015,0.016,0.017,0.017,0.018,0.018,0.019,0.019,0.019,0.02,0.02,0.02,0.021,0.021,0.022,0.022,0.023,0.023,0.024,0.024,0.024,0.024,0.025,0.026,0.026,0.027,0.028,0.03,0.03,0.03,0.03,0.031,0.031,0.031,0.032,0.032,0.033,0.033,0.033,0.033,0.033,0.033,0.033,0.033,0.034,0.034,0.035,0.035,0.035,0.035,0.034,0.034,0.036,0.037,0.038,0.039,0.04,0.042,0.045,0.047,0.05,0.051,0.049,0.047,0.055,0.063,0.053,0.055
77,Male,0.01,0.011,0.011,0.012,0.013,0.013,0.014,0.015,0.015,0.016,0.017,0.017,0.017,0.018,0.018,0.018,0.019,0.019,0.02,0.02,0.021,0.021,0.021,0.022,0.022,0.023,0.023,0.023,0.024,0.024,0.025,0.026,0.027,0.028,0.028,0.029,0.029,0.03,0.03,0.031,0.031,0.031,0.031,0.032,0.032,0.032,0.032,0.032,0.032,0.032,0.032,0.032,0.032,0.033,0.033,0.033,0.032,0.032,0.032,0.033,0.034,0.035,0.037,0.038,0.04,0.043,0.045,0.048,0.049,0.047,0.052,0.057,0.048,0.052
78,Male,0.009,0.01,0.01,0.011,0.011,0.012,0.012,0.013,0.014,0.015,0.015,0.016,0.016,0.017,0.017,0.017,0.018,0.018,0.018,0.019,0.019,0.02,0.02,0.021,0.021,0.021,0.022,0.022,0.022,0.023,0.023,0.024,0.025,0.027,0.027,0.028,0.028,0.029,0.029,0.03,0.03,0.03,0.03,0.031,0.031,0.031,0.031,0.031,0.031,0.031,0.03,0.03,0.03,0.031,0.031,0.031,0.031,0.03,0.03,0.03,0.031,0.032,0.034,0.035,0.036,0.038,0.041,0.044,0.046,0.047,0.052,0.055,0.044,0.047
79,Male,0.008,0.008,0.009,0.009,0.01,0.01,0.011,0.011,0.012,0.013,0.013,0.014,0.015,0.015,0.015,0.016,0.016,0.016,0.017,0.017,0.018,0.018,0.019,0.019,0.019,0.02,0.02,0.021,0.021,0.021,0.022,0.022,0.023,0.025,0.025,0.026,0.026,0.027,0.028,0.028,0.029,0.029,0.029,0.029,0.029,0.029,0.03,0.03,0.029,0.029,0.029,0.028,0.028,0.028,0.029,0.029,0.029,0.029,0.028,0.028,0.028,0.029,0.03,0.032,0.033,0.035,0.037,0.039,0.042,0.044,0.051,0.054,0.042,0.043
80,Male,0.007,0.008,0.008,0.008,0.009,0.009,0.01,0.01,0.011,0.011,0.012,0.012,0.013,0.014,0.014,0.014,0.015,0.015,0.015,0.016,0.016,0.017,0.017,0.018,0.018,0.018,0.019,0.019,0.02,0.02,0.02,0.021,0.021,0.023,0.023,0.024,0.025,0.025,0.026,0.027,0.027,0.027,0.027,0.027,0.028,0.028,0.028,0.028,0.028,0.028,0.028,0.027,0.027,0.027,0.027,0.027,0.027,0.027,0.027,0.027,0.026,0.027,0.028,0.029,0.03,0.032,0.033,0.035,0.038,0.04,0.048,0.053,0.042,0.041
81,Male,0.006,0.006,0.007,0.007,0.007,0.008,0.008,0.008,0.009,0.009,0.01,0.011,0.011,0.012,0.012,0.013,0.013,0.013,0.014,0.014,0.014,0.015,0.015,0.016,0.016,0.016,0.017,0.017,0.018,0.018,0.018,0.019,0.019,0.02,0.021,0.021,0.022,0.023,0.024,0.024,0.025,0.025,0.026,0.026,0.026,0.026,0.026,0.027,0.027,0.027,0.026,0.026,0.026,0.025,0.025,0.026,0.026,0.026,0.026,0.026,0.026,0.025,0.026,0.027,0.028,0.029,0.031,0.032,0.034,0.037,0.043,0.05,0.042,0.041
82,Male,0.006,0.006,0.006,0.006,0.006,0.006,0.007,0.007,0.008,0.008,0.009,0.009,0.01,0.01,0.011,0.011,0.012,0.012,0.012,0.012,0.013,0.013,0.014,0.014,0.014,0.015,0.015,0.016,0.016,0.017,0.017,0.017,0.018,0.019,0.019,0.019,0.02,0.021,0.022,0.023,0.023,0.024,0.024,0.024,0.025,0.025,0.025,0.025,0.025,0.026,0.026,0.026,0.025,0.025,0.025,0.025,0.025,0.025,0.025,0.025,0.025,0.025,0.025,0.025,0.026,0.027,0.029,0.03,0.032,0.034,0.039,0.046,0.04,0.041
83,Male,0.005,0.005,0.005,0.005,0.005,0.005,0.006,0.006,0.006,0.007,0.007,0.008,0.008,0.009,0.009,0.01,0.01,0.01,0.011,0.011,0.011,0.012,0.012,0.012,0.013,0.013,0.013,0.014,0.014,0.015,0.015,0.016,0.016,0.017,0.017,0.017,0.018,0.019,0.019,0.02,0.021,0.021,0.022,0.022,0.023,0.023,0.023,0.023,0.024,0.024,0.024,0.024,0.024,0.024,0.023,0.023,0.023,0.023,0.024,0.024,0.024,0.024,0.024,0.024,0.024,0.025,0.026,0.028,0.029,0.03,0.035,0.041,0.036,0.038
84,Male,0.004,0.004,0.004,0.004,0.004,0.004,0.005,0.005,0.005,0.006,0.006,0.006,0.007,0.007,0.007,0.008,0.008,0.009,0.009,0.009,0.01,0.01,0.01,0.011,0.011,0.011,0.012,0.012,0.012,0.013,0.013,0.014,0.014,0.015,0.015,0.015,0.016,0.016,0.017,0.018,0.018,0.019,0.02,0.02,0.021,0.021,0.021,0.021,0.022,0.022,0.022,0.022,0.022,0.022,0.022,0.022,0.022,0.022,0.022,0.022,0.022,0.023,0.023,0.022,0.022,0.023,0.024,0.025,0.026,0.027,0.033,0.037,0.032,0.034
85,Male,0.003,0.003,0.003,0.003,0.004,0.004,0.004,0.004,0.004,0.004,0.005,0.005,0.005,0.006,0.006,0.006,0.007,0.007,0.008,0.008,0.008,0.008,0.009,0.009,0.009,0.009,0.01,0.01,0.011,0.011,0.011,0.012,0.012,0.013,0.013,0.013,0.013,0.014,0.014,0.015,0.016,0.016,0.017,0.018,0.018,0.019,0.019,0.019,0.019,0.02,0.02,0.02,0.02,0.02,0.02,0.02,0.02,0.02,0.02,0.02,0.02,0.021,0.021,0.021,0.021,0.021,0.021,0.022,0.023,0.024,0.03,0.033,0.027,0.03
86,Male,0.003,0.003,0.003,0.003,0.003,0.003,0.003,0.003,0.003,0.003,0.004,0.004,0.004,0.004,0.005,0.005,0.005,0.006,0.006,0.006,0.007,0.007,0.007,0.007,0.008,0.008,0.008,0.008,0.009,0.009,0.009,0.01,0.01,0.011,0.011,0.011,0.011,0.012,0.012,0.013,0.013,0.014,0.015,0.015,0.016,0.016,0.017,0.017,0.017,0.017,0.018,0.018,0.018,0.018,0.018,0.018,0.018,0.018,0.018,0.018,0.018,0.019,0.019,0.019,0.019,0.019,0.019,0.02,0.02,0.021,0.027,0.029,0.024,0.026
87,Male,0.002,0.002,0.002,0.002,0.002,0.002,0.002,0.002,0.003,0.003,0.003,0.003,0.003,0.003,0.004,0.004,0.004,0.004,0.005,0.005,0.005,0.006,0.006,0.006,0.006,0.006,0.007,0.007,0.007,0.007,0.008,0.008,0.008,0.009,0.009,0.009,0.009,0.01,0.01,0.011,0.011,0.012,0.012,0.013,0.013,0.014,0.014,0.014,0.015,0.015,0.015,0.015,0.016,0.016,0.016,0.016,0.016,0.016,0.016,0.016,0.016,0.016,0.017,0.017,0.017,0.017,0.017,0.017,0.018,0.018,0.024,0.025,0.02,0.021
88,Male,0.002,0.002,0.002,0.002,0.002,0.002,0.002,0.002,0.002,0.002,0.002,0.002,0.002,0.003,0.003,0.003,0.003,0.003,0.004,0.004,0.004,0.004,0.005,0.005,0.005,0.005,0.005,0.006,0.006,0.006,0.006,0.007,0.007,0.007,0.007,0.008,0.008,0.008,0.008,0.009,0.009,0.009,0.01,0.01,0.011,0.011,0.012,0.012,0.012,0.013,0.013,0.013,0.013,0.014,0.014,0.014,0.014,0.014,0.014,0.014,0.014,0.014,0.014,0.015,0.015,0.015,0.015,0.015,0.015,0.016,0.02,0.021,0.017,0.018
89,Male,0.001,0.001,0.001,0.001,0.001,0.001,0.001,0.001,0.001,0.002,0.002,0.002,0.002,0.002,0.002,0.002,0.002,0.003,0.003,0.003,0.003,0.003,0.004,0.004,0.004,0.004,0.004,0.004,0.004,0.005,0.005,0.005,0.005,0.006,0.006,0.006,0.006,0.006,0.007,0.007,0.007,0.007,0.008,0.008,0.009,0.009,0.009,0.01,0.01,0.01,0.011,0.011,0.011,0.011,0.012,0.012,0.012,0.012,0.012,0.012,0.012,0.012,0.012,0.012,0.013,0.013,0.013,0.013,0.013,0.013,0.017,0.017,0.014,0.015
90,Male,0.001,0.001,0.001,0.001,0.001,0.001,0.001,0.001,0.001,0.001,0.001,0.001,0.001,0.001,0.001,0.002,0.002,0.002,0.002,0.002,0.002,0.002,0.003,0.003,0.003,0.003,0.003,0.003,0.003,0.004,0.004,0.004,0.004,0.004,0.005,0.005,0.005,0.005,0.005,0.005,0.006,0.006,0.006,0.006,0.007,0.007,0.008,0.008,0.008,0.008,0.009,0.009,0.009,0.009,0.01,0.01,0.01,0.01,0.01,0.01,0.01,0.01,0.01,0.01,0.011,0.011,0.011,0.011,0.011,0.011,0.014,0.014,0.011,0.012
91,Male,0.001,0.001,0.001,0.001,0.001,0.001,0.001,0.001,0.001,0.001,0.001,0.001,0.001,0.001,0.001,0.001,0.001,0.001,0.001,0.002,0.002,0.002,0.002,0.002,0.002,0.002,0.002,0.002,0.003,0.003,0.003,0.003,0.003,0.003,0.003,0.004,0.004,0.004,0.004,0.004,0.004,0.004,0.005,0.005,0.005,0.005,0.006,0.006,0.006,0.007,0.007,0.007,0.007,0.007,0.008,0.008,0.008,0.008,0.008,0.008,0.009,0.009,0.009,0.009,0.009,0.009,0.009,0.009,0.009,0.01,0.012,0.012,0.009,0.009
92,Male,0.001,0.001,0.0,0.0,0.0,0.001,0.001,0.001,0.001,0.001,0.001,0.001,0.001,0.001,0.001,0.001,0.001,0.001,0.001,0.001,0.001,0.001,0.001,0.001,0.002,0.002,0.002,0.002,0.002,0.002,0.002,0.002,0.002,0.002,0.003,0.003,0.003,0.003,0.003,0.003,0.003,0.003,0.004,0.004,0.004,0.004,0.004,0.005,0.005,0.005,0.005,0.006,0.006,0.006,0.006,0.006,0.006,0.006,0.007,0.007,0.007,0.007,0.007,0.007,0.007,0.007,0.007,0.007,0.008,0.008,0.01,0.01,0.007,0.007
93,Male,0.0,0.0,0.0,0.0,0.0,0.0,0.0,0.0,0.0,0.0,0.0,0.0,0.0,0.0,0.0,0.001,0.001,0.001,0.001,0.001,0.001,0.001,0.001,0.001,0.001,0.001,0.001,0.001,0.001,0.001,0.001,0.002,0.002,0.002,0.002,0.002,0.002,0.002,0.002,0.002,0.002,0.003,0.003,0.003,0.003,0.003,0.003,0.003,0.004,0.004,0.004,0.004,0.004,0.004,0.005,0.005,0.005,0.005,0.005,0.005,0.005,0.006,0.006,0.006,0.006,0.006,0.006,0.006,0.006,0.006,0.008,0.008,0.005,0.006
94,Male,0.0,0.0,0.0,0.0,0.0,0.0,0.0,0.0,0.0,0.0,0.0,0.0,0.0,0.0,0.0,0.0,0.0,0.0,0.0,0.0,0.001,0.001,0.001,0.001,0.001,0.001,0.001,0.001,0.001,0.001,0.001,0.001,0.001,0.001,0.001,0.001,0.001,0.001,0.002,0.002,0.002,0.002,0.002,0.002,0.002,0.002,0.002,0.002,0.003,0.003,0.003,0.003,0.003,0.003,0.003,0.004,0.004,0.004,0.004,0.004,0.004,0.004,0.004,0.004,0.004,0.004,0.004,0.004,0.005,0.005,0.006,0.006,0.004,0.004
95,Male,0.0,0.0,0.0,0.0,0.0,0.0,0.0,0.0,0.0,0.0,0.0,0.0,0.0,0.0,0.0,0.0,0.0,0.0,0.0,0.0,0.0,0.0,0.0,0.0,0.0,0.001,0.001,0.001,0.001,0.001,0.001,0.001,0.001,0.001,0.001,0.001,0.001,0.001,0.001,0.001,0.001,0.001,0.001,0.001,0.001,0.002,0.002,0.002,0.002,0.002,0.002,0.002,0.002,0.002,0.002,0.003,0.003,0.003,0.003,0.003,0.003,0.003,0.003,0.003,0.003,0.003,0.003,0.003,0.003,0.003,0.005,0.004,0.003,0.003
96,Male,0.0,0.0,0.0,0.0,0.0,0.0,0.0,0.0,0.0,0.0,0.0,0.0,0.0,0.0,0.0,0.0,0.0,0.0,0.0,0.0,0.0,0.0,0.0,0.0,0.0,0.0,0.0,0.0,0.0,0.0,0.0,0.001,0.001,0.001,0.001,0.001,0.001,0.001,0.001,0.001,0.001,0.001,0.001,0.001,0.001,0.001,0.001,0.001,0.001,0.001,0.001,0.001,0.002,0.002,0.002,0.002,0.002,0.002,0.002,0.002,0.002,0.002,0.002,0.002,0.002,0.002,0.002,0.002,0.002,0.003,0.003,0.003,0.002,0.002
97,Male,0.0,0.0,0.0,0.0,0.0,0.0,0.0,0.0,0.0,0.0,0.0,0.0,0.0,0.0,0.0,0.0,0.0,0.0,0.0,0.0,0.0,0.0,0.0,0.0,0.0,0.0,0.0,0.0,0.0,0.0,0.0,0.0,0.0,0.0,0.0,0.0,0.0,0.0,0.0,0.0,0.001,0.001,0.001,0.001,0.001,0.001,0.001,0.001,0.001,0.001,0.001,0.001,0.001,0.001,0.001,0.001,0.001,0.001,0.001,0.001,0.001,0.002,0.002,0.002,0.002,0.002,0.002,0.002,0.002,0.002,0.002,0.002,0.001,0.002
98,Male,0.0,0.0,0.0,0.0,0.0,0.0,0.0,0.0,0.0,0.0,0.0,0.0,0.0,0.0,0.0,0.0,0.0,0.0,0.0,0.0,0.0,0.0,0.0,0.0,0.0,0.0,0.0,0.0,0.0,0.0,0.0,0.0,0.0,0.0,0.0,0.0,0.0,0.0,0.0,0.0,0.0,0.0,0.0,0.0,0.0,0.0,0.0,0.0,0.001,0.001,0.001,0.001,0.001,0.001,0.001,0.001,0.001,0.001,0.001,0.001,0.001,0.001,0.001,0.001,0.001,0.001,0.001,0.001,0.001,0.001,0.002,0.001,0.001,0.001
99,Male,0.0,0.0,0.0,0.0,0.0,0.0,0.0,0.0,0.0,0.0,0.0,0.0,0.0,0.0,0.0,0.0,0.0,0.0,0.0,0.0,0.0,0.0,0.0,0.0,0.0,0.0,0.0,0.0,0.0,0.0,0.0,0.0,0.0,0.0,0.0,0.0,0.0,0.0,0.0,0.0,0.0,0.0,0.0,0.0,0.0,0.0,0.0,0.0,0.0,0.0,0.0,0.0,0.0,0.0,0.0,0.001,0.001,0.001,0.001,0.001,0.001,0.001,0.001,0.001,0.001,0.001,0.001,0.001,0.001,0.001,0.001,0.001,0.001,0.001
100,Male,0.0,0.0,0.0,0.0,0.0,0.0,0.0,0.0,0.0,0.0,0.0,0.0,0.0,0.0,0.0,0.0,0.0,0.0,0.0,0.0,0.0,0.0,0.0,0.0,0.0,0.0,0.0,0.0,0.0,0.0,0.0,0.0,0.0,0.0,0.0,0.0,0.0,0.0,0.0,0.0,0.0,0.0,0.0,0.0,0.0,0.0,0.0,0.0,0.0,0.0,0.001,0.001,0.001,0.001,0.001,0.001,0.001,0.001,0.001,0.001,0.001,0.001,0.001,0.001,0.001,0.001,0.001,0.001,0.001,0.001,0.002,0.002,0.001,0.001
0,Female,0.897,0.909,0.914,0.919,0.925,0.932,0.939,0.946,0.954,0.963,0.971,0.98,0.988,0.995,1.001,1.009,1.022,1.032,1.046,1.062,1.076,1.087,1.094,1.098,1.1,1.098,1.105,1.098,1.087,1.072,1.056,1.039,1.015,1.077,0.965,0.933,0.899,0.865,0.838,0.837,0.837,0.85,0.882,0.922,0.958,0.94,0.979,1.028,1.087,1.157,1.213,1.256,1.271,1.283,1.289,1.276,1.239,1.19,1.143,1.066,0.968,0.89,0.825,0.777,0.735,0.695,0.663,0.634,0.61,0.584,0.561,0.54,0.519,0.497
1,Female,0.266,0.277,0.279,0.277,0.276,0.274,0.273,0.272,0.271,0.27,0.269,0.267,0.266,0.264,0.262,0.259,0.257,0.256,0.251,0.25,0.248,0.246,0.243,0.238,0.232,0.226,0.223,0.217,0.209,0.201,0.194,0.186,0.177,0.216,0.162,0.151,0.145,0.137,0.13,0.127,0.126,0.128,0.135,0.143,0.155,0.166,0.177,0.183,0.195,0.211,0.227,0.243,0.246,0.245,0.244,0.239,0.229,0.215,0.2,0.18,0.159,0.14,0.124,0.112,0.108,0.101,0.095,0.092,0.09,0.088,0.085,0.084,0.08,0.077
2,Female,0.148,0.153,0.16,0.161,0.16,0.159,0.158,0.158,0.157,0.156,0.156,0.155,0.154,0.153,0.152,0.15,0.148,0.147,0.143,0.141,0.139,0.138,0.136,0.134,0.131,0.127,0.126,0.123,0.119,0.115,0.111,0.107,0.102,0.118,0.094,0.087,0.085,0.081,0.078,0.076,0.075,0.077,0.082,0.086,0.095,0.103,0.115,0.118,0.121,0.129,0.139,0.149,0.152,0.152,0.151,0.146,0.139,0.132,0.122,0.109,0.098,0.087,0.077,0.068,0.065,0.062,0.059,0.056,0.055,0.053,0.052,0.051,0.049,0.047
3,Female,0.094,0.095,0.098,0.102,0.103,0.102,0.101,0.101,0.101,0.1,0.1,0.099,0.099,0.098,0.097,0.096,0.096,0.094,0.092,0.09,0.088,0.087,0.086,0.085,0.083,0.081,0.08,0.078,0.076,0.074,0.072,0.069,0.066,0.076,0.062,0.057,0.055,0.054,0.053,0.051,0.051,0.051,0.054,0.057,0.062,0.068,0.077,0.081,0.084,0.085,0.09,0.097,0.097,0.099,0.098,0.094,0.089,0.084,0.078,0.071,0.064,0.057,0.051,0.045,0.043,0.041,0.039,0.038,0.037,0.035,0.035,0.034,0.033,0.032
4,Female,0.059,0.06,0.061,0.063,0.066,0.066,0.066,0.066,0.065,0.065,0.065,0.065,0.064,0.064,0.063,0.063,0.062,0.062,0.061,0.059,0.058,0.057,0.056,0.055,0.054,0.053,0.053,0.051,0.05,0.049,0.048,0.047,0.045,0.053,0.042,0.039,0.038,0.037,0.037,0.037,0.036,0.036,0.038,0.04,0.043,0.047,0.053,0.056,0.06,0.061,0.062,0.066,0.066,0.067,0.066,0.065,0.061,0.057,0.052,0.049,0.044,0.039,0.036,0.032,0.03,0.029,0.027,0.027,0.026,0.025,0.025,0.025,0.024,0.023
5,Female,0.041,0.042,0.043,0.043,0.044,0.046,0.046,0.047,0.046,0.046,0.046,0.046,0.045,0.045,0.045,0.045,0.044,0.044,0.043,0.043,0.042,0.04,0.04,0.039,0.038,0.038,0.037,0.037,0.036,0.035,0.034,0.034,0.032,0.039,0.031,0.029,0.028,0.027,0.027,0.027,0.027,0.027,0.029,0.03,0.032,0.035,0.039,0.041,0.045,0.047,0.048,0.049,0.048,0.049,0.048,0.048,0.045,0.042,0.037,0.036,0.032,0.028,0.027,0.025,0.023,0.021,0.02,0.02,0.02,0.019,0.019,0.018,0.018,0.018
6,Female,0.031,0.032,0.032,0.033,0.033,0.034,0.036,0.036,0.036,0.036,0.036,0.036,0.035,0.035,0.035,0.035,0.035,0.034,0.034,0.033,0.033,0.032,0.031,0.03,0.03,0.029,0.029,0.028,0.028,0.027,0.026,0.026,0.025,0.03,0.025,0.023,0.022,0.022,0.021,0.021,0.022,0.022,0.024,0.024,0.026,0.028,0.033,0.034,0.037,0.04,0.041,0.042,0.04,0.041,0.04,0.04,0.039,0.036,0.031,0.03,0.027,0.024,0.023,0.021,0.02,0.018,0.017,0.017,0.016,0.016,0.016,0.015,0.015,0.014
7,Female,0.024,0.025,0.025,0.026,0.026,0.026,0.027,0.029,0.029,0.029,0.029,0.029,0.028,0.028,0.028,0.028,0.028,0.027,0.027,0.027,0.026,0.026,0.025,0.024,0.024,0.023,0.023,0.023,0.022,0.022,0.021,0.021,0.02,0.025,0.02,0.019,0.018,0.018,0.018,0.018,0.018,0.019,0.02,0.021,0.023,0.025,0.028,0.03,0.032,0.035,0.037,0.039,0.037,0.037,0.036,0.036,0.035,0.033,0.029,0.027,0.024,0.021,0.02,0.019,0.018,0.017,0.016,0.015,0.014,0.014,0.014,0.014,0.013,0.013
8,Female,0.02,0.02,0.021,0.021,0.021,0.022,0.022,0.023,0.024,0.024,0.024,0.024,0.024,0.024,0.023,0.023,0.023,0.023,0.023,0.022,0.022,0.022,0.021,0.021,0.02,0.019,0.019,0.019,0.018,0.018,0.018,0.017,0.017,0.021,0.017,0.016,0.015,0.015,0.015,0.015,0.015,0.016,0.018,0.019,0.02,0.022,0.025,0.027,0.029,0.032,0.034,0.036,0.035,0.035,0.033,0.033,0.032,0.03,0.027,0.026,0.022,0.019,0.019,0.017,0.016,0.016,0.015,0.014,0.013,0.013,0.012,0.012,0.012,0.011
9,Female,0.017,0.017,0.018,0.018,0.018,0.019,0.019,0.019,0.02,0.021,0.021,0.021,0.021,0.021,0.02,0.02,0.02,0.02,0.02,0.02,0.019,0.019,0.019,0.018,0.017,0.017,0.017,0.016,0.016,0.016,0.015,0.015,0.015,0.018,0.015,0.014,0.013,0.013,0.013,0.013,0.014,0.014,0.016,0.017,0.019,0.021,0.024,0.025,0.027,0.03,0.032,0.034,0.033,0.034,0.032,0.032,0.03,0.029,0.026,0.025,0.022,0.019,0.018,0.017,0.016,0.015,0.014,0.013,0.012,0.012,0.011,0.011,0.011,0.01
10,Female,0.016,0.016,0.016,0.016,0.016,0.017,0.017,0.017,0.017,0.018,0.019,0.019,0.019,0.019,0.019,0.019,0.018,0.018,0.018,0.018,0.018,0.017,0.017,0.017,0.016,0.016,0.015,0.015,0.014,0.014,0.014,0.014,0.013,0.016,0.013,0.012,0.012,0.012,0.012,0.012,0.013,0.013,0.014,0.016,0.018,0.02,0.022,0.024,0.026,0.028,0.03,0.032,0.032,0.033,0.032,0.032,0.03,0.028,0.025,0.024,0.022,0.019,0.018,0.016,0.015,0.014,0.013,0.013,0.012,0.012,0.011,0.011,0.01,0.01
11,Female,0.015,0.015,0.015,0.015,0.015,0.015,0.015,0.016,0.016,0.016,0.017,0.018,0.018,0.018,0.018,0.017,0.017,0.017,0.017,0.017,0.016,0.016,0.016,0.016,0.015,0.015,0.014,0.014,0.013,0.013,0.013,0.013,0.012,0.015,0.012,0.012,0.011,0.011,0.011,0.012,0.012,0.012,0.014,0.015,0.017,0.019,0.022,0.023,0.025,0.028,0.029,0.032,0.031,0.033,0.032,0.032,0.03,0.029,0.025,0.024,0.022,0.019,0.018,0.016,0.015,0.014,0.013,0.013,0.012,0.012,0.011,0.01,0.01,0.01
12,Female,0.014,0.014,0.014,0.014,0.014,0.015,0.015,0.015,0.015,0.016,0.016,0.016,0.017,0.017,0.017,0.017,0.017,0.017,0.016,0.016,0.016,0.016,0.015,0.015,0.015,0.014,0.014,0.013,0.013,0.013,0.012,0.012,0.012,0.014,0.012,0.011,0.011,0.011,0.011,0.011,0.012,0.012,0.014,0.015,0.017,0.019,0.022,0.024,0.026,0.029,0.03,0.033,0.033,0.034,0.034,0.034,0.033,0.031,0.027,0.026,0.023,0.02,0.019,0.017,0.016,0.015,0.014,0.013,0.013,0.012,0.012,0.011,0.01,0.01
13,Female,0.014,0.014,0.014,0.014,0.014,0.014,0.014,0.014,0.015,0.015,0.015,0.015,0.016,0.017,0.017,0.017,0.017,0.016,0.016,0.016,0.016,0.015,0.015,0.015,0.015,0.014,0.014,0.013,0.013,0.013,0.012,0.012,0.012,0.014,0.012,0.011,0.011,0.011,0.011,0.012,0.012,0.013,0.014,0.016,0.018,0.02,0.023,0.026,0.028,0.031,0.033,0.035,0.036,0.038,0.037,0.037,0.036,0.035,0.031,0.03,0.026,0.022,0.022,0.02,0.018,0.017,0.015,0.014,0.014,0.013,0.013,0.012,0.011,0.011
14,Female,0.014,0.014,0.014,0.014,0.014,0.014,0.014,0.014,0.015,0.015,0.015,0.015,0.016,0.016,0.017,0.017,0.017,0.017,0.016,0.016,0.016,0.016,0.015,0.015,0.015,0.015,0.014,0.014,0.014,0.013,0.013,0.012,0.012,0.014,0.012,0.012,0.012,0.011,0.012,0.012,0.013,0.014,0.015,0.017,0.019,0.021,0.025,0.028,0.031,0.035,0.037,0.04,0.04,0.042,0.042,0.042,0.041,0.04,0.036,0.035,0.03,0.026,0.025,0.023,0.021,0.019,0.018,0.016,0.016,0.015,0.014,0.014,0.013,0.012
15,Female,0.014,0.014,0.014,0.014,0.014,0.014,0.014,0.014,0.015,0.015,0.015,0.015,0.016,0.016,0.016,0.017,0.017,0.017,0.017,0.017,0.016,0.016,0.016,0.016,0.015,0.015,0.015,0.014,0.014,0.014,0.013,0.013,0.013,0.014,0.013,0.012,0.012,0.012,0.012,0.013,0.014,0.015,0.017,0.019,0.021,0.024,0.028,0.031,0.034,0.039,0.043,0.046,0.046,0.049,0.049,0.05,0.048,0.047,0.043,0.042,0.037,0.032,0.03,0.027,0.025,0.023,0.021,0.019,0.018,0.017,0.016,0.015,0.015,0.014
16,Female,0.014,0.014,0.014,0.014,0.015,0.015,0.015,0.015,0.015,0.015,0.015,0.016,0.016,0.016,0.017,0.017,0.018,0.018,0.018,0.017,0.017,0.017,0.017,0.016,0.016,0.016,0.016,0.015,0.015,0.015,0.014,0.014,0.013,0.014,0.013,0.013,0.013,0.013,0.013,0.014,0.015,0.016,0.018,0.02,0.023,0.025,0.03,0.033,0.037,0.042,0.047,0.051,0.052,0.055,0.055,0.056,0.054,0.053,0.049,0.048,0.043,0.038,0.035,0.031,0.028,0.026,0.024,0.022,0.021,0.019,0.018,0.017,0.016,0.015
17,Female,0.014,0.015,0.015,0.015,0.015,0.015,0.015,0.015,0.015,0.015,0.016,0.016,0.016,0.017,0.017,0.017,0.017,0.018,0.018,0.018,0.018,0.017,0.017,0.017,0.017,0.016,0.016,0.016,0.015,0.015,0.015,0.015,0.014,0.015,0.014,0.013,0.013,0.013,0.014,0.015,0.016,0.017,0.02,0.022,0.025,0.028,0.032,0.037,0.041,0.047,0.052,0.057,0.059,0.063,0.064,0.065,0.063,0.061,0.057,0.056,0.051,0.045,0.042,0.037,0.033,0.03,0.028,0.026,0.024,0.022,0.02,0.019,0.018,0.017
18,Female,0.015,0.015,0.015,0.015,0.015,0.015,0.016,0.016,0.016,0.016,0.016,0.016,0.016,0.017,0.017,0.017,0.017,0.018,0.019,0.019,0.019,0.018,0.018,0.018,0.018,0.017,0.017,0.016,0.016,0.016,0.015,0.015,0.015,0.016,0.014,0.014,0.014,0.014,0.014,0.015,0.017,0.018,0.021,0.024,0.027,0.03,0.035,0.04,0.045,0.052,0.057,0.063,0.067,0.072,0.074,0.075,0.072,0.07,0.066,0.066,0.059,0.053,0.049,0.044,0.039,0.034,0.031,0.029,0.027,0.025,0.023,0.021,0.019,0.018
19,Female,0.015,0.015,0.015,0.016,0.016,0.016,0.016,0.016,0.016,0.016,0.016,0.016,0.017,0.017,0.017,0.018,0.018,0.018,0.018,0.019,0.019,0.019,0.019,0.018,0.018,0.018,0.017,0.017,0.016,0.016,0.016,0.016,0.015,0.016,0.015,0.014,0.014,0.014,0.015,0.016,0.017,0.019,0.022,0.025,0.029,0.032,0.037,0.043,0.049,0.056,0.062,0.069,0.073,0.08,0.084,0.085,0.081,0.079,0.076,0.075,0.067,0.061,0.056,0.05,0.045,0.039,0.035,0.031,0.029,0.028,0.025,0.023,0.021,0.019
20,Female,0.016,0.016,0.016,0.016,0.016,0.016,0.016,0.017,0.017,0.017,0.017,0.017,0.017,0.017,0.017,0.018,0.018,0.018,0.018,0.019,0.02,0.02,0.019,0.019,0.019,0.018,0.018,0.017,0.017,0.016,0.016,0.016,0.016,0.017,0.015,0.015,0.015,0.015,0.015,0.016,0.018,0.02,0.023,0.027,0.031,0.033,0.04,0.046,0.053,0.06,0.067,0.075,0.08,0.088,0.094,0.096,0.092,0.09,0.086,0.084,0.076,0.07,0.063,0.057,0.051,0.045,0.039,0.034,0.031,0.03,0.027,0.025,0.022,0.02
21,Female,0.016,0.016,0.016,0.017,0.017,0.017,0.017,0.017,0.017,0.017,0.017,0.017,0.017,0.018,0.018,0.018,0.018,0.018,0.019,0.019,0.019,0.02,0.02,0.02,0.02,0.019,0.019,0.018,0.017,0.017,0.016,0.016,0.016,0.017,0.016,0.015,0.015,0.015,0.015,0.017,0.018,0.021,0.024,0.028,0.032,0.034,0.041,0.048,0.054,0.062,0.07,0.078,0.084,0.093,0.1,0.103,0.1,0.097,0.094,0.091,0.082,0.076,0.068,0.061,0.055,0.048,0.043,0.037,0.033,0.03,0.028,0.026,0.024,0.021
22,Female,0.017,0.017,0.017,0.017,0.017,0.017,0.017,0.017,0.018,0.018,0.018,0.018,0.018,0.018,0.018,0.018,0.018,0.018,0.019,0.019,0.019,0.02,0.021,0.021,0.02,0.02,0.019,0.019,0.018,0.017,0.017,0.016,0.016,0.017,0.016,0.015,0.015,0.015,0.016,0.017,0.019,0.021,0.025,0.03,0.035,0.036,0.043,0.05,0.058,0.066,0.075,0.084,0.091,0.1,0.109,0.113,0.11,0.108,0.106,0.102,0.092,0.087,0.077,0.068,0.061,0.053,0.047,0.041,0.037,0.033,0.029,0.028,0.025,0.023
23,Female,0.017,0.017,0.017,0.017,0.017,0.018,0.018,0.018,0.018,0.018,0.018,0.018,0.018,0.018,0.018,0.018,0.018,0.018,0.018,0.019,0.019,0.019,0.02,0.021,0.021,0.02,0.02,0.019,0.018,0.017,0.017,0.017,0.016,0.017,0.016,0.016,0.015,0.016,0.016,0.017,0.019,0.022,0.026,0.031,0.037,0.039,0.046,0.053,0.061,0.069,0.078,0.088,0.096,0.107,0.118,0.121,0.118,0.118,0.118,0.112,0.101,0.096,0.084,0.075,0.067,0.058,0.051,0.045,0.04,0.036,0.031,0.029,0.026,0.024
24,Female,0.017,0.017,0.017,0.018,0.018,0.018,0.018,0.018,0.018,0.018,0.018,0.018,0.018,0.018,0.018,0.018,0.018,0.018,0.018,0.019,0.019,0.019,0.019,0.02,0.021,0.021,0.02,0.019,0.018,0.018,0.017,0.017,0.016,0.017,0.016,0.016,0.016,0.016,0.016,0.018,0.02,0.023,0.027,0.033,0.038,0.041,0.048,0.056,0.064,0.072,0.082,0.092,0.101,0.112,0.125,0.129,0.126,0.126,0.129,0.122,0.111,0.106,0.091,0.082,0.073,0.063,0.056,0.048,0.043,0.039,0.033,0.031,0.027,0.025
25,Female,0.017,0.017,0.018,0.018,0.018,0.018,0.018,0.018,0.018,0.018,0.018,0.018,0.018,0.019,0.018,0.018,0.018,0.018,0.018,0.018,0.019,0.019,0.019,0.02,0.02,0.021,0.02,0.02,0.019,0.018,0.017,0.017,0.016,0.017,0.016,0.016,0.016,0.016,0.016,0.018,0.02,0.023,0.028,0.034,0.04,0.043,0.051,0.059,0.068,0.075,0.085,0.096,0.105,0.117,0.133,0.136,0.133,0.133,0.139,0.133,0.12,0.117,0.1,0.088,0.079,0.069,0.06,0.052,0.046,0.041,0.034,0.035,0.028,0.025
26,Female,0.018,0.018,0.018,0.018,0.018,0.018,0.018,0.018,0.018,0.018,0.018,0.018,0.018,0.018,0.018,0.018,0.018,0.018,0.018,0.018,0.018,0.019,0.019,0.019,0.019,0.02,0.02,0.02,0.019,0.018,0.018,0.017,0.017,0.017,0.016,0.016,0.016,0.016,0.017,0.019,0.021,0.024,0.029,0.035,0.042,0.045,0.054,0.062,0.071,0.079,0.089,0.099,0.109,0.121,0.138,0.143,0.139,0.14,0.147,0.141,0.13,0.127,0.108,0.096,0.085,0.075,0.066,0.056,0.05,0.044,0.036,0.039,0.03,0.026
27,Female,0.017,0.017,0.018,0.018,0.018,0.018,0.018,0.018,0.018,0.018,0.018,0.018,0.018,0.018,0.018,0.018,0.018,0.018,0.018,0.018,0.018,0.018,0.018,0.019,0.019,0.019,0.019,0.02,0.019,0.018,0.018,0.017,0.017,0.018,0.016,0.016,0.016,0.016,0.017,0.019,0.021,0.025,0.03,0.037,0.044,0.047,0.056,0.065,0.075,0.082,0.092,0.103,0.112,0.124,0.142,0.147,0.143,0.145,0.153,0.147,0.137,0.136,0.114,0.102,0.091,0.079,0.07,0.06,0.053,0.047,0.038,0.042,0.032,0.028
28,Female,0.018,0.018,0.018,0.018,0.018,0.018,0.018,0.018,0.018,0.018,0.018,0.018,0.018,0.018,0.018,0.018,0.018,0.018,0.017,0.017,0.017,0.018,0.018,0.018,0.019,0.019,0.019,0.019,0.019,0.019,0.018,0.017,0.017,0.018,0.016,0.016,0.016,0.016,0.017,0.019,0.022,0.025,0.031,0.038,0.045,0.048,0.058,0.067,0.077,0.085,0.094,0.104,0.113,0.124,0.142,0.146,0.143,0.145,0.155,0.148,0.139,0.14,0.119,0.105,0.094,0.083,0.072,0.063,0.056,0.049,0.039,0.044,0.034,0.029
29,Female,0.017,0.017,0.017,0.017,0.017,0.018,0.018,0.018,0.018,0.018,0.018,0.018,0.018,0.018,0.018,0.018,0.018,0.017,0.017,0.017,0.017,0.017,0.017,0.018,0.018,0.018,0.018,0.018,0.018,0.018,0.018,0.018,0.017,0.018,0.016,0.016,0.016,0.016,0.017,0.019,0.022,0.026,0.032,0.039,0.047,0.05,0.06,0.07,0.08,0.088,0.098,0.107,0.116,0.126,0.144,0.146,0.142,0.146,0.158,0.152,0.142,0.145,0.124,0.111,0.099,0.087,0.077,0.065,0.058,0.052,0.042,0.046,0.035,0.031
30,Female,0.017,0.017,0.017,0.018,0.018,0.018,0.018,0.018,0.018,0.018,0.018,0.018,0.018,0.018,0.018,0.018,0.017,0.017,0.017,0.017,0.017,0.017,0.017,0.017,0.018,0.018,0.018,0.018,0.017,0.018,0.018,0.018,0.017,0.018,0.017,0.016,0.016,0.016,0.017,0.019,0.022,0.026,0.032,0.04,0.048,0.052,0.061,0.071,0.081,0.09,0.1,0.11,0.117,0.126,0.143,0.144,0.139,0.142,0.155,0.15,0.141,0.144,0.124,0.113,0.101,0.088,0.078,0.068,0.059,0.054,0.044,0.049,0.036,0.032
31,Female,0.017,0.017,0.017,0.017,0.017,0.017,0.018,0.018,0.018,0.018,0.018,0.018,0.018,0.018,0.018,0.017,0.017,0.017,0.017,0.017,0.016,0.016,0.016,0.017,0.017,0.017,0.017,0.017,0.017,0.017,0.017,0.017,0.017,0.018,0.017,0.016,0.016,0.016,0.017,0.019,0.022,0.026,0.032,0.04,0.048,0.053,0.063,0.073,0.082,0.091,0.102,0.112,0.119,0.127,0.143,0.143,0.137,0.138,0.151,0.147,0.14,0.143,0.122,0.113,0.103,0.09,0.079,0.068,0.062,0.054,0.046,0.051,0.037,0.032
32,Female,0.017,0.017,0.017,0.017,0.017,0.018,0.018,0.018,0.018,0.018,0.018,0.018,0.018,0.018,0.018,0.017,0.017,0.017,0.017,0.017,0.016,0.016,0.016,0.016,0.017,0.017,0.017,0.017,0.017,0.017,0.016,0.017,0.017,0.019,0.017,0.017,0.016,0.017,0.017,0.019,0.022,0.026,0.033,0.041,0.049,0.054,0.065,0.075,0.085,0.093,0.104,0.115,0.123,0.13,0.145,0.144,0.136,0.136,0.147,0.143,0.137,0.143,0.122,0.112,0.103,0.092,0.081,0.07,0.063,0.057,0.047,0.054,0.039,0.034
33,Female,0.017,0.017,0.017,0.017,0.017,0.017,0.018,0.018,0.018,0.018,0.018,0.018,0.018,0.018,0.018,0.017,0.017,0.017,0.017,0.016,0.016,0.016,0.016,0.016,0.016,0.016,0.016,0.016,0.016,0.016,0.016,0.016,0.017,0.019,0.017,0.017,0.017,0.017,0.018,0.02,0.022,0.027,0.033,0.041,0.05,0.055,0.066,0.077,0.088,0.094,0.105,0.117,0.126,0.134,0.148,0.144,0.135,0.134,0.144,0.139,0.133,0.139,0.121,0.111,0.101,0.092,0.083,0.071,0.063,0.058,0.05,0.055,0.041,0.036
34,Female,0.017,0.017,0.017,0.017,0.017,0.017,0.018,0.018,0.018,0.018,0.018,0.018,0.018,0.018,0.018,0.017,0.017,0.017,0.017,0.016,0.016,0.016,0.016,0.016,0.016,0.016,0.016,0.016,0.016,0.016,0.016,0.016,0.016,0.018,0.018,0.017,0.017,0.017,0.018,0.02,0.023,0.027,0.033,0.041,0.05,0.056,0.067,0.079,0.09,0.097,0.107,0.118,0.128,0.138,0.153,0.148,0.136,0.133,0.143,0.137,0.13,0.136,0.118,0.11,0.101,0.09,0.083,0.073,0.065,0.058,0.051,0.058,0.041,0.037
35,Female,0.017,0.017,0.017,0.017,0.017,0.017,0.018,0.017,0.017,0.018,0.018,0.018,0.018,0.018,0.018,0.017,0.017,0.017,0.017,0.016,0.016,0.016,0.016,0.016,0.016,0.016,0.016,0.015,0.015,0.015,0.015,0.016,0.016,0.017,0.017,0.017,0.017,0.018,0.018,0.021,0.023,0.028,0.034,0.042,0.051,0.057,0.069,0.081,0.093,0.1,0.11,0.121,0.13,0.142,0.16,0.155,0.141,0.135,0.143,0.137,0.129,0.135,0.117,0.109,0.101,0.091,0.082,0.074,0.068,0.061,0.053,0.06,0.044,0.038
36,Female,0.017,0.017,0.017,0.017,0.017,0.017,0.018,0.017,0.018,0.018,0.018,0.018,0.018,0.018,0.018,0.017,0.017,0.017,0.017,0.016,0.016,0.016,0.016,0.016,0.016,0.016,0.015,0.015,0.015,0.015,0.015,0.015,0.016,0.017,0.016,0.017,0.018,0.018,0.019,0.021,0.024,0.028,0.034,0.042,0.051,0.057,0.069,0.081,0.093,0.101,0.111,0.121,0.13,0.141,0.16,0.159,0.145,0.137,0.141,0.134,0.126,0.131,0.113,0.105,0.098,0.09,0.081,0.071,0.067,0.062,0.055,0.061,0.044,0.04
37,Female,0.016,0.016,0.017,0.017,0.017,0.017,0.018,0.017,0.017,0.017,0.018,0.018,0.017,0.018,0.017,0.017,0.017,0.017,0.016,0.016,0.016,0.016,0.016,0.016,0.016,0.016,0.015,0.015,0.015,0.015,0.015,0.015,0.015,0.017,0.016,0.016,0.017,0.018,0.019,0.021,0.024,0.029,0.035,0.042,0.051,0.057,0.069,0.08,0.093,0.101,0.112,0.122,0.13,0.14,0.159,0.16,0.149,0.142,0.144,0.132,0.124,0.129,0.111,0.103,0.095,0.087,0.08,0.071,0.065,0.061,0.056,0.064,0.045,0.04
38,Female,0.016,0.016,0.017,0.017,0.017,0.017,0.018,0.017,0.017,0.018,0.018,0.018,0.018,0.018,0.018,0.017,0.017,0.017,0.017,0.016,0.016,0.016,0.016,0.016,0.016,0.016,0.015,0.015,0.015,0.014,0.014,0.015,0.015,0.017,0.016,0.016,0.017,0.018,0.019,0.022,0.025,0.029,0.035,0.043,0.051,0.057,0.068,0.08,0.092,0.1,0.111,0.122,0.13,0.138,0.155,0.156,0.148,0.145,0.147,0.132,0.12,0.124,0.108,0.1,0.092,0.084,0.077,0.07,0.064,0.059,0.057,0.066,0.046,0.041
39,Female,0.016,0.016,0.016,0.017,0.017,0.017,0.017,0.017,0.017,0.017,0.018,0.018,0.017,0.018,0.017,0.017,0.017,0.017,0.016,0.016,0.016,0.016,0.016,0.016,0.016,0.016,0.015,0.015,0.015,0.014,0.014,0.014,0.015,0.016,0.016,0.016,0.017,0.017,0.019,0.022,0.025,0.03,0.036,0.043,0.051,0.057,0.068,0.079,0.091,0.099,0.11,0.12,0.128,0.137,0.152,0.151,0.145,0.145,0.152,0.137,0.12,0.121,0.105,0.098,0.09,0.082,0.075,0.067,0.064,0.059,0.055,0.066,0.047,0.042
40,Female,0.016,0.016,0.016,0.017,0.017,0.017,0.017,0.017,0.017,0.018,0.018,0.018,0.018,0.018,0.018,0.017,0.017,0.017,0.017,0.016,0.016,0.016,0.016,0.016,0.016,0.016,0.016,0.015,0.015,0.015,0.014,0.014,0.015,0.016,0.016,0.016,0.017,0.017,0.018,0.022,0.026,0.03,0.036,0.044,0.052,0.057,0.067,0.078,0.089,0.097,0.108,0.118,0.126,0.135,0.149,0.147,0.139,0.14,0.149,0.141,0.124,0.118,0.101,0.094,0.088,0.08,0.072,0.065,0.061,0.058,0.056,0.065,0.047,0.043
41,Female,0.015,0.015,0.016,0.016,0.016,0.016,0.017,0.017,0.017,0.017,0.017,0.017,0.017,0.017,0.017,0.017,0.017,0.017,0.016,0.016,0.016,0.016,0.016,0.016,0.016,0.016,0.015,0.015,0.015,0.014,0.014,0.014,0.014,0.016,0.015,0.015,0.016,0.017,0.018,0.021,0.024,0.03,0.036,0.044,0.052,0.057,0.067,0.077,0.088,0.096,0.106,0.116,0.124,0.133,0.147,0.146,0.136,0.135,0.145,0.141,0.131,0.125,0.101,0.092,0.086,0.079,0.072,0.064,0.06,0.056,0.056,0.065,0.045,0.043
42,Female,0.015,0.015,0.016,0.016,0.016,0.017,0.017,0.017,0.017,0.017,0.017,0.017,0.017,0.018,0.017,0.017,0.017,0.017,0.017,0.016,0.016,0.016,0.016,0.016,0.016,0.016,0.016,0.015,0.015,0.015,0.014,0.014,0.014,0.016,0.015,0.015,0.016,0.017,0.018,0.021,0.024,0.029,0.036,0.044,0.052,0.057,0.066,0.075,0.086,0.093,0.102,0.112,0.12,0.128,0.141,0.14,0.131,0.128,0.135,0.131,0.127,0.128,0.104,0.089,0.082,0.076,0.07,0.063,0.058,0.055,0.054,0.066,0.046,0.042
43,Female,0.015,0.015,0.015,0.016,0.016,0.016,0.017,0.016,0.017,0.017,0.017,0.017,0.017,0.017,0.017,0.017,0.017,0.017,0.016,0.016,0.016,0.016,0.016,0.016,0.016,0.016,0.016,0.015,0.015,0.014,0.014,0.014,0.014,0.015,0.015,0.015,0.015,0.016,0.018,0.02,0.024,0.028,0.035,0.043,0.052,0.057,0.066,0.075,0.085,0.091,0.1,0.11,0.118,0.127,0.139,0.138,0.13,0.127,0.131,0.127,0.121,0.127,0.112,0.095,0.081,0.074,0.069,0.063,0.058,0.054,0.054,0.064,0.045,0.042
44,Female,0.015,0.015,0.015,0.015,0.015,0.016,0.016,0.016,0.016,0.017,0.017,0.017,0.017,0.017,0.017,0.017,0.017,0.016,0.016,0.016,0.016,0.016,0.016,0.016,0.016,0.016,0.016,0.015,0.015,0.014,0.014,0.014,0.014,0.015,0.015,0.015,0.015,0.016,0.017,0.02,0.023,0.028,0.034,0.042,0.051,0.057,0.066,0.075,0.084,0.09,0.098,0.107,0.115,0.124,0.137,0.136,0.127,0.125,0.129,0.124,0.116,0.119,0.111,0.103,0.086,0.073,0.067,0.062,0.058,0.054,0.054,0.064,0.044,0.042
45,Female,0.014,0.015,0.015,0.015,0.015,0.016,0.016,0.016,0.016,0.016,0.017,0.017,0.017,0.017,0.017,0.017,0.017,0.016,0.016,0.016,0.016,0.016,0.016,0.016,0.016,0.016,0.016,0.015,0.015,0.015,0.014,0.014,0.014,0.015,0.015,0.015,0.015,0.016,0.017,0.02,0.023,0.028,0.033,0.04,0.049,0.057,0.066,0.075,0.084,0.089,0.097,0.105,0.112,0.122,0.135,0.135,0.127,0.123,0.127,0.123,0.115,0.115,0.105,0.103,0.096,0.078,0.066,0.06,0.057,0.054,0.055,0.064,0.044,0.041
46,Female,0.014,0.014,0.015,0.015,0.015,0.015,0.016,0.016,0.016,0.016,0.016,0.017,0.017,0.017,0.017,0.017,0.017,0.016,0.016,0.016,0.016,0.016,0.016,0.016,0.016,0.016,0.016,0.015,0.015,0.015,0.014,0.014,0.014,0.015,0.015,0.015,0.015,0.016,0.017,0.019,0.022,0.027,0.033,0.04,0.047,0.054,0.065,0.074,0.084,0.089,0.096,0.103,0.109,0.118,0.132,0.133,0.126,0.123,0.125,0.122,0.114,0.115,0.102,0.097,0.096,0.088,0.072,0.059,0.056,0.054,0.055,0.066,0.044,0.041
47,Female,0.014,0.014,0.014,0.015,0.015,0.015,0.016,0.016,0.016,0.016,0.016,0.017,0.017,0.017,0.017,0.017,0.017,0.016,0.016,0.016,0.016,0.016,0.016,0.016,0.016,0.016,0.016,0.016,0.015,0.015,0.015,0.015,0.014,0.016,0.015,0.015,0.015,0.016,0.017,0.019,0.022,0.026,0.032,0.039,0.046,0.052,0.062,0.073,0.083,0.089,0.095,0.102,0.107,0.115,0.127,0.13,0.125,0.122,0.124,0.12,0.113,0.115,0.103,0.094,0.089,0.089,0.082,0.065,0.056,0.053,0.055,0.067,0.044,0.041
48,Female,0.014,0.014,0.015,0.015,0.015,0.015,0.016,0.016,0.016,0.016,0.017,0.017,0.017,0.017,0.017,0.017,0.017,0.017,0.017,0.017,0.016,0.016,0.017,0.017,0.017,0.017,0.016,0.016,0.016,0.015,0.015,0.015,0.015,0.016,0.015,0.015,0.016,0.016,0.017,0.019,0.022,0.026,0.032,0.038,0.045,0.051,0.059,0.07,0.082,0.088,0.094,0.101,0.105,0.112,0.123,0.125,0.122,0.121,0.124,0.119,0.11,0.113,0.103,0.096,0.087,0.081,0.082,0.076,0.062,0.053,0.055,0.067,0.045,0.042
49,Female,0.014,0.014,0.015,0.015,0.015,0.015,0.016,0.016,0.016,0.016,0.017,0.017,0.017,0.017,0.017,0.017,0.017,0.017,0.017,0.017,0.017,0.017,0.017,0.017,0.017,0.017,0.017,0.016,0.016,0.016,0.015,0.015,0.015,0.016,0.015,0.015,0.016,0.016,0.017,0.019,0.022,0.026,0.031,0.037,0.044,0.05,0.059,0.067,0.078,0.088,0.094,0.1,0.104,0.11,0.119,0.121,0.118,0.119,0.123,0.12,0.11,0.11,0.102,0.097,0.089,0.08,0.075,0.077,0.072,0.059,0.055,0.067,0.045,0.043
50,Female,0.014,0.015,0.015,0.015,0.016,0.016,0.016,0.016,0.017,0.017,0.017,0.017,0.018,0.018,0.018,0.018,0.018,0.018,0.018,0.018,0.018,0.018,0.018,0.018,0.018,0.018,0.017,0.017,0.017,0.016,0.016,0.016,0.016,0.017,0.016,0.016,0.016,0.017,0.018,0.02,0.023,0.026,0.031,0.037,0.043,0.048,0.057,0.065,0.074,0.083,0.093,0.099,0.103,0.108,0.116,0.117,0.112,0.113,0.119,0.119,0.111,0.107,0.098,0.095,0.09,0.082,0.073,0.069,0.072,0.068,0.062,0.068,0.046,0.043
51,Female,0.014,0.014,0.015,0.015,0.015,0.016,0.016,0.016,0.017,0.017,0.017,0.017,0.017,0.018,0.018,0.018,0.018,0.018,0.018,0.018,0.018,0.018,0.018,0.018,0.018,0.018,0.018,0.017,0.017,0.016,0.016,0.016,0.016,0.017,0.016,0.016,0.016,0.017,0.018,0.02,0.023,0.026,0.03,0.036,0.042,0.047,0.055,0.063,0.072,0.08,0.089,0.098,0.102,0.107,0.113,0.114,0.109,0.109,0.114,0.116,0.111,0.111,0.098,0.093,0.089,0.084,0.077,0.068,0.065,0.069,0.072,0.075,0.045,0.042
52,Female,0.014,0.015,0.015,0.015,0.016,0.016,0.017,0.017,0.017,0.017,0.018,0.018,0.018,0.018,0.018,0.018,0.018,0.018,0.018,0.018,0.018,0.018,0.018,0.019,0.019,0.019,0.018,0.018,0.018,0.017,0.017,0.017,0.016,0.018,0.017,0.017,0.017,0.017,0.018,0.021,0.023,0.026,0.03,0.035,0.041,0.045,0.053,0.06,0.069,0.078,0.086,0.094,0.1,0.105,0.11,0.11,0.105,0.103,0.106,0.11,0.107,0.109,0.1,0.091,0.085,0.083,0.078,0.072,0.065,0.063,0.073,0.088,0.051,0.043
53,Female,0.014,0.015,0.015,0.015,0.016,0.016,0.017,0.017,0.017,0.017,0.018,0.018,0.018,0.018,0.019,0.019,0.019,0.019,0.019,0.019,0.019,0.019,0.019,0.019,0.019,0.019,0.019,0.018,0.018,0.018,0.017,0.017,0.017,0.018,0.017,0.017,0.017,0.018,0.019,0.021,0.023,0.026,0.03,0.035,0.04,0.044,0.051,0.058,0.066,0.076,0.084,0.091,0.097,0.103,0.108,0.107,0.102,0.1,0.102,0.104,0.103,0.105,0.101,0.095,0.085,0.079,0.078,0.074,0.068,0.062,0.067,0.089,0.059,0.048
54,Female,0.015,0.015,0.015,0.015,0.016,0.016,0.017,0.017,0.017,0.018,0.018,0.018,0.018,0.019,0.019,0.019,0.019,0.019,0.019,0.019,0.019,0.019,0.019,0.019,0.019,0.019,0.019,0.019,0.018,0.018,0.018,0.018,0.017,0.018,0.017,0.017,0.018,0.018,0.019,0.021,0.023,0.027,0.031,0.035,0.039,0.043,0.049,0.056,0.064,0.073,0.082,0.091,0.095,0.101,0.107,0.106,0.099,0.096,0.098,0.1,0.097,0.101,0.098,0.095,0.089,0.079,0.074,0.073,0.07,0.066,0.066,0.081,0.06,0.056
55,Female,0.015,0.015,0.015,0.015,0.016,0.016,0.017,0.017,0.017,0.018,0.018,0.018,0.018,0.019,0.019,0.019,0.019,0.019,0.019,0.019,0.019,0.019,0.019,0.02,0.02,0.02,0.02,0.019,0.019,0.019,0.018,0.018,0.018,0.019,0.018,0.018,0.018,0.018,0.019,0.021,0.024,0.027,0.031,0.035,0.039,0.042,0.048,0.054,0.062,0.07,0.079,0.089,0.096,0.101,0.106,0.105,0.098,0.094,0.095,0.098,0.094,0.096,0.095,0.094,0.091,0.084,0.074,0.07,0.071,0.068,0.071,0.08,0.055,0.058
56,Female,0.015,0.015,0.015,0.016,0.016,0.016,0.017,0.017,0.017,0.018,0.018,0.018,0.019,0.019,0.019,0.019,0.019,0.019,0.019,0.019,0.02,0.02,0.02,0.02,0.02,0.02,0.02,0.02,0.019,0.019,0.019,0.019,0.018,0.02,0.019,0.018,0.019,0.019,0.02,0.022,0.024,0.027,0.031,0.035,0.039,0.042,0.047,0.052,0.06,0.067,0.076,0.086,0.095,0.103,0.107,0.105,0.098,0.093,0.092,0.095,0.092,0.093,0.09,0.091,0.089,0.086,0.08,0.07,0.068,0.069,0.074,0.086,0.056,0.053
57,Female,0.016,0.016,0.016,0.016,0.016,0.016,0.017,0.017,0.017,0.018,0.018,0.019,0.019,0.019,0.019,0.019,0.019,0.019,0.02,0.02,0.02,0.02,0.02,0.021,0.021,0.021,0.021,0.02,0.02,0.02,0.019,0.019,0.019,0.02,0.019,0.019,0.019,0.019,0.02,0.022,0.024,0.027,0.031,0.035,0.039,0.042,0.047,0.051,0.058,0.066,0.073,0.083,0.092,0.102,0.11,0.109,0.1,0.094,0.091,0.093,0.09,0.091,0.089,0.087,0.087,0.085,0.083,0.077,0.068,0.066,0.075,0.089,0.06,0.053
58,Female,0.016,0.016,0.016,0.017,0.017,0.017,0.017,0.017,0.018,0.018,0.019,0.019,0.019,0.02,0.02,0.02,0.02,0.02,0.02,0.02,0.021,0.021,0.021,0.021,0.022,0.022,0.021,0.021,0.021,0.021,0.02,0.02,0.02,0.021,0.02,0.02,0.02,0.02,0.021,0.023,0.025,0.028,0.031,0.035,0.039,0.042,0.047,0.051,0.057,0.064,0.072,0.08,0.088,0.1,0.11,0.112,0.105,0.097,0.092,0.091,0.088,0.089,0.088,0.085,0.083,0.084,0.082,0.08,0.075,0.067,0.073,0.091,0.063,0.058
59,Female,0.017,0.017,0.017,0.017,0.017,0.017,0.018,0.018,0.018,0.018,0.019,0.019,0.02,0.02,0.02,0.021,0.021,0.021,0.021,0.021,0.021,0.021,0.022,0.022,0.022,0.022,0.022,0.022,0.022,0.022,0.021,0.021,0.021,0.022,0.021,0.021,0.021,0.021,0.022,0.024,0.026,0.029,0.032,0.035,0.039,0.042,0.046,0.051,0.057,0.064,0.071,0.079,0.085,0.096,0.108,0.114,0.111,0.104,0.096,0.093,0.086,0.087,0.087,0.086,0.083,0.081,0.081,0.079,0.079,0.074,0.075,0.088,0.064,0.061
60,Female,0.018,0.018,0.018,0.018,0.018,0.019,0.019,0.019,0.019,0.019,0.02,0.02,0.021,0.021,0.022,0.022,0.022,0.022,0.022,0.022,0.022,0.023,0.023,0.023,0.024,0.024,0.024,0.023,0.023,0.023,0.023,0.023,0.023,0.024,0.023,0.023,0.023,0.023,0.024,0.025,0.027,0.03,0.033,0.036,0.04,0.042,0.046,0.051,0.057,0.064,0.071,0.078,0.084,0.093,0.103,0.112,0.113,0.11,0.102,0.096,0.087,0.084,0.084,0.084,0.083,0.08,0.078,0.079,0.079,0.078,0.084,0.09,0.064,0.064
61,Female,0.018,0.018,0.018,0.018,0.019,0.019,0.019,0.019,0.019,0.019,0.02,0.02,0.021,0.021,0.022,0.022,0.022,0.022,0.022,0.022,0.023,0.023,0.023,0.024,0.024,0.024,0.024,0.024,0.024,0.024,0.024,0.024,0.024,0.025,0.024,0.024,0.024,0.024,0.024,0.026,0.028,0.03,0.033,0.037,0.04,0.042,0.046,0.051,0.057,0.064,0.071,0.079,0.085,0.093,0.1,0.109,0.113,0.116,0.11,0.104,0.094,0.088,0.084,0.084,0.084,0.083,0.079,0.077,0.079,0.079,0.088,0.099,0.065,0.062
62,Female,0.019,0.019,0.019,0.019,0.02,0.02,0.02,0.02,0.02,0.02,0.021,0.021,0.021,0.022,0.023,0.023,0.023,0.023,0.023,0.024,0.024,0.024,0.025,0.025,0.025,0.026,0.026,0.025,0.025,0.025,0.025,0.025,0.025,0.027,0.026,0.025,0.025,0.025,0.026,0.028,0.029,0.032,0.034,0.038,0.041,0.043,0.047,0.051,0.057,0.063,0.07,0.078,0.085,0.093,0.099,0.105,0.109,0.115,0.114,0.111,0.099,0.093,0.087,0.082,0.082,0.083,0.081,0.078,0.077,0.08,0.089,0.105,0.074,0.065
63,Female,0.019,0.02,0.02,0.02,0.02,0.021,0.021,0.021,0.021,0.021,0.021,0.021,0.022,0.022,0.023,0.023,0.024,0.024,0.024,0.024,0.025,0.025,0.025,0.026,0.026,0.027,0.027,0.026,0.027,0.027,0.026,0.027,0.027,0.028,0.027,0.027,0.027,0.027,0.027,0.029,0.031,0.033,0.036,0.039,0.042,0.044,0.048,0.051,0.057,0.063,0.07,0.078,0.085,0.095,0.101,0.105,0.107,0.112,0.115,0.117,0.107,0.098,0.093,0.087,0.081,0.082,0.083,0.082,0.079,0.078,0.091,0.105,0.078,0.073
64,Female,0.02,0.02,0.02,0.021,0.021,0.021,0.021,0.022,0.022,0.022,0.022,0.022,0.022,0.023,0.023,0.024,0.024,0.024,0.025,0.025,0.026,0.026,0.026,0.027,0.027,0.028,0.028,0.028,0.028,0.028,0.028,0.028,0.028,0.03,0.029,0.029,0.029,0.028,0.029,0.03,0.032,0.034,0.037,0.04,0.043,0.044,0.048,0.052,0.058,0.063,0.069,0.077,0.085,0.095,0.103,0.109,0.107,0.109,0.111,0.117,0.113,0.105,0.099,0.093,0.087,0.08,0.082,0.084,0.083,0.08,0.089,0.106,0.08,0.078
65,Female,0.02,0.021,0.021,0.021,0.022,0.022,0.022,0.022,0.022,0.023,0.023,0.023,0.023,0.023,0.024,0.024,0.024,0.025,0.026,0.026,0.026,0.027,0.027,0.028,0.028,0.029,0.029,0.029,0.029,0.029,0.029,0.03,0.03,0.032,0.031,0.031,0.03,0.03,0.031,0.032,0.034,0.036,0.038,0.041,0.044,0.045,0.049,0.052,0.059,0.064,0.069,0.076,0.083,0.094,0.103,0.111,0.112,0.111,0.107,0.112,0.113,0.112,0.106,0.098,0.093,0.087,0.08,0.083,0.085,0.084,0.092,0.104,0.081,0.079
66,Female,0.02,0.021,0.021,0.022,0.022,0.022,0.022,0.023,0.023,0.023,0.023,0.023,0.023,0.024,0.024,0.024,0.024,0.025,0.026,0.026,0.027,0.027,0.028,0.029,0.029,0.029,0.03,0.029,0.03,0.03,0.03,0.031,0.031,0.033,0.032,0.032,0.032,0.031,0.032,0.033,0.035,0.037,0.039,0.042,0.044,0.046,0.048,0.051,0.056,0.062,0.067,0.072,0.078,0.087,0.095,0.104,0.107,0.109,0.104,0.105,0.104,0.107,0.108,0.101,0.094,0.09,0.083,0.077,0.081,0.083,0.092,0.102,0.077,0.078
67,Female,0.021,0.021,0.022,0.022,0.022,0.023,0.023,0.023,0.023,0.024,0.024,0.024,0.024,0.024,0.024,0.025,0.025,0.025,0.026,0.026,0.027,0.028,0.028,0.029,0.03,0.03,0.03,0.03,0.031,0.031,0.031,0.032,0.032,0.034,0.033,0.033,0.033,0.033,0.034,0.035,0.036,0.038,0.04,0.042,0.045,0.047,0.049,0.051,0.054,0.058,0.063,0.068,0.072,0.079,0.085,0.093,0.098,0.102,0.1,0.1,0.095,0.096,0.102,0.101,0.095,0.088,0.085,0.079,0.075,0.079,0.091,0.103,0.077,0.075
68,Female,0.021,0.022,0.022,0.023,0.023,0.023,0.024,0.024,0.024,0.024,0.025,0.025,0.025,0.025,0.025,0.025,0.025,0.026,0.026,0.026,0.027,0.028,0.029,0.03,0.03,0.031,0.031,0.031,0.031,0.032,0.032,0.033,0.033,0.035,0.034,0.034,0.035,0.035,0.036,0.036,0.038,0.039,0.041,0.043,0.045,0.047,0.05,0.051,0.053,0.056,0.059,0.064,0.067,0.072,0.077,0.083,0.088,0.093,0.094,0.097,0.091,0.088,0.092,0.096,0.095,0.089,0.083,0.081,0.077,0.073,0.086,0.101,0.078,0.075
69,Female,0.021,0.022,0.022,0.023,0.023,0.023,0.024,0.024,0.024,0.025,0.025,0.025,0.025,0.026,0.026,0.026,0.026,0.026,0.026,0.026,0.027,0.028,0.029,0.03,0.031,0.031,0.032,0.032,0.032,0.032,0.033,0.033,0.034,0.036,0.035,0.036,0.036,0.036,0.037,0.038,0.039,0.04,0.042,0.044,0.045,0.048,0.05,0.052,0.054,0.055,0.057,0.06,0.063,0.068,0.071,0.076,0.079,0.084,0.086,0.091,0.089,0.085,0.085,0.087,0.091,0.09,0.085,0.08,0.079,0.075,0.079,0.095,0.077,0.076
70,Female,0.022,0.022,0.023,0.023,0.024,0.024,0.025,0.025,0.025,0.026,0.026,0.026,0.026,0.027,0.027,0.027,0.027,0.027,0.027,0.027,0.028,0.029,0.03,0.031,0.032,0.032,0.033,0.033,0.033,0.034,0.034,0.035,0.035,0.038,0.037,0.037,0.038,0.038,0.039,0.04,0.041,0.042,0.044,0.045,0.046,0.048,0.05,0.052,0.054,0.055,0.056,0.057,0.059,0.063,0.066,0.069,0.071,0.074,0.077,0.082,0.083,0.082,0.081,0.079,0.082,0.086,0.086,0.082,0.078,0.077,0.082,0.088,0.074,0.076
71,Female,0.021,0.021,0.022,0.022,0.023,0.024,0.024,0.024,0.025,0.025,0.025,0.026,0.026,0.026,0.026,0.026,0.027,0.027,0.027,0.027,0.027,0.028,0.029,0.03,0.031,0.032,0.032,0.032,0.033,0.034,0.034,0.035,0.035,0.038,0.037,0.037,0.038,0.038,0.039,0.041,0.042,0.043,0.044,0.045,0.047,0.048,0.05,0.051,0.053,0.055,0.055,0.056,0.056,0.059,0.062,0.064,0.065,0.068,0.069,0.075,0.076,0.078,0.08,0.077,0.076,0.078,0.082,0.083,0.08,0.076,0.084,0.09,0.068,0.072
72,Female,0.021,0.021,0.022,0.023,0.023,0.024,0.024,0.025,0.025,0.026,0.026,0.026,0.026,0.027,0.027,0.027,0.027,0.027,0.027,0.028,0.028,0.028,0.029,0.03,0.031,0.032,0.033,0.033,0.034,0.034,0.035,0.036,0.036,0.039,0.038,0.039,0.039,0.04,0.041,0.042,0.043,0.045,0.046,0.047,0.047,0.049,0.05,0.051,0.053,0.055,0.055,0.055,0.055,0.056,0.057,0.06,0.061,0.062,0.062,0.067,0.068,0.071,0.075,0.075,0.073,0.072,0.075,0.08,0.081,0.079,0.083,0.093,0.071,0.068
73,Female,0.02,0.021,0.021,0.022,0.022,0.023,0.024,0.024,0.025,0.025,0.026,0.026,0.026,0.027,0.027,0.027,0.027,0.027,0.027,0.028,0.028,0.028,0.029,0.03,0.03,0.031,0.033,0.033,0.034,0.034,0.035,0.036,0.036,0.039,0.038,0.039,0.04,0.04,0.041,0.042,0.044,0.045,0.046,0.047,0.048,0.049,0.05,0.051,0.052,0.053,0.054,0.055,0.054,0.054,0.054,0.055,0.056,0.057,0.057,0.06,0.061,0.064,0.068,0.071,0.072,0.07,0.069,0.072,0.078,0.08,0.084,0.092,0.073,0.07
74,Female,0.019,0.02,0.02,0.021,0.022,0.022,0.023,0.023,0.024,0.025,0.025,0.025,0.026,0.026,0.026,0.027,0.027,0.027,0.027,0.027,0.028,0.028,0.028,0.029,0.03,0.031,0.032,0.032,0.033,0.034,0.035,0.036,0.036,0.039,0.038,0.039,0.04,0.04,0.042,0.043,0.044,0.045,0.047,0.048,0.048,0.049,0.05,0.05,0.051,0.052,0.053,0.053,0.053,0.053,0.052,0.052,0.052,0.053,0.053,0.055,0.055,0.057,0.062,0.065,0.068,0.068,0.067,0.067,0.071,0.076,0.085,0.093,0.072,0.072
75,Female,0.018,0.018,0.019,0.02,0.021,0.021,0.022,0.023,0.023,0.024,0.024,0.025,0.025,0.026,0.026,0.026,0.026,0.027,0.027,0.027,0.027,0.028,0.028,0.029,0.029,0.03,0.031,0.031,0.033,0.033,0.034,0.035,0.036,0.038,0.038,0.039,0.04,0.04,0.041,0.043,0.044,0.045,0.046,0.047,0.048,0.049,0.049,0.049,0.05,0.051,0.051,0.051,0.051,0.052,0.05,0.049,0.049,0.049,0.049,0.051,0.051,0.052,0.055,0.058,0.062,0.065,0.066,0.065,0.065,0.069,0.081,0.094,0.074,0.072
76,Female,0.016,0.017,0.018,0.019,0.019,0.02,0.021,0.021,0.022,0.022,0.023,0.023,0.024,0.024,0.025,0.025,0.025,0.026,0.026,0.026,0.027,0.027,0.027,0.028,0.028,0.029,0.029,0.03,0.031,0.032,0.033,0.034,0.035,0.037,0.037,0.038,0.039,0.04,0.041,0.042,0.043,0.044,0.045,0.046,0.047,0.048,0.049,0.049,0.049,0.049,0.049,0.049,0.049,0.05,0.049,0.048,0.046,0.046,0.045,0.047,0.047,0.047,0.05,0.052,0.056,0.059,0.062,0.064,0.063,0.064,0.072,0.09,0.075,0.073
77,Female,0.014,0.015,0.016,0.017,0.018,0.019,0.019,0.02,0.02,0.021,0.022,0.022,0.023,0.023,0.024,0.024,0.024,0.025,0.025,0.025,0.026,0.026,0.026,0.027,0.027,0.027,0.028,0.028,0.029,0.03,0.032,0.033,0.034,0.036,0.036,0.037,0.037,0.038,0.04,0.041,0.042,0.043,0.044,0.045,0.046,0.047,0.048,0.048,0.047,0.047,0.047,0.047,0.047,0.047,0.047,0.046,0.044,0.043,0.042,0.043,0.043,0.044,0.045,0.047,0.049,0.053,0.056,0.06,0.062,0.062,0.066,0.081,0.071,0.074
78,Female,0.013,0.013,0.014,0.015,0.016,0.017,0.018,0.018,0.019,0.02,0.02,0.021,0.021,0.022,0.022,0.023,0.023,0.024,0.024,0.024,0.025,0.025,0.025,0.026,0.026,0.026,0.027,0.027,0.028,0.029,0.03,0.031,0.033,0.035,0.035,0.036,0.036,0.037,0.038,0.04,0.041,0.042,0.043,0.044,0.045,0.045,0.046,0.046,0.046,0.046,0.046,0.046,0.045,0.045,0.044,0.044,0.043,0.042,0.04,0.04,0.04,0.04,0.042,0.043,0.045,0.048,0.051,0.055,0.058,0.061,0.064,0.075,0.065,0.071
79,Female,0.011,0.012,0.012,0.013,0.014,0.015,0.016,0.017,0.017,0.018,0.018,0.019,0.019,0.02,0.021,0.021,0.022,0.022,0.022,0.023,0.023,0.023,0.024,0.024,0.025,0.025,0.025,0.025,0.026,0.027,0.028,0.029,0.03,0.033,0.033,0.034,0.035,0.036,0.036,0.038,0.039,0.04,0.041,0.042,0.042,0.043,0.044,0.044,0.044,0.044,0.044,0.043,0.043,0.042,0.042,0.041,0.041,0.04,0.038,0.038,0.037,0.037,0.038,0.039,0.041,0.043,0.045,0.049,0.053,0.057,0.061,0.072,0.059,0.064
80,Female,0.01,0.011,0.011,0.012,0.012,0.013,0.014,0.015,0.016,0.016,0.017,0.017,0.018,0.018,0.019,0.02,0.02,0.02,0.021,0.021,0.022,0.022,0.023,0.023,0.023,0.024,0.024,0.024,0.025,0.025,0.026,0.027,0.028,0.031,0.031,0.032,0.033,0.034,0.035,0.036,0.037,0.038,0.039,0.04,0.041,0.041,0.042,0.042,0.042,0.043,0.042,0.042,0.041,0.04,0.04,0.039,0.039,0.038,0.038,0.036,0.035,0.035,0.036,0.037,0.038,0.039,0.042,0.045,0.048,0.052,0.057,0.071,0.058,0.06
81,Female,0.008,0.009,0.009,0.01,0.01,0.011,0.012,0.013,0.013,0.014,0.015,0.015,0.016,0.016,0.017,0.017,0.018,0.018,0.019,0.019,0.02,0.02,0.02,0.021,0.021,0.022,0.022,0.022,0.022,0.023,0.024,0.024,0.025,0.028,0.028,0.029,0.03,0.031,0.032,0.033,0.034,0.035,0.036,0.037,0.038,0.039,0.04,0.04,0.04,0.041,0.041,0.041,0.04,0.04,0.039,0.039,0.038,0.038,0.037,0.037,0.036,0.035,0.035,0.035,0.036,0.037,0.039,0.041,0.044,0.048,0.053,0.068,0.057,0.058
82,Female,0.007,0.008,0.008,0.009,0.009,0.01,0.01,0.011,0.012,0.012,0.013,0.014,0.014,0.015,0.015,0.016,0.016,0.017,0.017,0.018,0.018,0.019,0.019,0.019,0.02,0.02,0.021,0.021,0.021,0.021,0.022,0.023,0.023,0.025,0.026,0.027,0.028,0.029,0.03,0.031,0.032,0.033,0.034,0.035,0.036,0.037,0.038,0.039,0.039,0.04,0.04,0.041,0.04,0.04,0.039,0.039,0.039,0.038,0.038,0.037,0.037,0.036,0.035,0.035,0.035,0.037,0.038,0.039,0.041,0.045,0.049,0.064,0.055,0.058
83,Female,0.006,0.006,0.007,0.007,0.008,0.008,0.008,0.009,0.01,0.011,0.011,0.012,0.012,0.013,0.013,0.014,0.014,0.015,0.015,0.016,0.016,0.017,0.017,0.017,0.018,0.018,0.019,0.019,0.019,0.02,0.02,0.021,0.021,0.023,0.023,0.024,0.025,0.027,0.028,0.029,0.03,0.031,0.032,0.033,0.034,0.035,0.036,0.036,0.037,0.038,0.038,0.039,0.039,0.039,0.039,0.038,0.038,0.037,0.037,0.037,0.036,0.036,0.035,0.034,0.034,0.035,0.036,0.037,0.039,0.041,0.045,0.059,0.051,0.055
84,Female,0.005,0.005,0.006,0.006,0.006,0.007,0.007,0.008,0.008,0.009,0.009,0.01,0.011,0.011,0.011,0.012,0.012,0.013,0.013,0.014,0.014,0.015,0.015,0.016,0.016,0.016,0.017,0.017,0.017,0.018,0.018,0.018,0.019,0.02,0.021,0.021,0.023,0.024,0.025,0.026,0.027,0.028,0.029,0.03,0.031,0.032,0.033,0.034,0.035,0.035,0.036,0.037,0.037,0.038,0.037,0.037,0.037,0.036,0.036,0.036,0.035,0.035,0.035,0.034,0.033,0.033,0.034,0.035,0.036,0.038,0.043,0.054,0.046,0.05
85,Female,0.005,0.004,0.005,0.005,0.005,0.005,0.006,0.006,0.007,0.007,0.008,0.008,0.009,0.009,0.01,0.01,0.01,0.011,0.011,0.012,0.012,0.013,0.013,0.014,0.014,0.014,0.014,0.015,0.015,0.015,0.016,0.016,0.017,0.018,0.018,0.018,0.019,0.02,0.022,0.023,0.024,0.025,0.026,0.026,0.027,0.028,0.03,0.03,0.031,0.032,0.033,0.034,0.034,0.035,0.035,0.035,0.035,0.034,0.034,0.034,0.034,0.034,0.033,0.033,0.032,0.032,0.032,0.032,0.033,0.035,0.041,0.049,0.04,0.044
86,Female,0.004,0.004,0.004,0.004,0.004,0.004,0.005,0.005,0.005,0.006,0.006,0.007,0.007,0.007,0.008,0.008,0.009,0.009,0.009,0.01,0.01,0.011,0.011,0.011,0.012,0.012,0.012,0.012,0.013,0.013,0.014,0.014,0.014,0.015,0.015,0.016,0.017,0.017,0.018,0.02,0.02,0.021,0.022,0.023,0.024,0.025,0.026,0.027,0.028,0.029,0.03,0.03,0.031,0.032,0.032,0.033,0.033,0.032,0.032,0.032,0.032,0.032,0.031,0.031,0.031,0.03,0.03,0.03,0.031,0.032,0.038,0.045,0.035,0.038
87,Female,0.004,0.003,0.003,0.003,0.003,0.003,0.004,0.004,0.004,0.004,0.005,0.005,0.005,0.006,0.006,0.007,0.007,0.007,0.008,0.008,0.008,0.009,0.009,0.009,0.01,0.01,0.01,0.01,0.011,0.011,0.012,0.012,0.012,0.013,0.013,0.013,0.014,0.015,0.015,0.016,0.017,0.018,0.019,0.02,0.021,0.021,0.022,0.023,0.024,0.025,0.026,0.027,0.027,0.028,0.029,0.029,0.03,0.03,0.029,0.029,0.029,0.029,0.029,0.029,0.029,0.029,0.028,0.028,0.028,0.028,0.034,0.04,0.03,0.032
88,Female,0.003,0.003,0.003,0.003,0.003,0.003,0.003,0.003,0.003,0.003,0.004,0.004,0.004,0.005,0.005,0.005,0.006,0.006,0.006,0.006,0.007,0.007,0.007,0.008,0.008,0.008,0.009,0.009,0.009,0.009,0.01,0.01,0.01,0.011,0.011,0.011,0.012,0.012,0.013,0.013,0.014,0.015,0.016,0.017,0.017,0.018,0.019,0.02,0.02,0.021,0.022,0.023,0.024,0.024,0.025,0.025,0.026,0.026,0.027,0.026,0.026,0.026,0.026,0.026,0.026,0.026,0.026,0.025,0.025,0.025,0.03,0.035,0.026,0.028
89,Female,0.002,0.002,0.002,0.002,0.002,0.002,0.002,0.002,0.002,0.003,0.003,0.003,0.003,0.003,0.004,0.004,0.004,0.005,0.005,0.005,0.005,0.006,0.006,0.006,0.006,0.007,0.007,0.007,0.007,0.007,0.008,0.008,0.008,0.009,0.009,0.009,0.009,0.01,0.01,0.011,0.011,0.012,0.013,0.014,0.014,0.015,0.016,0.016,0.017,0.018,0.018,0.019,0.02,0.021,0.021,0.022,0.022,0.023,0.023,0.023,0.023,0.023,0.023,0.023,0.023,0.023,0.023,0.023,0.023,0.022,0.027,0.03,0.022,0.023
90,Female,0.002,0.002,0.002,0.002,0.002,0.002,0.002,0.002,0.002,0.002,0.002,0.002,0.002,0.002,0.003,0.003,0.003,0.003,0.004,0.004,0.004,0.004,0.005,0.005,0.005,0.005,0.005,0.006,0.006,0.006,0.006,0.006,0.007,0.007,0.007,0.007,0.008,0.008,0.008,0.009,0.009,0.01,0.01,0.011,0.012,0.012,0.013,0.013,0.014,0.015,0.015,0.016,0.017,0.017,0.018,0.018,0.019,0.019,0.02,0.02,0.02,0.02,0.02,0.02,0.02,0.02,0.02,0.021,0.02,0.02,0.023,0.026,0.018,0.02
91,Female,0.001,0.001,0.001,0.001,0.001,0.001,0.001,0.001,0.001,0.001,0.001,0.002,0.002,0.002,0.002,0.002,0.002,0.002,0.003,0.003,0.003,0.003,0.003,0.004,0.004,0.004,0.004,0.004,0.004,0.005,0.005,0.005,0.005,0.006,0.006,0.006,0.006,0.006,0.006,0.007,0.007,0.007,0.008,0.008,0.009,0.009,0.01,0.01,0.011,0.011,0.012,0.013,0.013,0.014,0.014,0.015,0.015,0.016,0.016,0.017,0.017,0.017,0.017,0.017,0.017,0.017,0.017,0.017,0.017,0.017,0.02,0.022,0.015,0.016
92,Female,0.001,0.001,0.001,0.001,0.001,0.001,0.001,0.001,0.001,0.001,0.001,0.001,0.001,0.001,0.001,0.001,0.002,0.002,0.002,0.002,0.002,0.002,0.003,0.003,0.003,0.003,0.003,0.003,0.003,0.003,0.004,0.004,0.004,0.004,0.004,0.004,0.005,0.005,0.005,0.005,0.005,0.006,0.006,0.006,0.007,0.007,0.008,0.008,0.009,0.009,0.009,0.01,0.01,0.011,0.011,0.012,0.012,0.013,0.013,0.014,0.014,0.014,0.014,0.014,0.014,0.015,0.015,0.015,0.015,0.015,0.018,0.019,0.013,0.013
93,Female,0.001,0.001,0.001,0.001,0.001,0.001,0.001,0.001,0.001,0.001,0.001,0.001,0.001,0.001,0.001,0.001,0.001,0.001,0.001,0.001,0.002,0.002,0.002,0.002,0.002,0.002,0.002,0.002,0.002,0.003,0.003,0.003,0.003,0.003,0.003,0.003,0.003,0.004,0.004,0.004,0.004,0.004,0.004,0.005,0.005,0.005,0.006,0.006,0.006,0.007,0.007,0.008,0.008,0.008,0.009,0.009,0.01,0.01,0.01,0.011,0.011,0.011,0.012,0.012,0.012,0.012,0.012,0.012,0.012,0.012,0.014,0.016,0.01,0.01
94,Female,0.0,0.001,0.001,0.0,0.0,0.001,0.001,0.001,0.001,0.0,0.0,0.001,0.001,0.001,0.001,0.001,0.001,0.001,0.001,0.001,0.001,0.001,0.001,0.001,0.001,0.001,0.002,0.002,0.002,0.002,0.002,0.002,0.002,0.002,0.002,0.002,0.002,0.003,0.003,0.003,0.003,0.003,0.003,0.003,0.004,0.004,0.004,0.004,0.005,0.005,0.005,0.006,0.006,0.006,0.007,0.007,0.007,0.008,0.008,0.008,0.008,0.009,0.009,0.009,0.009,0.009,0.01,0.01,0.01,0.01,0.012,0.013,0.008,0.008
95,Female,0.0,0.0,0.0,0.0,0.0,0.0,0.0,0.0,0.0,0.0,0.0,0.0,0.0,0.0,0.0,0.0,0.0,0.001,0.001,0.001,0.001,0.001,0.001,0.001,0.001,0.001,0.001,0.001,0.001,0.001,0.001,0.001,0.001,0.002,0.002,0.002,0.002,0.002,0.002,0.002,0.002,0.002,0.002,0.002,0.003,0.003,0.003,0.003,0.003,0.004,0.004,0.004,0.004,0.005,0.005,0.005,0.005,0.006,0.006,0.006,0.006,0.007,0.007,0.007,0.007,0.007,0.007,0.007,0.008,0.008,0.009,0.01,0.006,0.007
96,Female,0.001,0.0,0.0,0.0,0.0,0.0,0.0,0.0,0.0,0.0,0.0,0.0,0.0,0.0,0.0,0.0,0.0,0.0,0.0,0.0,0.0,0.0,0.001,0.001,0.001,0.001,0.001,0.001,0.001,0.001,0.001,0.001,0.001,0.001,0.001,0.001,0.001,0.001,0.001,0.001,0.001,0.002,0.002,0.002,0.002,0.002,0.002,0.002,0.002,0.002,0.003,0.003,0.003,0.003,0.003,0.004,0.004,0.004,0.004,0.004,0.005,0.005,0.005,0.005,0.005,0.005,0.006,0.006,0.006,0.006,0.007,0.007,0.005,0.005
97,Female,0.0,0.0,0.0,0.0,0.0,0.0,0.0,0.0,0.0,0.0,0.0,0.0,0.0,0.0,0.0,0.0,0.0,0.0,0.0,0.0,0.0,0.0,0.0,0.0,0.0,0.0,0.0,0.0,0.001,0.001,0.001,0.001,0.001,0.001,0.001,0.001,0.001,0.001,0.001,0.001,0.001,0.001,0.001,0.001,0.001,0.001,0.001,0.001,0.002,0.002,0.002,0.002,0.002,0.002,0.002,0.002,0.003,0.003,0.003,0.003,0.003,0.003,0.003,0.004,0.004,0.004,0.004,0.004,0.004,0.004,0.005,0.005,0.003,0.004
98,Female,0.0,0.0,0.0,0.0,0.0,0.0,0.0,0.0,0.0,0.0,0.0,0.0,0.0,0.0,0.0,0.0,0.0,0.0,0.0,0.0,0.0,0.0,0.0,0.0,0.0,0.0,0.0,0.0,0.0,0.0,0.0,0.0,0.0,0.0,0.0,0.0,0.001,0.001,0.001,0.001,0.001,0.001,0.001,0.001,0.001,0.001,0.001,0.001,0.001,0.001,0.001,0.001,0.001,0.001,0.001,0.002,0.002,0.002,0.002,0.002,0.002,0.002,0.002,0.002,0.003,0.003,0.003,0.003,0.003,0.003,0.004,0.004,0.002,0.002
99,Female,0.0,0.0,0.0,0.0,0.0,0.0,0.0,0.0,0.0,0.0,0.0,0.0,0.0,0.0,0.0,0.0,0.0,0.0,0.0,0.0,0.0,0.0,0.0,0.0,0.0,0.0,0.0,0.0,0.0,0.0,0.0,0.0,0.0,0.0,0.0,0.0,0.0,0.0,0.0,0.0,0.0,0.0,0.0,0.0,0.001,0.001,0.001,0.001,0.001,0.001,0.001,0.001,0.001,0.001,0.001,0.001,0.001,0.001,0.001,0.001,0.001,0.001,0.002,0.002,0.002,0.002,0.002,0.002,0.002,0.002,0.002,0.003,0.002,0.002
100,Female,0.0,0.0,0.0,0.0,0.0,0.0,0.0,0.0,0.0,0.0,0.0,0.0,0.0,0.0,0.0,0.0,0.0,0.0,0.0,0.0,0.0,0.0,0.0,0.0,0.0,0.0,0.0,0.0,0.0,0.0,0.0,0.0,0.0,0.0,0.0,0.0,0.0,0.0,0.001,0.001,0.001,0.001,0.001,0.001,0.001,0.001,0.001,0.001,0.001,0.001,0.001,0.001,0.001,0.001,0.001,0.001,0.002,0.002,0.002,0.002,0.002,0.002,0.002,0.003,0.003,0.003,0.003,0.003,0.003,0.003,0.004,0.004,0.003,0.003
