age,sex,1951,1953,1955,1957,1959,1961,1963,1965,1967,1969,1971,1973,1975,1977,1979,1981,1983,1985,1987,1989,1991,1993,1995,1997,1999,2001,2003,2005,2007,2009,2011,2013,2015,2017,2019,2021,2023
0,Male,6.243,6.450,6.681,6.942,7.243,7.576,7.939,8.328,8.858,9.508,10.247,11.020,11.849,12.712,13.531,14.355,15.085,15.779,16.144,16.665,17.282,17.713,16.469,15.670,15.954,16.107,16.091,16.505,16.638,16.398,15.794,15.389,15.163,15.048,14.913,14.724,14.528
1,Male,5.628,5.880,6.092,6.332,6.606,6.915,7.258,7.623,7.993,8.454,9.150,9.887,10.671,11.560,12.397,13.205,14.003,14.946,15.670,16.069,16.761,17.218,16.833,15.029,15.042,15.359,15.179,15.449,15.705,15.783,15.253,14.940,14.686,14.572,14.569,14.489,14.448
2,Male,4.999,5.546,5.750,5.977,6.232,6.524,6.850,7.213,7.533,7.800,8.420,9.133,9.884,10.749,11.635,12.437,13.253,14.153,15.356,15.816,16.329,16.880,16.855,15.685,14.497,14.884,14.916,14.780,15.246,15.272,15.071,14.719,14.521,14.405,14.270,14.346,14.357
3,Male,4.523,5.258,5.507,5.720,5.961,6.232,6.542,6.890,7.243,7.454,7.910,8.597,9.329,10.127,11.033,11.861,12.664,13.521,14.801,15.576,15.955,16.599,16.698,16.455,14.511,14.546,14.854,14.510,14.795,14.967,14.986,14.569,14.432,14.265,14.098,14.229,14.265
4,Male,4.308,4.783,5.315,5.520,5.745,5.999,6.290,6.620,6.978,7.251,7.523,8.141,8.853,9.605,10.451,11.333,12.133,12.998,14.053,15.314,15.756,16.228,16.479,16.576,15.282,14.291,14.622,14.598,14.363,14.746,14.751,14.506,14.277,14.178,14.044,14.023,14.182
5,Male,4.083,4.388,5.107,5.353,5.566,5.805,6.075,6.388,6.733,7.063,7.278,7.736,8.423,9.149,9.914,10.815,11.639,12.481,13.457,14.786,15.542,15.890,16.279,16.481,15.956,14.362,14.356,14.692,14.201,14.399,14.548,14.482,14.109,14.093,13.939,13.876,14.095
6,Male,3.879,4.213,4.681,5.206,5.410,5.634,5.887,6.181,6.508,6.851,7.125,7.400,8.017,8.725,9.444,10.284,11.160,11.992,12.953,14.052,15.294,15.708,15.968,16.305,16.071,14.978,14.201,14.498,14.419,14.055,14.370,14.348,14.037,13.919,13.879,13.844,13.909
7,Male,3.701,4.013,4.314,5.023,5.270,5.481,5.719,5.991,6.299,6.628,6.958,7.174,7.632,8.318,9.019,9.779,10.675,11.524,12.447,13.460,14.773,15.504,15.671,16.132,15.993,15.486,14.282,14.248,14.592,13.953,14.081,14.204,14.040,13.726,13.821,13.757,13.777
8,Male,3.550,3.823,4.155,4.619,5.138,5.341,5.564,5.819,6.103,6.405,6.746,7.020,7.295,7.917,8.618,9.333,10.168,11.065,11.964,12.957,14.042,15.261,15.520,15.840,15.830,15.553,14.713,14.157,14.390,14.199,13.796,14.038,13.983,13.644,13.670,13.713,13.757
9,Male,3.423,3.656,3.965,4.265,4.968,5.212,5.422,5.662,5.920,6.186,6.512,6.839,7.053,7.526,8.226,8.924,9.680,10.593,11.502,12.451,13.451,14.745,15.342,15.559,15.628,15.471,15.037,14.228,14.129,14.374,13.732,13.791,13.882,13.669,13.496,13.668,13.679
10,Male,3.317,3.511,3.782,4.112,4.573,5.087,5.290,5.515,5.746,5.969,6.265,6.602,6.870,7.171,7.832,8.528,9.239,10.094,11.045,11.968,12.950,14.017,15.117,15.423,15.273,15.301,15.047,14.467,14.073,14.126,13.986,13.559,13.724,13.675,13.426,13.527,13.641
11,Male,3.229,3.389,3.619,3.927,4.226,4.923,5.166,5.378,5.584,5.753,6.012,6.330,6.649,6.898,7.436,8.131,8.825,9.605,10.577,11.506,12.445,13.429,14.609,15.245,14.947,15.028,14.955,14.600,14.114,13.786,14.157,13.527,13.513,13.589,13.451,13.354,13.599
12,Male,3.162,3.285,3.477,3.747,4.075,4.532,5.043,5.248,5.432,5.547,5.761,6.046,6.371,6.681,7.067,7.721,8.413,9.156,10.082,11.054,11.966,12.927,13.876,15.011,14.758,14.581,14.771,14.547,14.161,13.687,13.852,13.786,13.329,13.435,13.449,13.278,13.453
13,Male,3.095,3.196,3.355,3.583,3.889,4.184,4.876,5.121,5.287,5.356,5.514,5.761,6.065,6.428,6.774,7.304,7.992,8.727,9.599,10.597,11.511,12.425,13.259,14.491,14.552,14.177,14.420,14.437,14.140,13.686,13.418,13.947,13.326,13.249,13.348,13.295,13.271
14,Male,3.008,3.127,3.248,3.438,3.704,4.027,4.480,4.991,5.148,5.178,5.282,5.481,5.751,6.122,6.534,6.910,7.557,8.297,9.156,10.122,11.073,11.949,12.702,13.742,14.303,13.926,13.877,14.232,14.022,13.659,13.266,13.582,13.588,13.093,13.172,13.278,13.178
15,Male,2.913,3.054,3.153,3.309,3.532,3.831,4.122,4.815,5.012,5.014,5.070,5.212,5.441,5.792,6.260,6.592,7.114,7.858,8.734,9.668,10.636,11.501,12.115,13.104,13.790,13.694,13.389,13.799,13.891,13.577,13.222,13.049,13.734,13.095,12.954,13.156,13.166
16,Male,2.829,2.960,3.075,3.193,3.378,3.635,3.951,4.410,4.873,4.862,4.880,4.966,5.147,5.461,5.933,6.329,6.696,7.406,8.312,9.261,10.186,11.071,11.528,12.524,13.084,13.433,13.069,13.150,13.664,13.400,13.138,12.839,13.306,13.344,12.760,12.955,13.113
17,Male,2.756,2.856,2.994,3.088,3.237,3.449,3.740,4.039,4.690,4.723,4.711,4.752,4.875,5.144,5.586,6.035,6.358,6.949,7.878,8.880,9.761,10.643,10.951,11.909,12.474,12.952,12.804,12.571,13.153,13.257,12.992,12.748,12.672,13.465,12.725,12.712,12.950
18,Male,2.679,2.764,2.890,2.998,3.108,3.279,3.526,3.853,4.278,4.589,4.565,4.568,4.636,4.852,5.244,5.696,6.082,6.520,7.433,8.500,9.382,10.205,10.386,11.295,11.913,12.315,12.524,12.175,12.436,13.044,12.752,12.604,12.401,12.970,12.938,12.494,12.708
19,Male,2.598,2.683,2.776,2.906,2.989,3.124,3.324,3.627,3.903,4.417,4.438,4.412,4.437,4.592,4.924,5.347,5.784,6.177,6.981,8.108,9.029,9.790,9.831,10.693,11.324,11.751,12.071,11.871,11.784,12.585,12.595,12.390,12.259,12.255,13.033,12.440,12.425
20,Male,2.513,2.598,2.676,2.792,2.889,2.982,3.140,3.401,3.713,4.023,4.321,4.283,4.272,4.369,4.638,5.012,5.452,5.903,6.555,7.697,8.673,9.421,9.281,10.109,10.737,11.233,11.499,11.567,11.336,11.944,12.404,12.087,12.053,11.947,12.530,12.641,12.175
21,Male,2.433,2.509,2.586,2.671,2.787,2.851,2.972,3.189,3.487,3.671,4.170,4.179,4.141,4.190,4.390,4.705,5.117,5.614,6.213,7.276,8.301,9.077,8.776,9.541,10.165,10.693,10.981,11.140,11.020,11.340,12.021,11.918,11.774,11.765,11.821,12.734,12.096
22,Male,2.359,2.419,2.496,2.563,2.666,2.742,2.821,2.997,3.263,3.505,3.804,4.089,4.042,4.051,4.184,4.438,4.802,5.294,5.939,6.871,7.906,8.728,8.341,8.986,9.606,10.156,10.504,10.633,10.682,10.972,11.467,11.749,11.410,11.522,11.527,12.238,12.278
23,Male,2.285,2.336,2.404,2.470,2.541,2.636,2.685,2.825,3.055,3.306,3.482,3.968,3.969,3.949,4.026,4.214,4.521,4.975,5.649,6.543,7.493,8.360,7.955,8.481,9.063,9.629,10.010,10.157,10.293,10.678,10.927,11.441,11.228,11.194,11.364,11.544,12.359
24,Male,2.214,2.260,2.313,2.378,2.432,2.513,2.574,2.671,2.870,3.111,3.346,3.637,3.913,3.880,3.911,4.036,4.283,4.680,5.327,6.274,7.093,7.967,7.587,8.054,8.537,9.103,9.522,9.719,9.829,10.326,10.654,10.975,11.082,10.797,11.146,11.265,11.861
25,Male,2.146,2.187,2.230,2.286,2.339,2.388,2.469,2.536,2.705,2.932,3.177,3.347,3.825,3.836,3.834,3.906,4.088,4.420,5.005,5.983,6.764,7.555,7.219,7.678,8.060,8.590,9.039,9.271,9.402,9.956,10.380,10.500,10.851,10.624,10.853,11.121,11.172
26,Male,2.081,2.117,2.156,2.197,2.249,2.282,2.349,2.429,2.559,2.772,3.008,3.238,3.524,3.806,3.789,3.818,3.938,4.202,4.707,5.655,6.491,7.154,6.844,7.323,7.656,8.091,8.545,8.830,8.992,9.513,10.021,10.323,10.474,10.507,10.495,10.925,10.899
27,Male,2.015,2.051,2.085,2.118,2.161,2.193,2.228,2.327,2.432,2.629,2.852,3.093,3.261,3.741,3.767,3.764,3.834,4.026,4.442,5.324,6.192,6.822,6.463,6.971,7.303,7.639,8.061,8.391,8.579,9.119,9.664,10.070,10.068,10.355,10.357,10.655,10.763
28,Male,1.953,1.989,2.018,2.047,2.076,2.109,2.128,2.212,2.331,2.501,2.712,2.946,3.173,3.462,3.755,3.739,3.767,3.891,4.220,5.012,5.855,6.544,6.100,6.612,6.988,7.247,7.592,7.929,8.186,8.691,9.246,9.706,9.988,10.046,10.268,10.317,10.578
29,Male,1.900,1.926,1.955,1.980,2.001,2.027,2.045,2.097,2.235,2.389,2.584,2.804,3.045,3.217,3.705,3.734,3.732,3.800,4.040,4.732,5.512,6.240,5.813,6.248,6.697,6.908,7.159,7.474,7.772,8.290,8.883,9.362,9.758,9.700,10.138,10.191,10.318
30,Male,1.849,1.868,1.896,1.917,1.935,1.947,1.967,2.003,2.125,2.297,2.467,2.676,2.910,3.141,3.440,3.735,3.720,3.743,3.901,4.493,5.188,5.897,5.582,5.902,6.400,6.635,6.780,7.033,7.335,7.898,8.430,8.971,9.391,9.701,9.844,10.108,9.992
31,Male,1.800,1.818,1.837,1.858,1.872,1.878,1.892,1.926,2.017,2.207,2.361,2.557,2.777,3.021,3.205,3.693,3.724,3.714,3.805,4.295,4.895,5.549,5.329,5.629,6.078,6.409,6.455,6.624,6.913,7.451,8.045,8.638,9.062,9.465,9.505,9.978,9.875
32,Male,1.753,1.769,1.782,1.803,1.814,1.818,1.818,1.853,1.926,2.103,2.274,2.445,2.655,2.892,3.135,3.436,3.731,3.706,3.744,4.137,4.643,5.218,5.038,5.410,5.747,6.172,6.224,6.256,6.489,7.036,7.645,8.164,8.701,9.118,9.507,9.686,9.798
33,Male,1.703,1.723,1.735,1.747,1.760,1.760,1.757,1.783,1.853,1.998,2.188,2.342,2.539,2.763,3.020,3.207,3.693,3.713,3.711,4.022,4.432,4.919,4.741,5.167,5.464,5.884,6.062,5.946,6.106,6.625,7.166,7.797,8.402,8.790,9.274,9.349,9.676
34,Male,1.644,1.678,1.689,1.697,1.709,1.707,1.702,1.715,1.783,1.910,2.086,2.257,2.429,2.642,2.894,3.139,3.440,3.721,3.699,3.942,4.261,4.661,4.461,4.886,5.227,5.552,5.885,5.755,5.741,6.195,6.778,7.391,7.908,8.470,8.931,9.344,9.392
35,Male,1.582,1.631,1.647,1.652,1.657,1.658,1.650,1.658,1.716,1.836,1.982,2.171,2.327,2.526,2.765,3.025,3.213,3.682,3.701,3.891,4.131,4.443,4.210,4.597,4.986,5.242,5.630,5.656,5.443,5.815,6.369,6.878,7.561,8.178,8.600,9.107,9.063
36,Male,1.520,1.575,1.605,1.610,1.611,1.612,1.603,1.608,1.651,1.766,1.893,2.068,2.241,2.416,2.644,2.897,3.144,3.431,3.705,3.860,4.038,4.264,3.997,4.325,4.727,4.974,5.299,5.540,5.287,5.427,5.936,6.518,7.148,7.673,8.273,8.756,9.060
37,Male,1.460,1.515,1.559,1.570,1.570,1.565,1.559,1.561,1.596,1.696,1.817,1.962,2.152,2.312,2.525,2.767,3.026,3.203,3.663,3.845,3.973,4.128,3.821,4.080,4.462,4.736,4.960,5.321,5.235,5.124,5.556,6.114,6.605,7.349,7.977,8.420,8.828
38,Male,1.405,1.456,1.507,1.531,1.530,1.521,1.517,1.518,1.547,1.628,1.743,1.870,2.045,2.222,2.412,2.642,2.895,3.130,3.410,3.832,3.930,4.028,3.682,3.872,4.217,4.501,4.664,4.994,5.181,4.945,5.148,5.680,6.275,6.917,7.471,8.086,8.481
39,Male,1.358,1.398,1.449,1.488,1.494,1.484,1.474,1.477,1.502,1.569,1.670,1.790,1.935,2.129,2.306,2.521,2.762,3.010,3.182,3.775,3.903,3.955,3.582,3.699,4.000,4.266,4.433,4.631,5.008,4.902,4.840,5.304,5.881,6.366,7.148,7.785,8.151
40,Male,1.315,1.344,1.393,1.439,1.457,1.448,1.434,1.439,1.460,1.517,1.598,1.712,1.839,2.019,2.214,2.405,2.634,2.876,3.105,3.510,3.877,3.905,3.514,3.562,3.814,4.057,4.226,4.311,4.679,4.922,4.633,4.880,5.450,6.072,6.728,7.285,7.823
41,Male,1.272,1.300,1.338,1.384,1.417,1.415,1.401,1.399,1.419,1.467,1.534,1.635,1.755,1.906,2.118,2.296,2.510,2.741,2.984,3.271,3.809,3.870,3.472,3.461,3.650,3.878,4.024,4.089,4.281,4.777,4.601,4.569,5.080,5.671,6.183,6.961,7.528
42,Male,1.229,1.260,1.286,1.330,1.370,1.382,1.368,1.362,1.381,1.420,1.477,1.557,1.671,1.805,2.003,2.199,2.389,2.611,2.849,3.183,3.538,3.837,3.448,3.392,3.505,3.720,3.856,3.916,3.957,4.387,4.700,4.337,4.642,5.256,5.886,6.538,7.035
43,Male,1.185,1.218,1.243,1.276,1.318,1.344,1.339,1.332,1.341,1.375,1.422,1.489,1.587,1.715,1.885,2.097,2.274,2.482,2.713,3.050,3.293,3.762,3.438,3.346,3.390,3.567,3.716,3.752,3.760,3.971,4.580,4.320,4.329,4.880,5.490,5.998,6.716
44,Male,1.138,1.176,1.204,1.228,1.266,1.300,1.308,1.302,1.305,1.332,1.370,1.426,1.505,1.625,1.779,1.977,2.170,2.358,2.582,2.906,3.197,3.490,3.427,3.318,3.303,3.414,3.591,3.627,3.616,3.707,4.122,4.501,4.073,4.442,5.083,5.702,6.301
45,Male,1.089,1.134,1.164,1.187,1.215,1.251,1.274,1.274,1.275,1.289,1.321,1.367,1.433,1.537,1.684,1.852,2.061,2.237,2.454,2.761,3.057,3.244,3.373,3.302,3.240,3.283,3.451,3.529,3.488,3.539,3.695,4.405,4.071,4.128,4.719,5.312,5.772
46,Male,1.040,1.089,1.124,1.150,1.168,1.203,1.232,1.245,1.246,1.251,1.277,1.314,1.368,1.453,1.588,1.741,1.934,2.128,2.328,2.622,2.906,3.142,3.126,3.286,3.197,3.176,3.289,3.437,3.392,3.403,3.493,3.877,4.333,3.852,4.294,4.913,5.481
47,Male,0.994,1.041,1.084,1.111,1.129,1.153,1.185,1.213,1.220,1.221,1.235,1.266,1.311,1.380,1.494,1.639,1.804,2.015,2.207,2.486,2.756,3.000,2.903,3.226,3.163,3.096,3.143,3.310,3.332,3.270,3.352,3.437,4.259,3.878,3.993,4.556,5.100
48,Male,0.949,0.994,1.040,1.072,1.094,1.109,1.139,1.173,1.192,1.194,1.198,1.224,1.261,1.315,1.405,1.538,1.686,1.884,2.098,2.354,2.612,2.847,2.819,2.982,3.126,3.038,3.017,3.142,3.272,3.164,3.221,3.296,3.663,4.200,3.728,4.143,4.709
49,Male,0.908,0.948,0.993,1.033,1.057,1.071,1.092,1.127,1.160,1.169,1.170,1.183,1.214,1.259,1.327,1.438,1.578,1.750,1.984,2.226,2.470,2.694,2.693,2.762,3.051,2.985,2.922,2.982,3.157,3.125,3.076,3.182,3.208,4.120,3.746,3.845,4.361
50,Male,0.869,0.905,0.947,0.989,1.018,1.037,1.048,1.081,1.120,1.141,1.143,1.147,1.173,1.208,1.257,1.343,1.472,1.628,1.852,2.110,2.333,2.548,2.556,2.673,2.821,2.928,2.848,2.838,2.990,3.086,2.958,3.057,3.127,3.467,4.044,3.582,3.956
51,Male,0.831,0.864,0.902,0.944,0.980,1.001,1.013,1.035,1.075,1.109,1.117,1.119,1.132,1.161,1.197,1.261,1.368,1.517,1.718,1.990,2.202,2.405,2.418,2.546,2.628,2.840,2.778,2.727,2.815,2.992,2.939,2.900,3.036,3.031,3.968,3.595,3.665
52,Male,0.798,0.826,0.859,0.898,0.938,0.963,0.980,0.993,1.030,1.069,1.089,1.092,1.097,1.120,1.143,1.188,1.271,1.408,1.597,1.854,2.083,2.266,2.286,2.410,2.536,2.641,2.702,2.641,2.655,2.836,2.920,2.770,2.919,2.994,3.347,3.878,3.409
53,Male,0.766,0.789,0.819,0.855,0.893,0.926,0.944,0.958,0.985,1.025,1.058,1.066,1.069,1.079,1.094,1.127,1.188,1.304,1.485,1.717,1.959,2.134,2.157,2.275,2.410,2.483,2.603,2.555,2.540,2.646,2.852,2.773,2.750,2.915,2.929,3.797,3.416
54,Male,0.730,0.756,0.783,0.813,0.849,0.885,0.907,0.926,0.943,0.981,1.019,1.039,1.042,1.044,1.053,1.073,1.115,1.208,1.378,1.592,1.821,2.013,2.031,2.145,2.274,2.392,2.441,2.463,2.447,2.492,2.706,2.776,2.608,2.806,2.892,3.201,3.682
55,Male,0.693,0.724,0.746,0.773,0.806,0.841,0.871,0.891,0.909,0.937,0.975,1.008,1.017,1.016,1.012,1.025,1.054,1.125,1.273,1.477,1.683,1.889,1.909,2.018,2.135,2.271,2.318,2.355,2.351,2.404,2.498,2.732,2.633,2.622,2.815,2.802,3.601
56,Male,0.657,0.690,0.713,0.738,0.765,0.798,0.831,0.855,0.877,0.894,0.931,0.968,0.988,0.989,0.978,0.984,1.003,1.054,1.177,1.367,1.557,1.752,1.800,1.896,2.012,2.133,2.229,2.230,2.239,2.319,2.354,2.596,2.657,2.482,2.711,2.763,3.029
57,Male,0.623,0.653,0.683,0.702,0.727,0.757,0.789,0.819,0.842,0.858,0.885,0.922,0.954,0.962,0.951,0.946,0.956,0.995,1.093,1.261,1.440,1.615,1.687,1.778,1.900,1.994,2.115,2.143,2.123,2.214,2.293,2.369,2.636,2.523,2.537,2.685,2.643
58,Male,0.589,0.617,0.648,0.670,0.693,0.716,0.746,0.780,0.805,0.825,0.841,0.877,0.913,0.931,0.924,0.912,0.917,0.943,1.021,1.162,1.329,1.490,1.560,1.672,1.797,1.880,1.975,2.058,2.040,2.082,2.217,2.234,2.508,2.557,2.400,2.580,2.599
59,Male,0.556,0.584,0.611,0.640,0.656,0.679,0.706,0.739,0.770,0.791,0.807,0.832,0.868,0.897,0.897,0.886,0.879,0.898,0.961,1.076,1.221,1.374,1.433,1.564,1.690,1.788,1.837,1.950,1.972,1.970,2.101,2.198,2.259,2.553,2.431,2.408,2.521
60,Male,0.524,0.551,0.575,0.605,0.624,0.644,0.666,0.696,0.731,0.756,0.776,0.792,0.826,0.859,0.868,0.859,0.846,0.858,0.908,1.001,1.122,1.262,1.316,1.442,1.581,1.707,1.731,1.808,1.891,1.893,1.945,2.129,2.131,2.420,2.452,2.269,2.415
61,Male,0.493,0.517,0.543,0.567,0.595,0.607,0.628,0.656,0.690,0.723,0.743,0.759,0.784,0.816,0.834,0.834,0.821,0.822,0.861,0.938,1.034,1.155,1.208,1.319,1.467,1.609,1.658,1.667,1.786,1.817,1.837,1.999,2.117,2.154,2.436,2.285,2.244
62,Male,0.462,0.485,0.510,0.532,0.559,0.576,0.594,0.616,0.649,0.686,0.710,0.730,0.746,0.775,0.798,0.805,0.796,0.789,0.820,0.882,0.958,1.056,1.104,1.206,1.341,1.494,1.600,1.570,1.637,1.746,1.759,1.818,2.054,2.042,2.302,2.293,2.104
63,Male,0.432,0.454,0.476,0.500,0.521,0.545,0.557,0.578,0.608,0.647,0.678,0.698,0.714,0.736,0.755,0.773,0.771,0.763,0.781,0.832,0.894,0.969,1.005,1.102,1.218,1.371,1.512,1.518,1.497,1.636,1.676,1.714,1.911,2.035,2.045,2.264,2.110
64,Male,0.404,0.422,0.443,0.466,0.486,0.510,0.524,0.544,0.568,0.607,0.643,0.666,0.685,0.698,0.716,0.737,0.743,0.738,0.745,0.788,0.836,0.893,0.912,1.003,1.109,1.238,1.392,1.485,1.408,1.476,1.617,1.638,1.706,1.975,1.926,2.125,2.107
65,Male,0.377,0.392,0.412,0.433,0.454,0.472,0.495,0.507,0.531,0.567,0.604,0.634,0.654,0.667,0.677,0.696,0.711,0.713,0.716,0.746,0.784,0.828,0.832,0.908,1.010,1.115,1.261,1.408,1.379,1.333,1.499,1.549,1.609,1.814,1.904,1.876,2.069
66,Male,0.352,0.366,0.383,0.402,0.424,0.441,0.463,0.476,0.496,0.523,0.560,0.594,0.617,0.637,0.644,0.661,0.680,0.685,0.687,0.699,0.732,0.771,0.785,0.817,0.903,0.994,1.102,1.245,1.329,1.237,1.311,1.464,1.495,1.571,1.814,1.746,1.940
67,Male,0.326,0.340,0.354,0.373,0.392,0.411,0.428,0.449,0.461,0.484,0.517,0.551,0.581,0.601,0.614,0.625,0.642,0.657,0.659,0.660,0.684,0.713,0.748,0.744,0.805,0.888,0.970,1.090,1.218,1.198,1.165,1.321,1.378,1.443,1.640,1.702,1.704
68,Male,0.299,0.316,0.328,0.343,0.361,0.380,0.396,0.417,0.430,0.448,0.474,0.508,0.540,0.563,0.582,0.590,0.605,0.623,0.629,0.630,0.637,0.662,0.693,0.700,0.722,0.791,0.863,0.951,1.075,1.152,1.079,1.152,1.298,1.338,1.416,1.615,1.578
69,Male,0.270,0.290,0.302,0.315,0.332,0.349,0.367,0.382,0.402,0.413,0.435,0.465,0.497,0.526,0.545,0.558,0.568,0.584,0.598,0.599,0.597,0.615,0.637,0.663,0.655,0.703,0.768,0.835,0.939,1.053,1.042,1.021,1.168,1.229,1.296,1.454,1.532
70,Male,0.240,0.262,0.277,0.288,0.302,0.318,0.336,0.350,0.369,0.382,0.399,0.423,0.454,0.484,0.506,0.525,0.531,0.546,0.564,0.568,0.566,0.568,0.588,0.611,0.612,0.627,0.682,0.740,0.817,0.927,0.999,0.943,1.016,1.153,1.196,1.249,1.447
71,Male,0.211,0.233,0.251,0.263,0.274,0.289,0.304,0.321,0.335,0.353,0.364,0.383,0.411,0.442,0.468,0.487,0.499,0.508,0.523,0.536,0.534,0.530,0.542,0.558,0.577,0.566,0.603,0.656,0.715,0.807,0.910,0.907,0.896,1.033,1.093,1.137,1.296
72,Male,0.184,0.205,0.224,0.237,0.247,0.260,0.274,0.290,0.303,0.321,0.332,0.348,0.370,0.399,0.427,0.448,0.464,0.470,0.484,0.500,0.501,0.497,0.498,0.511,0.528,0.526,0.536,0.580,0.631,0.699,0.798,0.867,0.824,0.894,1.021,1.043,1.107
73,Male,0.158,0.178,0.197,0.212,0.222,0.232,0.245,0.259,0.274,0.287,0.304,0.313,0.332,0.357,0.385,0.409,0.425,0.436,0.446,0.459,0.468,0.465,0.460,0.468,0.480,0.493,0.480,0.511,0.557,0.609,0.692,0.785,0.788,0.785,0.910,0.948,1.001
74,Male,0.135,0.152,0.169,0.186,0.198,0.207,0.218,0.230,0.244,0.257,0.272,0.283,0.297,0.317,0.343,0.368,0.386,0.401,0.408,0.420,0.432,0.433,0.428,0.426,0.436,0.448,0.445,0.451,0.490,0.535,0.596,0.685,0.749,0.717,0.782,0.879,0.912
75,Male,0.115,0.128,0.144,0.161,0.174,0.182,0.191,0.203,0.215,0.228,0.240,0.255,0.264,0.280,0.303,0.327,0.348,0.363,0.374,0.382,0.392,0.399,0.396,0.390,0.396,0.404,0.414,0.403,0.429,0.470,0.516,0.591,0.675,0.682,0.682,0.777,0.822
76,Male,0.097,0.108,0.121,0.136,0.150,0.159,0.167,0.177,0.188,0.200,0.211,0.225,0.234,0.247,0.265,0.288,0.309,0.325,0.339,0.345,0.355,0.364,0.364,0.359,0.357,0.365,0.374,0.371,0.377,0.411,0.451,0.506,0.585,0.643,0.619,0.663,0.757
77,Male,0.080,0.090,0.101,0.113,0.127,0.137,0.145,0.153,0.163,0.173,0.185,0.195,0.207,0.216,0.230,0.250,0.271,0.288,0.302,0.312,0.318,0.327,0.333,0.330,0.324,0.329,0.335,0.343,0.335,0.358,0.394,0.436,0.501,0.576,0.584,0.573,0.664
78,Male,0.065,0.074,0.083,0.093,0.105,0.117,0.125,0.131,0.139,0.149,0.159,0.168,0.180,0.189,0.200,0.215,0.234,0.252,0.266,0.278,0.283,0.292,0.300,0.300,0.295,0.294,0.300,0.308,0.306,0.313,0.342,0.378,0.426,0.494,0.546,0.515,0.561
79,Male,0.052,0.060,0.067,0.076,0.086,0.097,0.105,0.112,0.118,0.126,0.135,0.144,0.153,0.164,0.171,0.184,0.200,0.217,0.232,0.244,0.252,0.258,0.265,0.271,0.268,0.264,0.268,0.273,0.281,0.276,0.296,0.327,0.363,0.419,0.483,0.481,0.480
80,Male,0.043,0.047,0.055,0.061,0.069,0.079,0.087,0.094,0.099,0.106,0.113,0.122,0.129,0.139,0.147,0.156,0.168,0.184,0.199,0.211,0.221,0.226,0.233,0.240,0.241,0.238,0.237,0.243,0.250,0.249,0.256,0.281,0.311,0.352,0.411,0.445,0.426
81,Male,0.035,0.037,0.043,0.049,0.055,0.062,0.070,0.077,0.082,0.088,0.095,0.101,0.109,0.116,0.125,0.131,0.141,0.154,0.168,0.180,0.190,0.197,0.202,0.209,0.214,0.213,0.210,0.214,0.219,0.226,0.222,0.240,0.266,0.296,0.343,0.389,0.392
82,Male,0.028,0.030,0.033,0.038,0.043,0.049,0.056,0.063,0.067,0.072,0.077,0.083,0.090,0.096,0.103,0.110,0.117,0.127,0.139,0.151,0.161,0.169,0.174,0.180,0.187,0.187,0.186,0.186,0.191,0.197,0.198,0.204,0.225,0.250,0.284,0.324,0.356
83,Male,0.023,0.024,0.026,0.029,0.033,0.038,0.043,0.049,0.054,0.058,0.062,0.067,0.073,0.079,0.084,0.091,0.096,0.103,0.114,0.124,0.134,0.142,0.148,0.153,0.159,0.163,0.163,0.161,0.165,0.170,0.176,0.174,0.188,0.209,0.234,0.265,0.305
84,Male,0.017,0.018,0.020,0.022,0.025,0.029,0.033,0.038,0.042,0.046,0.049,0.053,0.058,0.063,0.067,0.074,0.078,0.084,0.091,0.100,0.110,0.117,0.124,0.127,0.133,0.138,0.140,0.139,0.140,0.144,0.150,0.151,0.156,0.173,0.192,0.213,0.248
85,Male,0.013,0.014,0.015,0.016,0.019,0.022,0.024,0.028,0.032,0.036,0.039,0.042,0.045,0.049,0.053,0.058,0.063,0.066,0.072,0.079,0.087,0.095,0.101,0.106,0.110,0.115,0.118,0.118,0.118,0.121,0.125,0.130,0.129,0.140,0.157,0.169,0.197
86,Male,0.010,0.011,0.011,0.012,0.014,0.016,0.018,0.021,0.024,0.027,0.030,0.032,0.035,0.038,0.042,0.045,0.049,0.052,0.056,0.062,0.069,0.075,0.081,0.086,0.089,0.093,0.097,0.099,0.099,0.100,0.104,0.108,0.109,0.113,0.126,0.135,0.154
87,Male,0.008,0.008,0.008,0.009,0.010,0.012,0.013,0.015,0.018,0.020,0.023,0.025,0.027,0.029,0.032,0.035,0.037,0.041,0.043,0.047,0.053,0.058,0.064,0.068,0.072,0.075,0.078,0.081,0.082,0.082,0.085,0.088,0.092,0.092,0.099,0.105,0.119
88,Male,0.006,0.005,0.006,0.006,0.007,0.008,0.010,0.011,0.013,0.015,0.017,0.018,0.020,0.022,0.024,0.026,0.028,0.031,0.033,0.036,0.040,0.044,0.049,0.053,0.056,0.059,0.062,0.065,0.066,0.067,0.068,0.071,0.074,0.075,0.078,0.081,0.091
89,Male,0.004,0.004,0.004,0.005,0.005,0.006,0.007,0.008,0.009,0.010,0.012,0.013,0.015,0.016,0.018,0.019,0.021,0.023,0.025,0.027,0.030,0.033,0.037,0.040,0.043,0.046,0.048,0.051,0.053,0.053,0.053,0.056,0.058,0.061,0.061,0.061,0.069
90,Male,0.003,0.003,0.003,0.003,0.003,0.004,0.004,0.005,0.006,0.007,0.008,0.010,0.010,0.011,0.013,0.014,0.015,0.017,0.019,0.020,0.022,0.024,0.027,0.030,0.033,0.035,0.037,0.039,0.041,0.042,0.042,0.043,0.045,0.047,0.049,0.046,0.051
91,Male,0.002,0.002,0.002,0.002,0.002,0.003,0.003,0.004,0.004,0.005,0.006,0.007,0.007,0.008,0.009,0.010,0.011,0.012,0.013,0.014,0.016,0.017,0.020,0.022,0.024,0.026,0.027,0.029,0.031,0.032,0.032,0.033,0.034,0.036,0.038,0.034,0.037
92,Male,0.001,0.001,0.001,0.001,0.002,0.002,0.002,0.002,0.003,0.003,0.004,0.004,0.005,0.006,0.006,0.007,0.008,0.008,0.009,0.010,0.011,0.012,0.014,0.016,0.017,0.019,0.020,0.021,0.023,0.024,0.024,0.025,0.026,0.027,0.029,0.026,0.027
93,Male,0.001,0.001,0.001,0.001,0.001,0.001,0.001,0.001,0.002,0.002,0.002,0.003,0.003,0.004,0.004,0.005,0.005,0.006,0.006,0.007,0.008,0.008,0.009,0.011,0.012,0.013,0.014,0.015,0.016,0.017,0.018,0.018,0.019,0.020,0.021,0.019,0.019
94,Male,0.001,0.001,0.001,0.001,0.001,0.001,0.001,0.001,0.001,0.001,0.002,0.002,0.002,0.002,0.003,0.003,0.003,0.004,0.004,0.005,0.005,0.006,0.006,0.007,0.008,0.009,0.010,0.011,0.011,0.012,0.013,0.013,0.013,0.014,0.015,0.014,0.013
95,Male,0.001,0.001,0.000,0.000,0.000,0.000,0.001,0.001,0.001,0.001,0.001,0.001,0.001,0.002,0.002,0.002,0.002,0.002,0.003,0.003,0.003,0.004,0.004,0.005,0.005,0.006,0.007,0.007,0.008,0.008,0.009,0.009,0.009,0.010,0.010,0.010,0.010
96,Male,0.000,0.000,0.000,0.000,0.000,0.000,0.000,0.000,0.000,0.000,0.001,0.001,0.001,0.001,0.001,0.001,0.001,0.002,0.002,0.002,0.002,0.002,0.003,0.003,0.003,0.004,0.004,0.005,0.005,0.005,0.006,0.006,0.007,0.007,0.007,0.006,0.007
97,Male,0.000,0.000,0.000,0.000,0.000,0.000,0.000,0.000,0.000,0.000,0.000,0.000,0.000,0.001,0.001,0.001,0.001,0.001,0.001,0.001,0.001,0.002,0.002,0.002,0.002,0.002,0.003,0.003,0.003,0.004,0.004,0.004,0.004,0.005,0.005,0.004,0.004
98,Male,0.000,0.000,0.000,0.000,0.000,0.000,0.000,0.000,0.000,0.000,0.000,0.000,0.000,0.000,0.000,0.000,0.000,0.001,0.001,0.001,0.001,0.001,0.001,0.001,0.001,0.001,0.002,0.002,0.002,0.002,0.002,0.003,0.003,0.003,0.003,0.003,0.003
99,Male,0.000,0.000,0.000,0.000,0.000,0.000,0.000,0.000,0.000,0.000,0.000,0.000,0.000,0.000,0.000,0.000,0.000,0.000,0.000,0.000,0.000,0.001,0.001,0.001,0.001,0.001,0.001,0.001,0.001,0.001,0.002,0.002,0.002,0.002,0.002,0.002,0.002
100,Male,0.000,0.000,0.000,0.000,0.000,0.000,0.000,0.000,0.000,0.000,0.000,0.000,0.000,0.000,0.000,0.000,0.000,0.000,0.000,0.000,0.000,0.000,0.000,0.000,0.000,0.000,0.001,0.001,0.001,0.001,0.002,0.002,0.002,0.002,0.002,0.002,0.002
0,Female,6.158,6.359,6.585,6.845,7.139,7.466,7.825,8.207,8.729,9.369,10.096,10.856,11.667,12.498,13.296,14.097,14.809,15.489,15.843,16.353,16.959,17.392,16.174,15.400,15.617,15.808,15.773,16.112,16.261,16.020,15.406,15.199,14.880,14.724,14.592,14.405,14.205
1,Female,5.569,5.828,6.035,6.275,6.546,6.852,7.191,7.553,7.935,8.407,9.097,9.827,10.602,11.458,12.282,13.074,13.849,14.735,15.426,15.810,16.487,16.946,16.573,14.892,14.901,15.166,15.049,15.197,15.459,15.559,14.975,14.756,14.610,14.329,14.340,14.219,14.137
2,Female,5.019,5.505,5.706,5.930,6.185,6.475,6.798,7.161,7.483,7.781,8.399,9.106,9.853,10.701,11.572,12.366,13.164,14.017,15.121,15.578,16.075,16.618,16.603,15.523,14.521,14.786,14.829,14.651,15.036,15.142,14.921,14.484,14.522,14.272,14.092,14.120,14.064
3,Female,4.622,5.212,5.470,5.680,5.920,6.191,6.499,6.846,7.192,7.419,7.889,8.571,9.296,10.088,10.984,11.804,12.594,13.429,14.605,15.356,15.720,16.350,16.454,16.248,14.559,14.567,14.758,14.482,14.613,14.829,14.924,14.367,14.335,14.286,13.935,14.051,14.005
4,Female,4.409,4.807,5.281,5.483,5.708,5.963,6.253,6.581,6.934,7.192,7.494,8.109,8.815,9.566,10.416,11.283,12.075,12.921,13.933,15.096,15.533,15.995,16.241,16.375,15.281,14.431,14.614,14.580,14.285,14.590,14.717,14.443,14.074,14.251,13.961,13.874,13.964
5,Female,4.188,4.487,5.066,5.322,5.532,5.771,6.042,6.354,6.694,6.999,7.230,7.700,8.380,9.104,9.882,10.773,11.589,12.417,13.375,14.602,15.334,15.669,16.050,16.284,15.938,14.544,14.495,14.662,14.236,14.271,14.474,14.536,13.947,14.045,14.005,13.743,13.924
6,Female,3.988,4.315,4.708,5.177,5.378,5.603,5.857,6.150,6.474,6.799,7.058,7.362,7.977,8.678,9.409,10.254,11.116,11.939,12.884,13.940,15.085,15.498,15.749,16.108,16.063,15.154,14.454,14.579,14.448,14.008,14.264,14.406,14.055,13.743,13.991,13.787,13.768
7,Female,3.813,4.118,4.414,4.987,5.242,5.451,5.690,5.963,6.272,6.593,6.898,7.131,7.602,8.279,8.982,9.756,10.644,11.481,12.391,13.385,14.596,15.306,15.463,15.944,15.974,15.675,14.591,14.500,14.595,13.972,13.999,14.185,14.201,13.600,13.804,13.843,13.652
8,Female,3.663,3.932,4.257,4.647,5.112,5.313,5.537,5.793,6.084,6.394,6.719,6.979,7.284,7.899,8.587,9.314,10.156,11.033,11.916,12.894,13.936,15.061,15.322,15.663,15.806,15.757,15.062,14.518,14.523,14.165,13.768,13.976,14.126,13.729,13.515,13.839,13.705
9,Female,3.537,3.768,4.071,4.365,4.934,5.187,5.396,5.637,5.908,6.205,6.526,6.831,7.065,7.540,8.216,8.918,9.690,10.582,11.461,12.399,13.382,14.575,15.153,15.394,15.652,15.643,15.430,14.660,14.450,14.282,13.717,13.750,13.913,13.907,13.376,13.655,13.769
10,Female,3.428,3.625,3.891,4.215,4.603,5.064,5.265,5.490,5.742,6.019,6.329,6.653,6.914,7.231,7.862,8.550,9.277,10.117,11.012,11.925,12.891,13.918,14.925,15.271,15.384,15.465,15.457,14.981,14.494,14.151,13.874,13.543,13.700,13.868,13.495,13.363,13.768
11,Female,3.336,3.504,3.731,4.033,4.326,4.890,5.143,5.352,5.587,5.837,6.133,6.452,6.757,7.010,7.522,8.200,8.902,9.667,10.562,11.470,12.399,13.365,14.446,15.109,15.140,15.303,15.313,15.191,14.627,13.995,13.948,13.476,13.509,13.643,13.656,13.214,13.585
12,Female,3.266,3.395,3.591,3.857,4.177,4.563,5.021,5.224,5.441,5.666,5.942,6.249,6.572,6.854,7.225,7.859,8.547,9.265,10.097,11.027,11.928,12.875,13.778,14.881,15.007,15.043,15.122,15.161,14.805,13.993,13.748,13.592,13.326,13.429,13.594,13.321,13.288
13,Female,3.198,3.303,3.470,3.697,3.996,4.287,4.847,5.101,5.305,5.511,5.759,6.053,6.370,6.698,7.012,7.528,8.206,8.897,9.649,10.589,11.483,12.384,13.191,14.399,14.841,14.801,14.949,14.981,14.887,14.115,13.494,13.621,13.237,13.258,13.347,13.466,13.125
14,Female,3.111,3.232,3.360,3.555,3.818,4.135,4.519,4.976,5.176,5.368,5.591,5.865,6.170,6.515,6.860,7.236,7.871,8.547,9.249,10.148,11.056,11.919,12.635,13.726,14.609,14.648,14.689,14.771,14.798,14.249,13.435,13.347,13.310,13.076,13.102,13.386,13.211
15,Female,3.016,3.161,3.265,3.430,3.654,3.949,4.237,4.799,5.051,5.235,5.440,5.687,5.979,6.317,6.705,7.026,7.543,8.208,8.884,9.732,10.642,11.481,12.049,13.125,14.138,14.468,14.443,14.577,14.582,14.285,13.545,12.990,13.290,12.955,12.897,13.116,13.325
16,Female,2.933,3.071,3.190,3.316,3.507,3.764,4.078,4.464,4.923,5.112,5.303,5.526,5.798,6.121,6.524,6.874,7.253,7.874,8.539,9.374,10.228,11.064,11.460,12.554,13.491,14.228,14.263,14.311,14.354,14.163,13.648,12.869,12.939,12.984,12.680,12.849,13.208
17,Female,2.862,2.971,3.114,3.215,3.375,3.593,3.883,4.175,4.743,4.995,5.179,5.383,5.630,5.936,6.323,6.717,7.039,7.544,8.205,9.056,9.846,10.663,10.883,11.949,12.894,13.777,14.064,14.054,14.137,13.945,13.634,12.964,12.476,12.916,12.528,12.623,12.898
18,Female,2.786,2.883,3.019,3.134,3.255,3.438,3.690,4.009,4.407,4.876,5.065,5.256,5.479,5.760,6.121,6.528,6.879,7.250,7.877,8.758,9.522,10.263,10.324,11.340,12.319,13.161,13.811,13.841,13.877,13.723,13.480,13.033,12.292,12.496,12.532,12.390,12.592
19,Female,2.705,2.809,2.914,3.052,3.148,3.299,3.510,3.806,4.116,4.703,4.956,5.139,5.346,5.597,5.925,6.316,6.711,7.029,7.554,8.469,9.236,9.895,9.789,10.741,11.709,12.567,13.376,13.618,13.594,13.524,13.264,12.969,12.371,11.949,12.446,12.225,12.330
20,Female,2.624,2.728,2.822,2.952,3.061,3.171,3.348,3.607,3.947,4.375,4.842,5.032,5.225,5.449,5.739,6.102,6.510,6.860,7.265,8.179,8.964,9.583,9.274,10.161,11.092,11.986,12.786,13.344,13.347,13.273,13.047,12.781,12.405,11.729,12.016,12.220,12.067
21,Female,2.547,2.644,2.743,2.843,2.974,3.059,3.202,3.423,3.743,4.090,4.674,4.927,5.113,5.315,5.563,5.893,6.285,6.683,7.049,7.885,8.696,9.307,8.816,9.607,10.479,11.376,12.191,12.922,13.109,12.955,12.872,12.567,12.292,11.794,11.466,12.131,11.879
22,Female,2.472,2.560,2.660,2.748,2.870,2.967,3.071,3.257,3.541,3.921,4.348,4.815,5.007,5.193,5.401,5.692,6.056,6.472,6.883,7.617,8.420,9.043,8.441,9.079,9.872,10.761,11.605,12.356,12.798,12.719,12.624,12.357,12.073,11.801,11.243,11.700,11.859
23,Female,2.400,2.481,2.574,2.666,2.760,2.878,2.956,3.109,3.355,3.717,4.063,4.645,4.900,5.077,5.255,5.502,5.832,6.236,6.709,7.412,8.133,8.777,8.129,8.610,9.299,10.133,10.994,11.758,12.398,12.451,12.276,12.208,11.866,11.652,11.304,11.148,11.759
24,Female,2.329,2.406,2.489,2.582,2.663,2.774,2.863,2.976,3.187,3.511,3.890,4.316,4.783,4.964,5.121,5.327,5.617,5.997,6.500,7.248,7.867,8.502,7.851,8.227,8.766,9.499,10.374,11.162,11.848,12.096,12.056,11.965,11.665,11.417,11.311,10.925,11.326
25,Female,2.261,2.333,2.410,2.496,2.581,2.664,2.774,2.861,3.038,3.319,3.679,4.025,4.604,4.850,4.993,5.170,5.415,5.765,6.264,7.069,7.656,8.214,7.593,7.908,8.300,8.910,9.731,10.544,11.260,11.722,11.748,11.585,11.544,11.221,11.168,10.988,10.777
26,Female,2.195,2.263,2.335,2.412,2.498,2.568,2.671,2.769,2.903,3.143,3.466,3.842,4.266,4.722,4.871,5.025,5.230,5.542,6.026,6.849,7.484,7.942,7.341,7.624,7.917,8.378,9.068,9.918,10.646,11.210,11.356,11.382,11.308,11.026,10.942,11.000,10.560
27,Female,2.131,2.196,2.263,2.334,2.414,2.488,2.564,2.682,2.787,2.984,3.263,3.620,3.963,4.534,4.751,4.890,5.064,5.335,5.792,6.599,7.295,7.725,7.089,7.361,7.596,7.920,8.461,9.258,10.022,10.645,11.003,11.036,10.901,10.938,10.753,10.862,10.630
28,Female,2.069,2.131,2.195,2.262,2.332,2.408,2.471,2.583,2.695,2.840,3.078,3.397,3.770,4.187,4.618,4.762,4.915,5.146,5.568,6.343,7.062,7.547,6.863,7.108,7.328,7.540,7.930,8.566,9.409,10.002,10.540,10.610,10.720,10.696,10.563,10.639,10.651
29,Female,2.010,2.069,2.129,2.192,2.257,2.327,2.394,2.479,2.608,2.716,2.910,3.185,3.539,3.879,4.427,4.640,4.777,4.977,5.358,6.089,6.797,7.349,6.697,6.859,7.107,7.227,7.482,7.944,8.734,9.415,10.000,10.286,10.344,10.281,10.484,10.454,10.523
30,Female,1.952,2.009,2.067,2.126,2.187,2.249,2.318,2.389,2.510,2.617,2.760,2.994,3.309,3.680,4.084,4.507,4.650,4.828,5.166,5.845,6.525,7.108,6.572,6.638,6.894,6.996,7.109,7.419,8.032,8.846,9.335,9.879,9.891,10.131,10.253,10.270,10.314
31,Female,1.895,1.952,2.007,2.063,2.120,2.177,2.240,2.316,2.406,2.527,2.632,2.823,3.093,3.447,3.779,4.320,4.529,4.691,4.994,5.615,6.256,6.835,6.431,6.477,6.667,6.834,6.805,6.985,7.417,8.193,8.798,9.370,9.602,9.717,9.854,10.196,10.142
32,Female,1.839,1.895,1.949,2.002,2.057,2.110,2.166,2.242,2.319,2.427,2.532,2.671,2.902,3.217,3.585,3.983,4.402,4.566,4.841,5.402,5.997,6.555,6.246,6.357,6.442,6.674,6.613,6.620,6.908,7.547,8.280,8.688,9.257,9.279,9.723,9.978,9.971
33,Female,1.784,1.840,1.894,1.944,1.996,2.047,2.098,2.168,2.248,2.325,2.443,2.546,2.733,3.006,3.359,3.686,4.222,4.450,4.700,5.210,5.752,6.279,6.028,6.221,6.256,6.468,6.513,6.328,6.501,6.990,7.656,8.204,8.782,9.018,9.340,9.595,9.910
34,Female,1.728,1.786,1.840,1.889,1.938,1.986,2.034,2.096,2.177,2.240,2.346,2.449,2.585,2.818,3.137,3.499,3.894,4.327,4.572,5.037,5.525,6.012,5.802,6.042,6.113,6.227,6.404,6.176,6.142,6.535,7.079,7.739,8.085,8.740,8.933,9.479,9.706
35,Female,1.673,1.732,1.786,1.836,1.882,1.928,1.975,2.032,2.105,2.174,2.249,2.363,2.465,2.655,2.933,3.281,3.605,4.152,4.451,4.877,5.319,5.760,5.577,5.831,5.969,6.001,6.218,6.136,5.867,6.166,6.582,7.146,7.654,8.278,8.698,9.112,9.338
36,Female,1.621,1.679,1.733,1.784,1.829,1.873,1.918,1.971,2.037,2.107,2.170,2.273,2.373,2.513,2.752,3.066,3.425,3.830,4.324,4.730,5.132,5.526,5.357,5.611,5.791,5.825,5.962,6.079,5.741,5.814,6.186,6.634,7.240,7.582,8.442,8.718,9.232
37,Female,1.569,1.625,1.682,1.731,1.778,1.820,1.862,1.913,1.975,2.041,2.108,2.183,2.294,2.399,2.593,2.867,3.212,3.546,4.146,4.592,4.960,5.314,5.150,5.393,5.584,5.670,5.698,5.916,5.753,5.534,5.853,6.197,6.677,7.210,8.006,8.495,8.878
38,Female,1.515,1.574,1.630,1.681,1.728,1.769,1.809,1.858,1.916,1.978,2.047,2.108,2.211,2.312,2.455,2.690,3.000,3.368,3.822,4.450,4.800,5.121,4.959,5.180,5.380,5.492,5.490,5.648,5.756,5.383,5.517,5.864,6.233,6.832,7.341,8.250,8.495
39,Female,1.462,1.524,1.577,1.631,1.678,1.720,1.759,1.804,1.861,1.919,1.986,2.052,2.125,2.236,2.342,2.534,2.805,3.157,3.536,4.257,4.651,4.943,4.786,4.980,5.180,5.292,5.329,5.350,5.632,5.435,5.228,5.572,5.859,6.307,6.998,7.832,8.281
40,Female,1.411,1.471,1.528,1.580,1.629,1.672,1.710,1.754,1.808,1.865,1.927,1.995,2.055,2.157,2.256,2.397,2.629,2.947,3.357,3.921,4.498,4.777,4.630,4.794,4.981,5.107,5.153,5.116,5.332,5.537,5.050,5.251,5.589,5.924,6.650,7.190,8.047
41,Female,1.359,1.420,1.478,1.530,1.581,1.624,1.663,1.705,1.756,1.812,1.870,1.935,2.001,2.073,2.180,2.284,2.474,2.752,3.146,3.624,4.296,4.623,4.485,4.624,4.785,4.927,4.964,4.951,5.002,5.418,5.145,4.956,5.336,5.594,6.148,6.858,7.641
42,Female,1.309,1.370,1.428,1.482,1.531,1.578,1.616,1.658,1.706,1.761,1.816,1.878,1.945,2.004,2.099,2.196,2.335,2.577,2.935,3.435,3.955,4.466,4.349,4.470,4.588,4.745,4.800,4.780,4.761,5.040,5.354,4.751,5.029,5.379,5.779,6.517,7.010
43,Female,1.260,1.320,1.378,1.433,1.483,1.531,1.571,1.613,1.659,1.709,1.765,1.822,1.887,1.950,2.012,2.118,2.218,2.419,2.739,3.213,3.652,4.260,4.223,4.329,4.404,4.551,4.644,4.604,4.608,4.726,5.230,4.892,4.727,5.146,5.461,6.023,6.685
44,Female,1.217,1.270,1.329,1.385,1.437,1.482,1.527,1.568,1.613,1.660,1.714,1.769,1.830,1.894,1.939,2.031,2.126,2.278,2.564,2.995,3.456,3.918,4.092,4.196,4.240,4.339,4.481,4.465,4.442,4.548,4.776,5.208,4.495,4.858,5.258,5.663,6.351
45,Female,1.176,1.222,1.281,1.336,1.390,1.437,1.481,1.524,1.568,1.612,1.663,1.717,1.774,1.834,1.882,1.941,2.043,2.159,2.406,2.791,3.229,3.616,3.911,4.070,4.091,4.137,4.291,4.333,4.278,4.422,4.484,5.077,4.681,4.542,5.037,5.353,5.869
46,Female,1.134,1.181,1.231,1.289,1.342,1.392,1.435,1.481,1.524,1.566,1.614,1.668,1.721,1.777,1.821,1.864,1.953,2.064,2.265,2.609,3.006,3.417,3.595,3.941,3.951,3.961,4.063,4.189,4.146,4.252,4.371,4.542,5.104,4.298,4.760,5.154,5.514
47,Female,1.094,1.141,1.186,1.242,1.295,1.346,1.391,1.437,1.482,1.524,1.567,1.618,1.671,1.721,1.759,1.804,1.860,1.979,2.146,2.445,2.799,3.189,3.316,3.762,3.821,3.802,3.842,4.001,4.042,4.062,4.269,4.270,4.963,4.532,4.457,4.939,5.210
48,Female,1.054,1.099,1.145,1.193,1.250,1.299,1.346,1.391,1.440,1.482,1.523,1.570,1.624,1.669,1.699,1.740,1.781,1.887,2.050,2.297,2.612,2.965,3.137,3.453,3.693,3.655,3.653,3.759,3.920,3.921,4.094,4.221,4.345,5.034,4.224,4.668,5.015
49,Female,1.008,1.061,1.105,1.149,1.202,1.253,1.301,1.348,1.395,1.441,1.482,1.525,1.575,1.620,1.641,1.676,1.717,1.792,1.963,2.171,2.443,2.757,2.927,3.181,3.528,3.522,3.486,3.520,3.731,3.868,3.873,4.142,4.089,4.848,4.447,4.367,4.803
50,Female,0.958,1.021,1.064,1.108,1.154,1.208,1.255,1.303,1.350,1.399,1.440,1.481,1.528,1.573,1.587,1.614,1.652,1.712,1.870,2.069,2.292,2.569,2.720,3.005,3.263,3.397,3.332,3.321,3.477,3.768,3.724,3.963,4.102,4.186,4.930,4.133,4.535
51,Female,0.910,0.974,1.026,1.067,1.110,1.160,1.209,1.258,1.306,1.354,1.398,1.439,1.482,1.523,1.538,1.555,1.587,1.646,1.774,1.977,2.162,2.400,2.528,2.799,3.051,3.254,3.196,3.146,3.228,3.576,3.726,3.709,4.047,3.959,4.753,4.350,4.238
52,Female,0.867,0.924,0.985,1.026,1.068,1.113,1.164,1.212,1.261,1.307,1.355,1.397,1.437,1.476,1.491,1.502,1.526,1.582,1.691,1.879,2.057,2.247,2.356,2.598,2.913,3.056,3.077,2.986,3.016,3.337,3.644,3.552,3.863,4.018,4.113,4.816,4.008
53,Female,0.829,0.876,0.938,0.989,1.027,1.069,1.117,1.167,1.216,1.263,1.309,1.354,1.394,1.430,1.443,1.454,1.470,1.518,1.625,1.779,1.961,2.117,2.200,2.413,2.742,2.919,2.957,2.848,2.846,3.090,3.451,3.611,3.574,3.968,3.891,4.638,4.216
54,Female,0.800,0.834,0.888,0.948,0.987,1.027,1.070,1.122,1.170,1.218,1.264,1.310,1.351,1.384,1.399,1.411,1.420,1.458,1.559,1.692,1.860,2.010,2.058,2.246,2.559,2.831,2.830,2.736,2.682,2.891,3.232,3.547,3.410,3.784,3.945,4.013,4.665
55,Female,0.777,0.797,0.841,0.901,0.950,0.986,1.027,1.073,1.125,1.172,1.219,1.265,1.308,1.343,1.356,1.367,1.376,1.404,1.494,1.622,1.757,1.913,1.939,2.096,2.375,2.702,2.768,2.642,2.549,2.748,2.984,3.353,3.522,3.461,3.895,3.796,4.490
56,Female,0.751,0.768,0.800,0.851,0.909,0.947,0.984,1.027,1.080,1.126,1.173,1.219,1.265,1.300,1.316,1.328,1.339,1.358,1.431,1.552,1.668,1.811,1.841,1.961,2.208,2.533,2.731,2.585,2.434,2.593,2.803,3.150,3.476,3.312,3.719,3.844,3.879
57,Female,0.726,0.744,0.764,0.804,0.862,0.910,0.944,0.984,1.031,1.080,1.127,1.173,1.218,1.258,1.279,1.291,1.301,1.318,1.375,1.482,1.595,1.707,1.752,1.845,2.065,2.348,2.644,2.600,2.363,2.456,2.685,2.900,3.278,3.462,3.410,3.793,3.663
58,Female,0.700,0.717,0.734,0.764,0.812,0.868,0.905,0.942,0.985,1.036,1.081,1.128,1.172,1.215,1.241,1.255,1.266,1.283,1.327,1.416,1.522,1.616,1.657,1.751,1.948,2.176,2.492,2.616,2.379,2.317,2.543,2.733,3.090,3.414,3.262,3.617,3.704
59,Female,0.673,0.691,0.708,0.728,0.766,0.821,0.867,0.900,0.942,0.988,1.036,1.082,1.128,1.171,1.202,1.222,1.233,1.247,1.284,1.357,1.450,1.542,1.559,1.665,1.847,2.043,2.304,2.571,2.445,2.270,2.395,2.640,2.835,3.219,3.400,3.314,3.649
60,Female,0.643,0.664,0.681,0.697,0.726,0.770,0.824,0.860,0.900,0.943,0.993,1.039,1.084,1.126,1.163,1.189,1.202,1.215,1.245,1.304,1.381,1.466,1.475,1.572,1.752,1.949,2.129,2.435,2.500,2.300,2.232,2.510,2.681,3.041,3.351,3.166,3.472
61,Female,0.616,0.635,0.653,0.669,0.688,0.723,0.776,0.821,0.858,0.903,0.948,0.996,1.041,1.085,1.121,1.153,1.173,1.184,1.206,1.258,1.318,1.392,1.404,1.478,1.657,1.859,2.006,2.246,2.486,2.335,2.210,2.351,2.612,2.776,3.156,3.289,3.173
62,Female,0.589,0.604,0.624,0.641,0.656,0.683,0.724,0.778,0.816,0.862,0.904,0.955,0.998,1.042,1.081,1.118,1.144,1.154,1.170,1.215,1.262,1.321,1.332,1.394,1.552,1.757,1.935,2.068,2.365,2.375,2.241,2.161,2.491,2.646,2.982,3.232,3.022
63,Female,0.559,0.576,0.593,0.611,0.627,0.645,0.678,0.728,0.776,0.820,0.865,0.909,0.956,1.001,1.041,1.080,1.111,1.126,1.135,1.171,1.212,1.255,1.261,1.323,1.448,1.647,1.855,1.954,2.170,2.366,2.238,2.164,2.319,2.580,2.720,3.036,3.130
64,Female,0.528,0.547,0.562,0.581,0.597,0.612,0.637,0.677,0.731,0.779,0.823,0.865,0.915,0.957,1.001,1.039,1.077,1.096,1.101,1.130,1.165,1.197,1.193,1.251,1.358,1.524,1.747,1.908,1.978,2.242,2.259,2.194,2.101,2.469,2.582,2.856,3.063
65,Female,0.495,0.516,0.532,0.549,0.566,0.581,0.599,0.630,0.681,0.737,0.781,0.823,0.868,0.914,0.960,1.000,1.039,1.062,1.069,1.091,1.117,1.143,1.129,1.179,1.280,1.407,1.623,1.838,1.884,2.007,2.252,2.153,2.126,2.271,2.502,2.595,2.866
66,Female,0.463,0.485,0.503,0.518,0.535,0.550,0.565,0.589,0.627,0.686,0.731,0.775,0.816,0.863,0.907,0.950,0.988,1.025,1.033,1.046,1.067,1.094,1.090,1.094,1.170,1.263,1.418,1.633,1.780,1.790,2.068,2.101,2.082,1.996,2.342,2.431,2.691
67,Female,0.430,0.453,0.472,0.487,0.503,0.519,0.534,0.551,0.581,0.630,0.684,0.725,0.766,0.809,0.854,0.899,0.938,0.975,0.999,1.004,1.022,1.039,1.055,1.032,1.067,1.147,1.251,1.433,1.623,1.674,1.799,2.037,1.966,1.959,2.109,2.316,2.429
68,Female,0.396,0.420,0.440,0.457,0.471,0.487,0.502,0.516,0.540,0.576,0.631,0.675,0.715,0.755,0.802,0.845,0.886,0.922,0.958,0.966,0.974,0.987,1.004,0.992,0.986,1.044,1.120,1.248,1.437,1.576,1.599,1.865,1.911,1.912,1.846,2.160,2.265
69,Female,0.364,0.386,0.407,0.425,0.439,0.454,0.469,0.484,0.500,0.529,0.575,0.625,0.664,0.704,0.746,0.790,0.832,0.869,0.905,0.927,0.930,0.940,0.949,0.955,0.926,0.949,1.012,1.097,1.256,1.433,1.490,1.616,1.846,1.798,1.805,1.935,2.150
70,Female,0.331,0.352,0.373,0.392,0.408,0.420,0.437,0.450,0.464,0.487,0.522,0.572,0.612,0.652,0.690,0.736,0.776,0.814,0.850,0.883,0.887,0.890,0.896,0.905,0.885,0.872,0.918,0.978,1.090,1.264,1.398,1.431,1.683,1.741,1.754,1.687,1.994
71,Female,0.299,0.319,0.339,0.358,0.375,0.388,0.402,0.416,0.431,0.447,0.474,0.516,0.562,0.599,0.637,0.678,0.719,0.758,0.794,0.827,0.845,0.843,0.847,0.849,0.848,0.815,0.829,0.880,0.954,1.100,1.266,1.328,1.453,1.674,1.642,1.641,1.779
72,Female,0.268,0.287,0.305,0.324,0.342,0.356,0.368,0.383,0.396,0.410,0.432,0.463,0.510,0.547,0.585,0.622,0.663,0.700,0.737,0.770,0.798,0.798,0.797,0.797,0.798,0.775,0.758,0.795,0.847,0.951,1.111,1.239,1.280,1.518,1.581,1.585,1.541
73,Female,0.237,0.256,0.273,0.291,0.308,0.323,0.336,0.349,0.362,0.376,0.392,0.416,0.455,0.497,0.532,0.568,0.605,0.642,0.680,0.713,0.741,0.754,0.749,0.748,0.744,0.738,0.706,0.715,0.759,0.829,0.963,1.117,1.180,1.303,1.511,1.474,1.490
74,Female,0.206,0.225,0.242,0.258,0.275,0.290,0.304,0.315,0.329,0.342,0.355,0.375,0.403,0.445,0.480,0.515,0.548,0.586,0.621,0.655,0.682,0.706,0.703,0.697,0.693,0.690,0.667,0.651,0.682,0.732,0.828,0.975,1.096,1.141,1.363,1.411,1.429
75,Female,0.177,0.196,0.212,0.227,0.243,0.258,0.272,0.283,0.295,0.308,0.321,0.335,0.357,0.391,0.430,0.463,0.495,0.528,0.563,0.597,0.625,0.648,0.658,0.650,0.646,0.639,0.631,0.602,0.611,0.653,0.718,0.841,0.982,1.046,1.162,1.339,1.320
76,Female,0.148,0.168,0.184,0.198,0.212,0.227,0.240,0.252,0.262,0.275,0.287,0.299,0.316,0.342,0.380,0.412,0.443,0.472,0.507,0.539,0.568,0.590,0.609,0.605,0.598,0.592,0.587,0.567,0.553,0.583,0.631,0.718,0.852,0.965,1.010,1.199,1.254
77,Female,0.122,0.141,0.157,0.171,0.184,0.197,0.210,0.222,0.232,0.243,0.255,0.266,0.279,0.298,0.330,0.364,0.392,0.421,0.451,0.481,0.511,0.535,0.554,0.561,0.552,0.547,0.541,0.534,0.510,0.520,0.559,0.619,0.729,0.858,0.919,1.014,1.181
78,Female,0.100,0.116,0.132,0.145,0.157,0.169,0.182,0.193,0.204,0.213,0.224,0.234,0.245,0.261,0.284,0.316,0.344,0.371,0.397,0.428,0.455,0.480,0.499,0.514,0.510,0.503,0.497,0.494,0.477,0.469,0.497,0.540,0.619,0.739,0.841,0.875,1.047
79,Female,0.082,0.094,0.109,0.122,0.133,0.144,0.155,0.166,0.176,0.185,0.195,0.204,0.214,0.226,0.243,0.270,0.299,0.323,0.348,0.374,0.401,0.426,0.446,0.462,0.468,0.461,0.457,0.452,0.447,0.429,0.440,0.476,0.529,0.627,0.741,0.789,0.878
80,Female,0.067,0.075,0.088,0.100,0.111,0.121,0.130,0.140,0.150,0.159,0.167,0.176,0.185,0.194,0.208,0.228,0.255,0.278,0.301,0.324,0.350,0.373,0.394,0.411,0.424,0.422,0.417,0.414,0.411,0.400,0.394,0.420,0.458,0.528,0.632,0.714,0.748
81,Female,0.054,0.060,0.069,0.081,0.091,0.099,0.108,0.117,0.126,0.134,0.142,0.150,0.158,0.167,0.177,0.192,0.213,0.236,0.258,0.279,0.301,0.323,0.345,0.362,0.377,0.383,0.379,0.377,0.374,0.371,0.358,0.368,0.400,0.446,0.531,0.622,0.666
82,Female,0.042,0.048,0.054,0.064,0.073,0.081,0.089,0.096,0.104,0.112,0.120,0.126,0.133,0.141,0.149,0.161,0.176,0.198,0.217,0.237,0.256,0.277,0.297,0.315,0.330,0.342,0.341,0.338,0.337,0.337,0.328,0.325,0.347,0.380,0.439,0.521,0.593
83,Female,0.032,0.037,0.042,0.049,0.057,0.065,0.072,0.078,0.085,0.092,0.099,0.104,0.111,0.117,0.125,0.133,0.145,0.161,0.180,0.198,0.215,0.233,0.251,0.269,0.284,0.297,0.303,0.301,0.300,0.299,0.298,0.288,0.298,0.324,0.363,0.428,0.505
84,Female,0.025,0.028,0.033,0.037,0.044,0.051,0.057,0.062,0.068,0.074,0.080,0.085,0.090,0.096,0.103,0.109,0.118,0.130,0.147,0.162,0.177,0.193,0.210,0.226,0.241,0.253,0.263,0.264,0.263,0.263,0.264,0.258,0.257,0.275,0.303,0.344,0.413
85,Female,0.020,0.021,0.025,0.028,0.033,0.039,0.044,0.048,0.053,0.059,0.064,0.068,0.072,0.078,0.083,0.089,0.095,0.104,0.116,0.131,0.144,0.158,0.171,0.186,0.200,0.212,0.223,0.229,0.228,0.228,0.229,0.229,0.222,0.231,0.252,0.276,0.330
86,Female,0.016,0.016,0.018,0.021,0.024,0.028,0.033,0.037,0.041,0.045,0.049,0.054,0.057,0.061,0.066,0.071,0.076,0.082,0.091,0.103,0.115,0.126,0.138,0.151,0.163,0.175,0.185,0.194,0.195,0.195,0.196,0.197,0.194,0.194,0.209,0.221,0.258
87,Female,0.013,0.012,0.013,0.015,0.018,0.020,0.024,0.028,0.031,0.034,0.038,0.041,0.045,0.048,0.051,0.055,0.060,0.064,0.070,0.080,0.090,0.100,0.110,0.120,0.131,0.141,0.151,0.159,0.163,0.164,0.165,0.166,0.167,0.163,0.170,0.177,0.200
88,Female,0.011,0.009,0.010,0.011,0.013,0.015,0.018,0.021,0.023,0.026,0.029,0.031,0.034,0.037,0.040,0.043,0.046,0.049,0.054,0.060,0.069,0.077,0.085,0.093,0.103,0.112,0.120,0.128,0.134,0.136,0.137,0.138,0.140,0.138,0.138,0.141,0.155
89,Female,0.008,0.008,0.007,0.008,0.009,0.011,0.012,0.015,0.017,0.019,0.021,0.023,0.026,0.028,0.030,0.033,0.035,0.038,0.041,0.045,0.051,0.059,0.065,0.072,0.079,0.087,0.094,0.101,0.107,0.110,0.111,0.113,0.114,0.115,0.113,0.110,0.120
90,Female,0.006,0.006,0.005,0.005,0.006,0.007,0.009,0.010,0.012,0.014,0.015,0.017,0.019,0.020,0.022,0.024,0.026,0.028,0.031,0.033,0.038,0.043,0.048,0.054,0.060,0.066,0.072,0.078,0.083,0.088,0.089,0.091,0.091,0.093,0.092,0.086,0.091
91,Female,0.004,0.004,0.004,0.004,0.004,0.005,0.006,0.007,0.008,0.010,0.011,0.012,0.013,0.015,0.016,0.018,0.019,0.021,0.023,0.024,0.027,0.031,0.035,0.039,0.044,0.049,0.054,0.059,0.063,0.067,0.070,0.071,0.072,0.074,0.074,0.067,0.069
92,Female,0.003,0.003,0.003,0.003,0.003,0.003,0.004,0.005,0.006,0.007,0.007,0.008,0.009,0.010,0.011,0.013,0.014,0.015,0.016,0.018,0.020,0.022,0.025,0.028,0.032,0.035,0.039,0.043,0.047,0.050,0.054,0.055,0.056,0.057,0.058,0.052,0.051
93,Female,0.002,0.002,0.002,0.002,0.002,0.002,0.003,0.003,0.004,0.004,0.005,0.006,0.006,0.007,0.008,0.009,0.009,0.010,0.011,0.012,0.014,0.015,0.018,0.020,0.023,0.025,0.028,0.031,0.034,0.037,0.040,0.041,0.042,0.043,0.044,0.040,0.039
94,Female,0.001,0.001,0.001,0.001,0.001,0.001,0.002,0.002,0.002,0.003,0.003,0.004,0.004,0.005,0.005,0.006,0.006,0.007,0.008,0.008,0.009,0.010,0.012,0.014,0.016,0.018,0.020,0.022,0.024,0.026,0.028,0.030,0.031,0.032,0.032,0.030,0.028
95,Female,0.001,0.001,0.001,0.001,0.001,0.001,0.001,0.001,0.001,0.002,0.002,0.002,0.003,0.003,0.003,0.004,0.004,0.005,0.005,0.006,0.006,0.007,0.008,0.009,0.010,0.012,0.013,0.015,0.017,0.018,0.020,0.021,0.022,0.023,0.023,0.021,0.021
96,Female,0.001,0.001,0.001,0.001,0.001,0.001,0.001,0.001,0.001,0.001,0.001,0.001,0.002,0.002,0.002,0.002,0.003,0.003,0.003,0.004,0.004,0.004,0.005,0.006,0.007,0.008,0.009,0.010,0.011,0.012,0.013,0.015,0.016,0.016,0.016,0.015,0.015
97,Female,0.001,0.000,0.000,0.000,0.000,0.000,0.000,0.000,0.001,0.001,0.001,0.001,0.001,0.001,0.001,0.002,0.002,0.002,0.002,0.002,0.003,0.003,0.003,0.004,0.004,0.005,0.006,0.006,0.007,0.008,0.009,0.010,0.010,0.011,0.011,0.010,0.010
98,Female,0.001,0.000,0.000,0.000,0.000,0.000,0.000,0.000,0.000,0.000,0.000,0.000,0.001,0.001,0.001,0.001,0.001,0.001,0.001,0.001,0.002,0.002,0.002,0.002,0.003,0.003,0.003,0.004,0.004,0.005,0.006,0.006,0.007,0.007,0.007,0.007,0.006
99,Female,0.000,0.000,0.000,0.000,0.000,0.000,0.000,0.000,0.000,0.000,0.000,0.000,0.000,0.000,0.000,0.001,0.001,0.001,0.001,0.001,0.001,0.001,0.001,0.001,0.002,0.002,0.002,0.002,0.003,0.003,0.003,0.004,0.004,0.005,0.005,0.004,0.004
100,Female,0.000,0.000,0.000,0.000,0.000,0.000,0.000,0.000,0.000,0.000,0.000,0.000,0.000,0.000,0.000,0.000,0.000,0.000,0.000,0.000,0.001,0.001,0.001,0.001,0.001,0.002,0.002,0.002,0.003,0.004,0.004,0.004,0.005,0.007,0.007,0.006,0.006
