Age,Sex,2006.0,2007.0,2008.0,2009.0,2010.0,2011.0,2012.0,2013.0,2014.0,2015.0,2016.0,2017.0,2018.0,2019.0,2020.0,2021.0,2022.0,2023.0
0,Female,46.08,46.68,46.97,48.01,49.7,50.44,52.53,54.11,55.61,57.2,58.7,60.2,61.39,62.54,62.79,61.39,65.86,66.95
0,Male,43.01,43.6,44.68,45.76,46.9,47.61,48.84,50.06,51.32,52.62,53.71,54.92,55.98,57.11,56.92,55.15,60.11,61.19
1,Female,48.64,49.13,49.26,50.15,51.72,52.29,54.29,55.79,57.25,58.82,60.3,61.79,62.95,64.06,64.23,62.7,67.25,68.3
1,Male,45.92,46.41,47.39,48.33,49.32,49.84,50.95,52.07,53.28,54.54,55.6,56.79,57.82,58.9,58.62,56.68,61.77,62.8
2,Female,48.36,48.81,48.88,49.72,51.25,51.77,53.74,55.21,56.67,58.22,59.7,61.18,62.34,63.45,63.61,62.07,66.63,67.68
2,Male,45.58,46.04,46.98,47.88,48.82,49.29,50.37,51.47,52.66,53.91,54.97,56.14,57.17,58.24,57.94,55.98,61.08,62.12
3,Female,47.81,48.23,48.28,49.07,50.58,51.07,53.02,54.47,55.92,57.47,58.94,60.42,61.58,62.68,62.84,61.29,65.86,66.9
3,Male,45.04,45.48,46.39,47.25,48.16,48.6,49.65,50.74,51.92,53.16,54.21,55.38,56.4,57.47,57.16,55.18,60.28,61.32
4,Female,47.1,47.51,47.53,48.3,49.79,50.26,52.2,53.64,55.08,56.63,58.1,59.58,60.73,61.84,62.0,60.44,65.01,66.05
4,Male,44.35,44.77,45.66,46.51,47.4,47.81,48.85,49.92,51.1,52.33,53.38,54.55,55.56,56.63,56.31,54.32,59.42,60.46
5,Female,46.29,46.69,46.7,47.46,48.94,49.39,51.33,52.76,54.2,55.74,57.21,58.69,59.84,60.95,61.11,59.55,64.12,65.16
5,Male,43.57,43.98,44.86,45.69,46.56,46.97,47.99,49.05,50.23,51.46,52.51,53.67,54.68,55.74,55.42,53.42,58.52,59.56
6,Female,45.44,45.83,45.82,46.58,48.04,48.48,50.42,51.84,53.29,54.83,56.29,57.77,58.93,60.03,60.19,58.63,63.21,64.24
6,Male,42.72,43.13,44.0,44.82,45.69,46.08,47.09,48.15,49.32,50.55,51.59,52.75,53.76,54.82,54.5,52.5,57.6,58.64
7,Female,44.56,44.94,44.92,45.68,47.13,47.56,49.5,50.92,52.36,53.9,55.36,56.84,58.0,59.1,59.26,57.69,62.27,63.31
7,Male,41.85,42.26,43.12,43.93,44.79,45.17,46.18,47.23,48.4,49.62,50.67,51.83,52.83,53.89,53.56,51.56,56.66,57.7
8,Female,43.66,44.04,44.01,44.76,46.21,46.63,48.57,49.98,51.43,52.96,54.42,55.9,57.06,58.16,58.32,56.75,61.33,62.37
8,Male,40.97,41.37,42.23,43.03,43.88,44.25,45.26,46.31,47.47,48.69,49.74,50.89,51.9,52.96,52.62,50.62,55.72,56.76
9,Female,42.76,43.13,43.09,43.84,45.29,45.7,47.63,49.05,50.48,52.02,53.48,54.95,56.11,57.22,57.37,55.8,60.38,61.42
9,Male,40.07,40.46,41.32,42.12,42.96,43.32,44.32,45.37,46.54,47.75,48.8,49.95,50.96,52.01,51.68,49.67,54.77,55.81
10,Female,41.84,42.22,42.16,42.92,44.36,44.76,46.7,48.1,49.54,51.07,52.53,54.01,55.16,56.27,56.42,54.84,59.43,60.46
10,Male,39.16,39.55,40.4,41.2,42.03,42.39,43.39,44.43,45.59,46.81,47.85,49.0,50.01,51.06,50.73,48.71,53.82,54.86
11,Female,40.93,41.3,41.24,41.99,43.43,43.82,45.76,47.16,48.6,50.12,51.58,53.05,54.21,55.31,55.46,53.89,58.48,59.51
11,Male,38.25,38.63,39.48,40.27,41.1,41.45,42.45,43.49,44.65,45.86,46.9,48.05,49.06,50.11,49.77,47.76,52.87,53.9
12,Female,40.01,40.38,40.31,41.06,42.49,42.88,44.81,46.21,47.65,49.18,50.63,52.1,53.26,54.36,54.51,52.93,57.52,58.55
12,Male,37.34,37.72,38.56,39.35,40.17,40.52,41.51,42.54,43.7,44.91,45.96,47.11,48.11,49.16,48.82,46.8,51.91,52.95
13,Female,39.1,39.46,39.38,40.14,41.56,41.94,43.88,45.27,46.71,48.23,49.68,51.15,52.31,53.41,53.55,51.97,56.56,57.59
13,Male,36.42,36.8,37.64,38.42,39.24,39.59,40.57,41.6,42.76,43.97,45.01,46.16,47.16,48.21,47.87,45.85,50.96,52.0
14,Female,38.19,38.55,38.46,39.22,40.64,41.01,42.94,44.34,45.77,47.29,48.74,50.21,51.36,52.46,52.6,51.02,55.61,56.64
14,Male,35.52,35.89,36.73,37.5,38.32,38.66,39.64,40.67,41.82,43.03,44.07,45.22,46.22,47.27,46.92,44.89,50.01,51.05
15,Female,37.3,37.65,37.56,38.32,39.72,40.09,42.02,43.41,44.84,46.36,47.8,49.27,50.42,51.52,51.66,50.07,54.66,55.69
15,Male,34.62,34.99,35.82,36.59,37.4,37.73,38.71,39.74,40.89,42.1,43.13,44.28,45.28,46.33,45.98,43.95,49.07,50.1
16,Female,36.42,36.77,36.67,37.43,38.83,39.18,41.12,42.5,43.92,45.44,46.88,48.34,49.49,50.59,50.72,49.13,53.72,54.74
16,Male,33.73,34.1,34.93,35.7,36.5,36.82,37.8,38.82,39.97,41.17,42.21,43.35,44.35,45.4,45.05,43.01,48.13,49.16
17,Female,35.55,35.91,35.79,36.55,37.95,38.29,40.22,41.6,43.02,44.53,45.96,47.42,48.57,49.66,49.79,48.19,52.79,53.81
17,Male,32.86,33.23,34.05,34.81,35.61,35.93,36.89,37.91,39.06,40.26,41.3,42.44,43.44,44.48,44.13,42.08,47.21,48.24
18,Female,34.71,35.06,34.93,35.7,37.08,37.41,39.35,40.72,42.13,43.63,45.06,46.52,47.66,48.75,48.87,47.26,51.86,52.87
18,Male,32.01,32.37,33.19,33.94,34.74,35.05,36.01,37.02,38.17,39.37,40.4,41.54,42.54,43.58,43.22,41.17,46.3,47.33
19,Female,33.89,34.23,34.09,34.86,36.24,36.55,38.49,39.85,41.26,42.75,44.17,45.62,46.76,47.84,47.96,46.34,50.94,51.95
19,Male,31.18,31.53,32.35,33.1,33.88,34.19,35.14,36.15,37.29,38.49,39.52,40.65,41.65,42.69,42.33,40.26,45.4,46.43
20,Female,33.09,33.43,33.28,34.05,35.42,35.72,37.65,39.0,40.4,41.88,43.3,44.74,45.87,46.95,47.06,45.43,50.02,51.03
20,Male,30.37,30.72,31.53,32.27,33.05,33.34,34.29,35.29,36.43,37.62,38.65,39.78,40.78,41.81,41.44,39.37,44.51,45.54
21,Female,32.31,32.65,32.49,33.26,34.62,34.91,36.83,38.17,39.56,41.03,42.44,43.87,44.99,46.06,46.16,44.52,49.12,50.11
21,Male,29.57,29.92,30.72,31.46,32.23,32.51,33.45,34.45,35.58,36.77,37.79,38.92,39.91,40.94,40.57,38.48,43.63,44.65
22,Female,31.55,31.89,31.72,32.49,33.83,34.11,36.02,37.35,38.73,40.19,41.58,43.0,44.12,45.18,45.27,43.62,48.21,49.2
22,Male,28.8,29.14,29.94,30.66,31.42,31.7,32.63,33.62,34.75,35.93,36.94,38.07,39.06,40.08,39.71,37.6,42.76,43.78
23,Female,30.82,31.15,30.98,31.75,33.07,33.34,35.24,36.56,37.92,39.36,40.74,42.15,43.26,44.31,44.39,42.72,47.31,48.3
23,Male,28.05,28.39,29.18,29.89,30.64,30.91,31.83,32.82,33.93,35.11,36.12,37.23,38.22,39.24,38.85,36.73,41.9,42.91
24,Female,30.12,30.44,30.27,31.03,32.34,32.59,34.47,35.78,37.13,38.55,39.92,41.31,42.4,43.45,43.51,41.83,46.42,47.39
24,Male,27.33,27.65,28.44,29.14,29.88,30.13,31.05,32.02,33.13,34.3,35.3,36.41,37.39,38.4,38.0,35.87,41.05,42.05
25,Female,29.44,29.76,29.58,30.34,31.63,31.87,33.73,35.02,36.35,37.76,39.11,40.48,41.56,42.59,42.63,40.94,45.53,46.49
25,Male,26.63,26.95,27.72,28.41,29.14,29.38,30.29,31.25,32.35,33.5,34.5,35.6,36.58,37.57,37.16,35.03,40.2,41.19
26,Female,28.79,29.11,28.93,29.67,30.94,31.18,33.01,34.28,35.59,36.98,38.31,39.67,40.73,41.75,41.76,40.07,44.65,45.6
26,Male,25.95,26.26,27.02,27.7,28.42,28.65,29.54,30.5,31.59,32.73,33.71,34.8,35.77,36.76,36.31,34.19,39.35,40.34
27,Female,28.17,28.48,28.31,29.04,30.29,30.53,32.32,33.56,34.86,36.22,37.53,38.86,39.91,40.91,40.9,39.21,43.77,44.71
27,Male,25.3,25.6,26.35,27.02,27.72,27.94,28.82,29.76,30.84,31.97,32.94,34.02,34.98,35.95,35.47,33.37,38.52,39.49
28,Female,27.58,27.88,27.72,28.43,29.66,29.89,31.65,32.87,34.14,35.48,36.76,38.07,39.1,40.09,40.04,38.36,42.9,43.82
28,Male,24.67,24.97,25.7,26.35,27.04,27.26,28.12,29.04,30.11,31.22,32.19,33.25,34.2,35.15,34.64,32.56,37.69,38.64
29,Female,27.01,27.31,27.16,27.84,29.05,29.28,30.99,32.19,33.43,34.74,36.01,37.29,38.3,39.27,39.18,37.52,42.03,42.94
29,Male,24.07,24.36,25.07,25.71,26.38,26.59,27.44,28.35,29.39,30.49,31.45,32.49,33.43,34.37,33.81,31.77,36.86,37.81
30,Female,26.47,26.76,26.62,27.28,28.47,28.7,30.36,31.53,32.75,34.03,35.27,36.52,37.51,38.46,38.34,36.68,41.17,42.06
30,Male,23.49,23.77,24.47,25.09,25.74,25.95,26.78,27.67,28.7,29.78,30.72,31.75,32.67,33.59,32.99,30.98,36.04,36.97
31,Female,25.94,26.22,26.1,26.74,27.9,28.13,29.74,30.88,32.07,33.32,34.54,35.76,36.73,37.65,37.5,35.85,40.31,41.19
31,Male,22.93,23.21,23.88,24.49,25.13,25.33,26.14,27.02,28.03,29.08,30.01,31.02,31.93,32.83,32.18,30.21,35.23,36.15
32,Female,25.43,25.7,25.6,26.21,27.35,27.58,29.14,30.24,31.41,32.63,33.81,35.01,35.96,36.86,36.67,35.03,39.45,40.32
32,Male,22.4,22.66,23.32,23.91,24.54,24.73,25.52,26.38,27.37,28.4,29.31,30.3,31.19,32.07,31.39,29.44,34.43,35.33
33,Female,24.93,25.2,25.11,25.7,26.81,27.05,28.55,29.62,30.76,31.95,33.1,34.27,35.19,36.07,35.84,34.21,38.61,39.46
33,Male,21.89,22.15,22.78,23.36,23.96,24.15,24.92,25.76,26.73,27.74,28.63,29.59,30.47,31.33,30.6,28.69,33.63,34.52
34,Female,24.45,24.71,24.65,25.2,26.29,26.54,27.97,29.01,30.12,31.28,32.4,33.54,34.43,35.29,35.03,33.41,37.76,38.6
34,Male,21.4,21.65,22.27,22.82,23.41,23.59,24.34,25.16,26.1,27.09,27.97,28.9,29.76,30.6,29.82,27.95,32.84,33.71
35,Female,23.98,24.23,24.2,24.72,25.79,26.04,27.41,28.42,29.5,30.62,31.71,32.81,33.68,34.51,34.22,32.61,36.92,37.74
35,Male,20.94,21.18,21.77,22.31,22.88,23.06,23.79,24.58,25.5,26.47,27.33,28.23,29.07,29.88,29.05,27.22,32.06,32.91
36,Female,23.54,23.78,23.77,24.26,25.3,25.56,26.87,27.85,28.89,29.97,31.03,32.1,32.94,33.75,33.42,31.82,36.09,36.89
36,Male,20.5,20.74,21.31,21.83,22.38,22.55,23.26,24.03,24.92,25.86,26.7,27.58,28.39,29.17,28.3,26.51,31.29,32.12
37,Female,23.11,23.34,23.36,23.81,24.83,25.1,26.34,27.28,28.29,29.34,30.37,31.4,32.21,32.99,32.63,31.04,35.27,36.05
37,Male,20.09,20.32,20.86,21.36,21.89,22.06,22.75,23.5,24.36,25.27,26.09,26.93,27.72,28.48,27.56,25.82,30.53,31.34
38,Female,22.68,22.91,22.95,23.38,24.37,24.64,25.82,26.72,27.7,28.71,29.71,30.7,31.48,32.24,31.85,30.27,34.45,35.21
38,Male,19.69,19.92,20.43,20.91,21.42,21.6,22.26,22.98,23.82,24.69,25.49,26.3,27.07,27.8,26.84,25.14,29.78,30.57
39,Female,22.26,22.48,22.55,22.94,23.9,24.19,25.3,26.17,27.11,28.09,29.05,30.01,30.77,31.5,31.08,29.51,33.64,34.38
39,Male,19.31,19.53,20.02,20.48,20.97,21.15,21.78,22.48,23.29,24.13,24.9,25.69,26.43,27.12,26.12,24.47,29.04,29.8
40,Female,21.84,22.06,22.15,22.51,23.45,23.75,24.79,25.63,26.53,27.47,28.4,29.32,30.05,30.76,30.31,28.76,32.83,33.55
40,Male,18.94,19.15,19.62,20.06,20.53,20.71,21.31,21.99,22.77,23.58,24.33,25.08,25.8,26.46,25.42,23.82,28.3,29.04
41,Female,21.42,21.63,21.75,22.08,22.99,23.29,24.27,25.08,25.95,26.86,27.76,28.64,29.34,30.02,29.55,28.01,32.02,32.72
41,Male,18.58,18.79,19.23,19.65,20.1,20.28,20.86,21.52,22.26,23.04,23.77,24.48,25.17,25.81,24.73,23.19,27.58,28.29
42,Female,21.01,21.21,21.35,21.65,22.54,22.85,23.77,24.54,25.38,26.25,27.12,27.97,28.64,29.29,28.8,27.28,31.23,31.9
42,Male,18.23,18.43,18.84,19.25,19.68,19.86,20.42,21.04,21.76,22.51,23.21,23.89,24.56,25.16,24.05,22.57,26.86,27.55
43,Female,20.58,20.77,20.94,21.21,22.07,22.39,23.25,23.99,24.8,25.64,26.48,27.29,27.94,28.57,28.05,26.55,30.43,31.09
43,Male,17.87,18.07,18.45,18.84,19.26,19.44,19.97,20.58,21.26,21.98,22.66,23.31,23.95,24.53,23.38,21.96,26.15,26.81
44,Female,20.15,20.34,20.52,20.77,21.61,21.93,22.74,23.45,24.23,25.03,25.84,26.62,27.24,27.85,27.31,25.83,29.64,30.28
44,Male,17.52,17.71,18.07,18.45,18.84,19.02,19.54,20.12,20.77,21.46,22.12,22.73,23.35,23.89,22.72,21.36,25.44,26.09
45,Female,19.72,19.91,20.11,20.33,21.15,21.48,22.23,22.91,23.66,24.43,25.21,25.95,26.55,27.13,26.58,25.11,28.86,29.48
45,Male,17.17,17.36,17.7,18.05,18.44,18.61,19.11,19.66,20.29,20.94,21.58,22.16,22.75,23.27,22.07,20.77,24.75,25.37
46,Female,19.29,19.47,19.69,19.89,20.69,21.02,21.73,22.38,23.1,23.83,24.58,25.29,25.86,26.42,25.85,24.41,28.08,28.68
46,Male,16.83,17.01,17.33,17.67,18.03,18.21,18.68,19.22,19.81,20.44,21.05,21.6,22.16,22.66,21.44,20.2,24.06,24.66
47,Female,18.87,19.04,19.28,19.46,20.23,20.57,21.22,21.85,22.54,23.24,23.95,24.64,25.18,25.71,25.14,23.72,27.31,27.89
47,Male,16.49,16.67,16.96,17.29,17.63,17.82,18.27,18.78,19.35,19.94,20.53,21.05,21.58,22.05,20.81,19.64,23.38,23.95
48,Female,18.44,18.61,18.87,19.03,19.77,20.12,20.73,21.32,21.98,22.65,23.34,23.99,24.51,25.02,24.43,23.04,26.54,27.1
48,Male,16.15,16.32,16.6,16.91,17.24,17.43,17.85,18.34,18.88,19.45,20.01,20.5,21.01,21.45,20.2,19.09,22.72,23.26
49,Female,18.02,18.19,18.45,18.6,19.32,19.67,20.23,20.8,21.43,22.07,22.73,23.34,23.84,24.32,23.72,22.36,25.79,26.32
49,Male,15.81,15.98,16.24,16.53,16.85,17.04,17.45,17.91,18.43,18.96,19.51,19.97,20.45,20.86,19.6,18.55,22.06,22.58
50,Female,17.6,17.76,18.04,18.17,18.87,19.22,19.74,20.29,20.89,21.5,22.12,22.71,23.18,23.64,23.03,21.7,25.04,25.55
50,Male,15.48,15.64,15.88,16.16,16.47,16.65,17.04,17.49,17.97,18.48,19.0,19.44,19.89,20.28,19.01,18.02,21.41,21.91
51,Female,17.17,17.34,17.63,17.74,18.41,18.77,19.25,19.77,20.34,20.92,21.52,22.08,22.52,22.96,22.35,21.05,24.3,24.79
51,Male,15.15,15.31,15.53,15.8,16.09,16.28,16.64,17.07,17.53,18.01,18.51,18.91,19.35,19.71,18.43,17.5,20.77,21.25
52,Female,16.76,16.91,17.21,17.32,17.97,18.33,18.76,19.26,19.8,20.36,20.93,21.45,21.87,22.29,21.67,20.41,23.56,24.04
52,Male,14.82,14.97,15.17,15.43,15.71,15.9,16.25,16.65,17.09,17.54,18.02,18.4,18.81,19.15,17.86,16.98,20.14,20.6
53,Female,16.33,16.49,16.79,16.88,17.51,17.87,18.27,18.74,19.26,19.79,20.33,20.83,21.23,21.63,21.01,19.78,22.84,23.29
53,Male,14.48,14.63,14.82,15.06,15.33,15.51,15.85,16.23,16.65,17.07,17.53,17.88,18.27,18.59,17.3,16.47,19.52,19.95
54,Female,15.91,16.06,16.37,16.45,17.05,17.41,17.78,18.23,18.72,19.22,19.74,20.21,20.59,20.97,20.35,19.15,22.12,22.55
54,Male,14.13,14.28,14.45,14.69,14.94,15.13,15.44,15.81,16.2,16.61,17.04,17.37,17.74,18.03,16.74,15.97,18.91,19.32
55,Female,15.48,15.63,15.95,16.01,16.6,16.95,17.29,17.72,18.19,18.66,19.15,19.6,19.96,20.31,19.69,18.53,21.4,21.82
55,Male,13.78,13.93,14.09,14.31,14.55,14.74,15.04,15.39,15.76,16.14,16.56,16.86,17.21,17.49,16.2,15.47,18.31,18.69
56,Female,15.06,15.2,15.52,15.58,16.14,16.49,16.8,17.21,17.65,18.1,18.57,18.99,19.33,19.66,19.05,17.92,20.7,21.09
56,Male,13.44,13.58,13.73,13.94,14.17,14.35,14.64,14.97,15.32,15.68,16.07,16.36,16.69,16.94,15.66,14.97,17.71,18.08
57,Female,14.64,14.78,15.1,15.15,15.69,16.03,16.32,16.7,17.12,17.55,17.99,18.39,18.7,19.02,18.41,17.31,20.0,20.38
57,Male,13.08,13.22,13.36,13.56,13.78,13.96,14.24,14.55,14.88,15.22,15.59,15.86,16.17,16.41,15.13,14.48,17.13,17.47
58,Female,14.22,14.36,14.68,14.72,15.24,15.58,15.84,16.2,16.6,17.0,17.42,17.79,18.09,18.39,17.78,16.72,19.31,19.67
58,Male,12.73,12.86,12.99,13.19,13.4,13.58,13.83,14.13,14.44,14.76,15.12,15.37,15.65,15.88,14.61,13.99,16.55,16.87
59,Female,13.81,13.94,14.26,14.29,14.79,15.12,15.36,15.7,16.08,16.46,16.85,17.2,17.48,17.76,17.16,16.13,18.64,18.97
59,Male,12.38,12.51,12.63,12.81,13.02,13.19,13.44,13.72,14.01,14.31,14.65,14.88,15.15,15.36,14.11,13.52,15.99,16.29
60,Female,13.4,13.53,13.85,13.87,14.35,14.68,14.89,15.21,15.57,15.92,16.29,16.62,16.88,17.15,16.55,15.55,17.97,18.28
60,Male,12.04,12.17,12.28,12.45,12.65,12.82,13.05,13.32,13.59,13.87,14.19,14.41,14.66,14.85,13.62,13.05,15.44,15.72
61,Female,13.0,13.12,13.43,13.46,13.9,14.22,14.41,14.72,15.06,15.39,15.74,16.05,16.3,16.55,15.96,14.99,17.32,17.61
61,Male,11.72,11.84,11.95,12.12,12.3,12.47,12.69,12.94,13.19,13.46,13.76,13.95,14.19,14.37,13.16,12.61,14.9,15.17
62,Female,12.61,12.73,13.04,13.06,13.48,13.79,13.96,14.25,14.56,14.88,15.21,15.49,15.72,15.95,15.38,14.43,16.67,16.95
62,Male,11.41,11.53,11.63,11.79,11.96,12.13,12.33,12.57,12.81,13.05,13.33,13.51,13.73,13.89,12.71,12.18,14.38,14.63
63,Female,12.24,12.35,12.65,12.66,13.06,13.36,13.52,13.79,14.08,14.37,14.68,14.95,15.16,15.38,14.82,13.89,16.05,16.31
63,Male,11.12,11.23,11.32,11.47,11.64,11.8,11.99,12.21,12.43,12.65,12.92,13.08,13.28,13.43,12.28,11.76,13.88,14.11
64,Female,11.88,11.99,12.27,12.29,12.66,12.94,13.08,13.34,13.61,13.88,14.17,14.41,14.61,14.82,14.27,13.37,15.44,15.68
64,Male,10.84,10.95,11.03,11.17,11.33,11.48,11.66,11.87,12.07,12.27,12.52,12.66,12.85,12.98,11.87,11.36,13.4,13.61
65,Female,11.55,11.65,11.92,11.93,12.28,12.55,12.67,12.91,13.16,13.41,13.67,13.9,14.08,14.27,13.74,12.86,14.85,15.07
65,Male,10.58,10.68,10.76,10.89,11.03,11.18,11.35,11.54,11.72,11.91,12.13,12.26,12.43,12.55,11.47,10.97,12.93,13.12
66,Female,11.23,11.33,11.59,11.6,11.91,12.17,12.28,12.49,12.72,12.96,13.2,13.41,13.57,13.75,13.23,12.37,14.28,14.48
66,Male,10.33,10.43,10.5,10.62,10.75,10.9,11.05,11.22,11.39,11.56,11.76,11.88,12.03,12.14,11.09,10.6,12.48,12.65
67,Female,10.92,11.02,11.26,11.26,11.55,11.79,11.89,12.08,12.29,12.51,12.73,12.91,13.07,13.22,12.72,11.88,13.71,13.89
67,Male,10.07,10.17,10.23,10.34,10.47,10.6,10.74,10.9,11.05,11.2,11.38,11.49,11.62,11.72,10.72,10.23,12.03,12.18
68,Female,10.61,10.7,10.92,10.93,11.19,11.41,11.5,11.68,11.87,12.06,12.26,12.43,12.57,12.71,12.23,11.39,13.15,13.32
68,Male,9.8,9.89,9.95,10.06,10.17,10.3,10.42,10.56,10.7,10.84,11.0,11.1,11.22,11.31,10.34,9.87,11.58,11.72
69,Female,10.29,10.38,10.58,10.59,10.83,11.03,11.11,11.27,11.44,11.61,11.79,11.94,12.07,12.2,11.74,10.92,12.6,12.75
69,Male,9.52,9.61,9.66,9.76,9.87,9.98,10.1,10.22,10.34,10.47,10.61,10.7,10.81,10.89,9.96,9.5,11.14,11.26
70,Female,9.98,10.06,10.24,10.26,10.47,10.65,10.72,10.86,11.01,11.17,11.33,11.46,11.58,11.7,11.25,10.44,12.05,12.19
70,Male,9.24,9.32,9.37,9.46,9.55,9.66,9.76,9.88,9.98,10.09,10.22,10.3,10.4,10.47,9.59,9.13,10.69,10.8
71,Female,9.66,9.73,9.9,9.91,10.1,10.26,10.32,10.45,10.59,10.73,10.87,10.99,11.1,11.2,10.78,9.98,11.52,11.64
71,Male,8.95,9.02,9.07,9.16,9.24,9.34,9.43,9.53,9.63,9.72,9.84,9.91,9.99,10.06,9.21,8.77,10.26,10.35
72,Female,9.34,9.41,9.56,9.58,9.74,9.88,9.94,10.05,10.17,10.29,10.42,10.52,10.62,10.71,10.3,9.51,11.0,11.1
72,Male,8.66,8.72,8.77,8.84,8.92,9.01,9.09,9.18,9.26,9.35,9.45,9.51,9.59,9.65,8.84,8.41,9.83,9.91
73,Female,9.02,9.08,9.22,9.23,9.37,9.5,9.55,9.65,9.75,9.86,9.97,10.06,10.15,10.23,9.84,9.06,10.49,10.58
73,Male,8.36,8.42,8.46,8.53,8.6,8.68,8.75,8.83,8.9,8.98,9.06,9.12,9.19,9.24,8.47,8.05,9.4,9.47
74,Female,8.7,8.76,8.87,8.89,9.01,9.12,9.16,9.25,9.34,9.43,9.53,9.61,9.68,9.76,9.38,8.61,9.98,10.06
74,Male,8.05,8.11,8.15,8.21,8.27,8.34,8.41,8.47,8.54,8.6,8.68,8.73,8.79,8.83,8.09,7.69,8.98,9.04
75,Female,8.37,8.42,8.52,8.54,8.64,8.73,8.78,8.85,8.93,9.01,9.09,9.16,9.23,9.29,8.93,8.16,9.49,9.56
75,Male,7.74,7.79,7.83,7.88,7.94,8.0,8.05,8.11,8.17,8.23,8.29,8.33,8.39,8.43,7.72,7.33,8.56,8.62
76,Female,8.04,8.09,8.16,8.19,8.27,8.35,8.39,8.45,8.52,8.59,8.65,8.72,8.77,8.83,8.47,7.72,9.0,9.07
76,Male,7.42,7.46,7.5,7.55,7.6,7.65,7.7,7.75,7.8,7.85,7.9,7.94,7.99,8.03,7.34,6.98,8.15,8.2
77,Female,7.69,7.74,7.8,7.83,7.9,7.96,8.0,8.05,8.11,8.17,8.22,8.28,8.33,8.38,8.02,7.28,8.53,8.58
77,Male,7.09,7.13,7.17,7.21,7.25,7.3,7.34,7.38,7.43,7.47,7.52,7.55,7.59,7.63,6.97,6.62,7.74,7.79
78,Female,7.34,7.38,7.43,7.46,7.51,7.56,7.6,7.65,7.69,7.74,7.79,7.84,7.88,7.93,7.56,6.85,8.06,8.1
78,Male,6.75,6.79,6.82,6.86,6.9,6.94,6.97,7.01,7.05,7.09,7.13,7.16,7.2,7.23,6.59,6.26,7.34,7.37
79,Female,6.97,7.01,7.05,7.08,7.12,7.16,7.2,7.24,7.28,7.32,7.36,7.4,7.44,7.48,7.11,6.41,7.6,7.63
79,Male,6.41,6.44,6.48,6.51,6.54,6.58,6.61,6.64,6.68,6.71,6.74,6.78,6.81,6.84,6.21,5.91,6.94,6.97
80,Female,6.58,6.61,6.65,6.68,6.72,6.75,6.79,6.82,6.86,6.89,6.93,6.97,7.0,7.04,6.65,5.98,7.14,7.17
80,Male,6.06,6.09,6.12,6.15,6.18,6.21,6.24,6.27,6.3,6.33,6.36,6.39,6.42,6.45,5.82,5.55,6.54,6.57
81,Female,6.18,6.21,6.24,6.28,6.31,6.34,6.37,6.4,6.44,6.47,6.5,6.54,6.57,6.6,6.18,5.56,6.7,6.73
81,Male,5.7,5.73,5.76,5.79,5.81,5.84,5.87,5.9,5.93,5.96,5.98,6.01,6.04,6.07,5.43,5.19,6.15,6.18
82,Female,5.79,5.82,5.85,5.88,5.91,5.94,5.97,6.0,6.02,6.06,6.09,6.12,6.15,6.18,5.73,5.14,6.27,6.29
82,Male,5.36,5.38,5.41,5.44,5.46,5.49,5.51,5.54,5.57,5.59,5.62,5.65,5.67,5.7,5.05,4.84,5.78,5.8
83,Female,5.43,5.45,5.48,5.51,5.54,5.56,5.59,5.62,5.64,5.67,5.7,5.73,5.76,5.78,5.29,4.75,5.87,5.89
83,Male,5.04,5.06,5.09,5.11,5.13,5.16,5.18,5.21,5.23,5.26,5.28,5.31,5.33,5.35,4.67,4.51,5.43,5.45
84,Female,5.09,5.11,5.14,5.16,5.19,5.21,5.24,5.26,5.29,5.31,5.34,5.37,5.39,5.42,4.87,4.38,5.49,5.51
84,Male,4.74,4.76,4.78,4.8,4.83,4.85,4.87,4.89,4.91,4.94,4.96,4.98,5.01,5.03,4.31,4.19,5.09,5.12
85,Female,4.77,4.79,4.82,4.84,4.86,4.89,4.91,4.93,4.96,4.98,5.0,5.03,5.05,5.07,4.5,4.04,5.14,5.16
85,Male,4.46,4.48,4.5,4.52,4.54,4.56,4.58,4.6,4.62,4.64,4.66,4.68,4.71,4.73,3.98,3.89,4.79,4.81
86,Female,4.48,4.5,4.52,4.54,4.56,4.58,4.6,4.62,4.64,4.67,4.69,4.71,4.73,4.75,4.17,3.73,4.81,4.83
86,Male,4.19,4.21,4.23,4.25,4.27,4.29,4.31,4.32,4.34,4.36,4.38,4.4,4.42,4.44,3.69,3.62,4.49,4.51
87,Female,4.2,4.22,4.24,4.26,4.28,4.3,4.32,4.34,4.36,4.38,4.4,4.41,4.43,4.45,3.88,3.45,4.51,4.53
87,Male,3.95,3.97,3.98,4.0,4.02,4.03,4.05,4.07,4.08,4.1,4.12,4.14,4.15,4.17,3.43,3.36,4.22,4.24
88,Female,3.95,3.96,3.98,4.0,4.01,4.03,4.05,4.07,4.08,4.1,4.12,4.14,4.16,4.17,3.61,3.2,4.22,4.24
88,Male,3.72,3.73,3.75,3.76,3.78,3.79,3.81,3.83,3.84,3.86,3.87,3.89,3.91,3.92,3.19,3.13,3.97,3.98
89,Female,3.7,3.72,3.74,3.75,3.77,3.78,3.8,3.81,3.83,3.85,3.86,3.88,3.89,3.91,3.37,2.97,3.96,3.97
89,Male,3.5,3.52,3.53,3.54,3.56,3.57,3.59,3.6,3.61,3.63,3.64,3.66,3.67,3.69,2.98,2.91,3.73,3.74
90,Female,3.48,3.49,3.5,3.52,3.53,3.55,3.56,3.58,3.59,3.61,3.62,3.63,3.65,3.66,3.15,2.76,3.71,3.72
90,Male,3.3,3.31,3.32,3.34,3.35,3.36,3.37,3.39,3.4,3.41,3.43,3.44,3.45,3.46,2.78,2.7,3.5,3.51
91,Female,3.27,3.29,3.3,3.31,3.32,3.34,3.35,3.36,3.37,3.39,3.4,3.41,3.43,3.44,2.95,2.57,3.48,3.49
91,Male,3.11,3.12,3.14,3.15,3.16,3.17,3.18,3.19,3.2,3.21,3.23,3.24,3.25,3.26,2.59,2.52,3.29,3.3
92,Female,3.07,3.08,3.09,3.1,3.12,3.13,3.14,3.15,3.16,3.17,3.19,3.2,3.21,3.22,2.75,2.39,3.25,3.26
92,Male,2.93,2.94,2.95,2.96,2.97,2.98,2.99,3.0,3.01,3.03,3.04,3.05,3.06,3.07,2.42,2.34,3.1,3.11
93,Female,2.89,2.9,2.91,2.92,2.93,2.94,2.95,2.96,2.97,2.98,2.99,3.0,3.01,3.02,2.57,2.23,3.05,3.06
93,Male,2.77,2.78,2.79,2.8,2.81,2.82,2.83,2.84,2.84,2.85,2.86,2.87,2.88,2.89,2.26,2.19,2.92,2.93
94,Female,2.72,2.73,2.74,2.74,2.75,2.76,2.77,2.78,2.79,2.8,2.81,2.82,2.83,2.84,2.41,2.09,2.86,2.87
94,Male,2.62,2.63,2.64,2.65,2.66,2.66,2.67,2.68,2.69,2.7,2.71,2.72,2.72,2.73,2.12,2.05,2.76,2.77
95,Female,2.56,2.57,2.58,2.59,2.59,2.6,2.61,2.62,2.63,2.64,2.64,2.65,2.66,2.67,2.26,1.95,2.69,2.7
95,Male,2.49,2.49,2.5,2.51,2.52,2.52,2.53,2.54,2.55,2.56,2.56,2.57,2.58,2.59,1.99,1.92,2.61,2.62
96,Female,2.42,2.43,2.44,2.44,2.45,2.46,2.47,2.47,2.48,2.49,2.5,2.5,2.51,2.52,2.13,1.84,2.54,2.55
96,Male,2.36,2.37,2.38,2.38,2.39,2.4,2.4,2.41,2.42,2.43,2.43,2.44,2.45,2.45,1.87,1.8,2.48,2.48
97,Female,2.29,2.3,2.31,2.31,2.32,2.33,2.33,2.34,2.35,2.35,2.36,2.37,2.37,2.38,2.0,1.73,2.4,2.4
97,Male,2.25,2.26,2.26,2.27,2.27,2.28,2.29,2.29,2.3,2.31,2.31,2.32,2.33,2.33,1.75,1.69,2.35,2.36
98,Female,2.17,2.18,2.19,2.19,2.2,2.2,2.21,2.22,2.22,2.23,2.23,2.24,2.24,2.25,1.89,1.63,2.27,2.27
98,Male,2.14,2.15,2.15,2.16,2.17,2.17,2.18,2.18,2.19,2.19,2.2,2.21,2.21,2.22,1.65,1.59,2.23,2.24
99,Female,2.06,2.06,2.07,2.07,2.08,2.08,2.09,2.09,2.1,2.1,2.11,2.11,2.12,2.12,1.79,1.54,2.14,2.14
99,Male,2.04,2.04,2.05,2.05,2.06,2.06,2.07,2.07,2.08,2.08,2.09,2.1,2.1,2.11,1.55,1.5,2.12,2.13
100,Female,1.96,1.96,1.97,1.97,1.97,1.98,1.98,1.99,1.99,2.0,2.0,2.01,2.01,2.02,1.7,1.48,2.03,2.03
100,Male,1.95,1.95,1.96,1.96,1.97,1.97,1.98,1.98,1.98,1.99,1.99,2.0,2.0,2.01,1.48,1.43,2.02,2.03
